{"type": "FeatureCollection", "features": [{"type": "Feature", "properties": {"name": "p0", "val": 0}, "geometry": {"type": "Point", "coordinates": [-180, -90]}}, {"type": "Feature", "properties": {"name": "p1", "val": 1}, "geometry": {"type": "Point", "coordinates": [-179, -89]}}, {"type": "Feature", "properties": {"name": "p2", "val": 2}, "geometry": {"type": "Point", "coordinates": [-178, -88]}}, {"type": "Feature", "properties": {"name": "p3", "val": 3}, "geometry": {"type": "Point", "coordinates": [-177, -87]}}, {"type": "Feature", "properties": {"name": "p4", "val": 4}, "geometry": {"type": "Point", "coordinates": [-176, -86]}}, {"type": "Feature", "properties": {"name": "p5", "val": 5}, "geometry": {"type": "Point", "coordinates": [-175, -85]}}, {"type": "Feature", "properties": {"name": "p6", "val": 6}, "geometry": {"type": "Point", "coordinates": [-174, -84]}}, {"type": "Feature", "properties": {"name": "p7", "val": 7}, "geometry": {"type": "Point", "coordinates": [-173, -83]}}, {"type": "Feature", "properties": {"name": "p8", "val": 8}, "geometry": {"type": "Point", "coordinates": [-172, -82]}}, {"type": "Feature", "properties": {"name": "p9", "val": 9}, "geometry": {"type": "Point", "coordinates": [-171, -81]}}, {"type": "Feature", "properties": {"name": "p10", "val": 10}, "geometry": {"type": "Point", "coordinates": [-170, -80]}}, {"type": "Feature", "properties": {"name": "p11", "val": 11}, "geometry": {"type": "Point", "coordinates": [-169, -79]}}, {"type": "Feature", "properties": {"name": "p12", "val": 12}, "geometry": {"type": "Point", "coordinates": [-168, -78]}}, {"type": "Feature", "properties": {"name": "p13", "val": 13}, "geometry": {"type": "Point", "coordinates": [-167, -77]}}, {"type": "Feature", "properties": {"name": "p14", "val": 14}, "geometry": {"type": "Point", "coordinates": [-166, -76]}}, {"type": "Feature", "properties": {"name": "p15", "val": 15}, "geometry": {"type": "Point", "coordinates": [-165, -75]}}, {"type": "Feature", "properties": {"name": "p16", "val": 16}, "geometry": {"type": "Point", "coordinates": [-164, -74]}}, {"type": "Feature", "properties": {"name": "p17", "val": 17}, "geometry": {"type": "Point", "coordinates": [-163, -73]}}, {"type": "Feature", "properties": {"name": "p18", "val": 18}, "geometry": {"type": "Point", "coordinates": [-162, -72]}}, {"type": "Feature", "properties": {"name": "p19", "val": 19}, "geometry": {"type": "Point", "coordinates": [-161, -71]}}, {"type": "Feature", "properties": {"name": "p20", "val": 20}, "geometry": {"type": "Point", "coordinates": [-160, -70]}}, {"type": "Feature", "properties": {"name": "p21", "val": 21}, "geometry": {"type": "Point", "coordinates": [-159, -69]}}, {"type": "Feature", "properties": {"name": "p22", "val": 22}, "geometry": {"type": "Point", "coordinates": [-158, -68]}}, {"type": "Feature", "properties": {"name": "p23", "val": 23}, "geometry": {"type": "Point", "coordinates": [-157, -67]}}, {"type": "Feature", "properties": {"name": "p24", "val": 24}, "geometry": {"type": "Point", "coordinates": [-156, -66]}}, {"type": "Feature", "properties": {"name": "p25", "val": 25}, "geometry": {"type": "Point", "coordinates": [-155, -65]}}, {"type": "Feature", "properties": {"name": "p26", "val": 26}, "geometry": {"type": "Point", "coordinates": [-154, -64]}}, {"type": "Feature", "properties": {"name": "p27", "val": 27}, "geometry": {"type": "Point", "coordinates": [-153, -63]}}, {"type": "Feature", "properties": {"name": "p28", "val": 28}, "geometry": {"type": "Point", "coordinates": [-152, -62]}}, {"type": "Feature", "properties": {"name": "p29", "val": 29}, "geometry": {"type": "Point", "coordinates": [-151, -61]}}, {"type": "Feature", "properties": {"name": "p30", "val": 30}, "geometry": {"type": "Point", "coordinates": [-150, -60]}}, {"type": "Feature", "properties": {"name": "p31", "val": 31}, "geometry": {"type": "Point", "coordinates": [-149, -59]}}, {"type": "Feature", "properties": {"name": "p32", "val": 32}, "geometry": {"type": "Point", "coordinates": [-148, -58]}}, {"type": "Feature", "properties": {"name": "p33", "val": 33}, "geometry": {"type": "Point", "coordinates": [-147, -57]}}, {"type": "Feature", "properties": {"name": "p34", "val": 34}, "geometry": {"type": "Point", "coordinates": [-146, -56]}}, {"type": "Feature", "properties": {"name": "p35", "val": 35}, "geometry": {"type": "Point", "coordinates": [-145, -55]}}, {"type": "Feature", "properties": {"name": "p36", "val": 36}, "geometry": {"type": "Point", "coordinates": [-144, -54]}}, {"type": "Feature", "properties": {"name": "p37", "val": 37}, "geometry": {"type": "Point", "coordinates": [-143, -53]}}, {"type": "Feature", "properties": {"name": "p38", "val": 38}, "geometry": {"type": "Point", "coordinates": [-142, -52]}}, {"type": "Feature", "properties": {"name": "p39", "val": 39}, "geometry": {"type": "Point", "coordinates": [-141, -51]}}, {"type": "Feature", "properties": {"name": "p40", "val": 40}, "geometry": {"type": "Point", "coordinates": [-140, -50]}}, {"type": "Feature", "properties": {"name": "p41", "val": 41}, "geometry": {"type": "Point", "coordinates": [-139, -49]}}, {"type": "Feature", "properties": {"name": "p42", "val": 42}, "geometry": {"type": "Point", "coordinates": [-138, -48]}}, {"type": "Feature", "properties": {"name": "p43", "val": 43}, "geometry": {"type": "Point", "coordinates": [-137, -47]}}, {"type": "Feature", "properties": {"name": "p44", "val": 44}, "geometry": {"type": "Point", "coordinates": [-136, -46]}}, {"type": "Feature", "properties": {"name": "p45", "val": 45}, "geometry": {"type": "Point", "coordinates": [-135, -45]}}, {"type": "Feature", "properties": {"name": "p46", "val": 46}, "geometry": {"type": "Point", "coordinates": [-134, -44]}}, {"type": "Feature", "properties": {"name": "p47", "val": 47}, "geometry": {"type": "Point", "coordinates": [-133, -43]}}, {"type": "Feature", "properties": {"name": "p48", "val": 48}, "geometry": {"type": "Point", "coordinates": [-132, -42]}}, {"type": "Feature", "properties": {"name": "p49", "val": 49}, "geometry": {"type": "Point", "coordinates": [-131, -41]}}, {"type": "Feature", "properties": {"name": "p50", "val": 50}, "geometry": {"type": "Point", "coordinates": [-130, -40]}}, {"type": "Feature", "properties": {"name": "p51", "val": 51}, "geometry": {"type": "Point", "coordinates": [-129, -39]}}, {"type": "Feature", "properties": {"name": "p52", "val": 52}, "geometry": {"type": "Point", "coordinates": [-128, -38]}}, {"type": "Feature", "properties": {"name": "p53", "val": 53}, "geometry": {"type": "Point", "coordinates": [-127, -37]}}, {"type": "Feature", "properties": {"name": "p54", "val": 54}, "geometry": {"type": "Point", "coordinates": [-126, -36]}}, {"type": "Feature", "properties": {"name": "p55", "val": 55}, "geometry": {"type": "Point", "coordinates": [-125, -35]}}, {"type": "Feature", "properties": {"name": "p56", "val": 56}, "geometry": {"type": "Point", "coordinates": [-124, -34]}}, {"type": "Feature", "properties": {"name": "p57", "val": 57}, "geometry": {"type": "Point", "coordinates": [-123, -33]}}, {"type": "Feature", "properties": {"name": "p58", "val": 58}, "geometry": {"type": "Point", "coordinates": [-122, -32]}}, {"type": "Feature", "properties": {"name": "p59", "val": 59}, "geometry": {"type": "Point", "coordinates": [-121, -31]}}, {"type": "Feature", "properties": {"name": "p60", "val": 60}, "geometry": {"type": "Point", "coordinates": [-120, -30]}}, {"type": "Feature", "properties": {"name": "p61", "val": 61}, "geometry": {"type": "Point", "coordinates": [-119, -29]}}, {"type": "Feature", "properties": {"name": "p62", "val": 62}, "geometry": {"type": "Point", "coordinates": [-118, -28]}}, {"type": "Feature", "properties": {"name": "p63", "val": 63}, "geometry": {"type": "Point", "coordinates": [-117, -27]}}, {"type": "Feature", "properties": {"name": "p64", "val": 64}, "geometry": {"type": "Point", "coordinates": [-116, -26]}}, {"type": "Feature", "properties": {"name": "p65", "val": 65}, "geometry": {"type": "Point", "coordinates": [-115, -25]}}, {"type": "Feature", "properties": {"name": "p66", "val": 66}, "geometry": {"type": "Point", "coordinates": [-114, -24]}}, {"type": "Feature", "properties": {"name": "p67", "val": 67}, "geometry": {"type": "Point", "coordinates": [-113, -23]}}, {"type": "Feature", "properties": {"name": "p68", "val": 68}, "geometry": {"type": "Point", "coordinates": [-112, -22]}}, {"type": "Feature", "properties": {"name": "p69", "val": 69}, "geometry": {"type": "Point", "coordinates": [-111, -21]}}, {"type": "Feature", "properties": {"name": "p70", "val": 70}, "geometry": {"type": "Point", "coordinates": [-110, -20]}}, {"type": "Feature", "properties": {"name": "p71", "val": 71}, "geometry": {"type": "Point", "coordinates": [-109, -19]}}, {"type": "Feature", "properties": {"name": "p72", "val": 72}, "geometry": {"type": "Point", "coordinates": [-108, -18]}}, {"type": "Feature", "properties": {"name": "p73", "val": 73}, "geometry": {"type": "Point", "coordinates": [-107, -17]}}, {"type": "Feature", "properties": {"name": "p74", "val": 74}, "geometry": {"type": "Point", "coordinates": [-106, -16]}}, {"type": "Feature", "properties": {"name": "p75", "val": 75}, "geometry": {"type": "Point", "coordinates": [-105, -15]}}, {"type": "Feature", "properties": {"name": "p76", "val": 76}, "geometry": {"type": "Point", "coordinates": [-104, -14]}}, {"type": "Feature", "properties": {"name": "p77", "val": 77}, "geometry": {"type": "Point", "coordinates": [-103, -13]}}, {"type": "Feature", "properties": {"name": "p78", "val": 78}, "geometry": {"type": "Point", "coordinates": [-102, -12]}}, {"type": "Feature", "properties": {"name": "p79", "val": 79}, "geometry": {"type": "Point", "coordinates": [-101, -11]}}, {"type": "Feature", "properties": {"name": "p80", "val": 80}, "geometry": {"type": "Point", "coordinates": [-100, -10]}}, {"type": "Feature", "properties": {"name": "p81", "val": 81}, "geometry": {"type": "Point", "coordinates": [-99, -9]}}, {"type": "Feature", "properties": {"name": "p82", "val": 82}, "geometry": {"type": "Point", "coordinates": [-98, -8]}}, {"type": "Feature", "properties": {"name": "p83", "val": 83}, "geometry": {"type": "Point", "coordinates": [-97, -7]}}, {"type": "Feature", "properties": {"name": "p84", "val": 84}, "geometry": {"type": "Point", "coordinates": [-96, -6]}}, {"type": "Feature", "properties": {"name": "p85", "val": 85}, "geometry": {"type": "Point", "coordinates": [-95, -5]}}, {"type": "Feature", "properties": {"name": "p86", "val": 86}, "geometry": {"type": "Point", "coordinates": [-94, -4]}}, {"type": "Feature", "properties": {"name": "p87", "val": 87}, "geometry": {"type": "Point", "coordinates": [-93, -3]}}, {"type": "Feature", "properties": {"name": "p88", "val": 88}, "geometry": {"type": "Point", "coordinates": [-92, -2]}}, {"type": "Feature", "properties": {"name": "p89", "val": 89}, "geometry": {"type": "Point", "coordinates": [-91, -1]}}, {"type": "Feature", "properties": {"name": "p90", "val": 90}, "geometry": {"type": "Point", "coordinates": [-90, 0]}}, {"type": "Feature", "properties": {"name": "p91", "val": 91}, "geometry": {"type": "Point", "coordinates": [-89, 1]}}, {"type": "Feature", "properties": {"name": "p92", "val": 92}, "geometry": {"type": "Point", "coordinates": [-88, 2]}}, {"type": "Feature", "properties": {"name": "p93", "val": 93}, "geometry": {"type": "Point", "coordinates": [-87, 3]}}, {"type": "Feature", "properties": {"name": "p94", "val": 94}, "geometry": {"type": "Point", "coordinates": [-86, 4]}}, {"type": "Feature", "properties": {"name": "p95", "val": 95}, "geometry": {"type": "Point", "coordinates": [-85, 5]}}, {"type": "Feature", "properties": {"name": "p96", "val": 96}, "geometry": {"type": "Point", "coordinates": [-84, 6]}}, {"type": "Feature", "properties": {"name": "p97", "val": 97}, "geometry": {"type": "Point", "coordinates": [-83, 7]}}, {"type": "Feature", "properties": {"name": "p98", "val": 98}, "geometry": {"type": "Point", "coordinates": [-82, 8]}}, {"type": "Feature", "properties": {"name": "p99", "val": 99}, "geometry": {"type": "Point", "coordinates": [-81, 9]}}, {"type": "Feature", "properties": {"name": "p100", "val": 100}, "geometry": {"type": "Point", "coordinates": [-80, 10]}}, {"type": "Feature", "properties": {"name": "p101", "val": 101}, "geometry": {"type": "Point", "coordinates": [-79, 11]}}, {"type": "Feature", "properties": {"name": "p102", "val": 102}, "geometry": {"type": "Point", "coordinates": [-78, 12]}}, {"type": "Feature", "properties": {"name": "p103", "val": 103}, "geometry": {"type": "Point", "coordinates": [-77, 13]}}, {"type": "Feature", "properties": {"name": "p104", "val": 104}, "geometry": {"type": "Point", "coordinates": [-76, 14]}}, {"type": "Feature", "properties": {"name": "p105", "val": 105}, "geometry": {"type": "Point", "coordinates": [-75, 15]}}, {"type": "Feature", "properties": {"name": "p106", "val": 106}, "geometry": {"type": "Point", "coordinates": [-74, 16]}}, {"type": "Feature", "properties": {"name": "p107", "val": 107}, "geometry": {"type": "Point", "coordinates": [-73, 17]}}, {"type": "Feature", "properties": {"name": "p108", "val": 108}, "geometry": {"type": "Point", "coordinates": [-72, 18]}}, {"type": "Feature", "properties": {"name": "p109", "val": 109}, "geometry": {"type": "Point", "coordinates": [-71, 19]}}, {"type": "Feature", "properties": {"name": "p110", "val": 110}, "geometry": {"type": "Point", "coordinates": [-70, 20]}}, {"type": "Feature", "properties": {"name": "p111", "val": 111}, "geometry": {"type": "Point", "coordinates": [-69, 21]}}, {"type": "Feature", "properties": {"name": "p112", "val": 112}, "geometry": {"type": "Point", "coordinates": [-68, 22]}}, {"type": "Feature", "properties": {"name": "p113", "val": 113}, "geometry": {"type": "Point", "coordinates": [-67, 23]}}, {"type": "Feature", "properties": {"name": "p114", "val": 114}, "geometry": {"type": "Point", "coordinates": [-66, 24]}}, {"type": "Feature", "properties": {"name": "p115", "val": 115}, "geometry": {"type": "Point", "coordinates": [-65, 25]}}, {"type": "Feature", "properties": {"name": "p116", "val": 116}, "geometry": {"type": "Point", "coordinates": [-64, 26]}}, {"type": "Feature", "properties": {"name": "p117", "val": 117}, "geometry": {"type": "Point", "coordinates": [-63, 27]}}, {"type": "Feature", "properties": {"name": "p118", "val": 118}, "geometry": {"type": "Point", "coordinates": [-62, 28]}}, {"type": "Feature", "properties": {"name": "p119", "val": 119}, "geometry": {"type": "Point", "coordinates": [-61, 29]}}, {"type": "Feature", "properties": {"name": "p120", "val": 120}, "geometry": {"type": "Point", "coordinates": [-60, 30]}}, {"type": "Feature", "properties": {"name": "p121", "val": 121}, "geometry": {"type": "Point", "coordinates": [-59, 31]}}, {"type": "Feature", "properties": {"name": "p122", "val": 122}, "geometry": {"type": "Point", "coordinates": [-58, 32]}}, {"type": "Feature", "properties": {"name": "p123", "val": 123}, "geometry": {"type": "Point", "coordinates": [-57, 33]}}, {"type": "Feature", "properties": {"name": "p124", "val": 124}, "geometry": {"type": "Point", "coordinates": [-56, 34]}}, {"type": "Feature", "properties": {"name": "p125", "val": 125}, "geometry": {"type": "Point", "coordinates": [-55, 35]}}, {"type": "Feature", "properties": {"name": "p126", "val": 126}, "geometry": {"type": "Point", "coordinates": [-54, 36]}}, {"type": "Feature", "properties": {"name": "p127", "val": 127}, "geometry": {"type": "Point", "coordinates": [-53, 37]}}, {"type": "Feature", "properties": {"name": "p128", "val": 128}, "geometry": {"type": "Point", "coordinates": [-52, 38]}}, {"type": "Feature", "properties": {"name": "p129", "val": 129}, "geometry": {"type": "Point", "coordinates": [-51, 39]}}, {"type": "Feature", "properties": {"name": "p130", "val": 130}, "geometry": {"type": "Point", "coordinates": [-50, 40]}}, {"type": "Feature", "properties": {"name": "p131", "val": 131}, "geometry": {"type": "Point", "coordinates": [-49, 41]}}, {"type": "Feature", "properties": {"name": "p132", "val": 132}, "geometry": {"type": "Point", "coordinates": [-48, 42]}}, {"type": "Feature", "properties": {"name": "p133", "val": 133}, "geometry": {"type": "Point", "coordinates": [-47, 43]}}, {"type": "Feature", "properties": {"name": "p134", "val": 134}, "geometry": {"type": "Point", "coordinates": [-46, 44]}}, {"type": "Feature", "properties": {"name": "p135", "val": 135}, "geometry": {"type": "Point", "coordinates": [-45, 45]}}, {"type": "Feature", "properties": {"name": "p136", "val": 136}, "geometry": {"type": "Point", "coordinates": [-44, 46]}}, {"type": "Feature", "properties": {"name": "p137", "val": 137}, "geometry": {"type": "Point", "coordinates": [-43, 47]}}, {"type": "Feature", "properties": {"name": "p138", "val": 138}, "geometry": {"type": "Point", "coordinates": [-42, 48]}}, {"type": "Feature", "properties": {"name": "p139", "val": 139}, "geometry": {"type": "Point", "coordinates": [-41, 49]}}, {"type": "Feature", "properties": {"name": "p140", "val": 140}, "geometry": {"type": "Point", "coordinates": [-40, 50]}}, {"type": "Feature", "properties": {"name": "p141", "val": 141}, "geometry": {"type": "Point", "coordinates": [-39, 51]}}, {"type": "Feature", "properties": {"name": "p142", "val": 142}, "geometry": {"type": "Point", "coordinates": [-38, 52]}}, {"type": "Feature", "properties": {"name": "p143", "val": 143}, "geometry": {"type": "Point", "coordinates": [-37, 53]}}, {"type": "Feature", "properties": {"name": "p144", "val": 144}, "geometry": {"type": "Point", "coordinates": [-36, 54]}}, {"type": "Feature", "properties": {"name": "p145", "val": 145}, "geometry": {"type": "Point", "coordinates": [-35, 55]}}, {"type": "Feature", "properties": {"name": "p146", "val": 146}, "geometry": {"type": "Point", "coordinates": [-34, 56]}}, {"type": "Feature", "properties": {"name": "p147", "val": 147}, "geometry": {"type": "Point", "coordinates": [-33, 57]}}, {"type": "Feature", "properties": {"name": "p148", "val": 148}, "geometry": {"type": "Point", "coordinates": [-32, 58]}}, {"type": "Feature", "properties": {"name": "p149", "val": 149}, "geometry": {"type": "Point", "coordinates": [-31, 59]}}, {"type": "Feature", "properties": {"name": "p150", "val": 150}, "geometry": {"type": "Point", "coordinates": [-30, 60]}}, {"type": "Feature", "properties": {"name": "p151", "val": 151}, "geometry": {"type": "Point", "coordinates": [-29, 61]}}, {"type": "Feature", "properties": {"name": "p152", "val": 152}, "geometry": {"type": "Point", "coordinates": [-28, 62]}}, {"type": "Feature", "properties": {"name": "p153", "val": 153}, "geometry": {"type": "Point", "coordinates": [-27, 63]}}, {"type": "Feature", "properties": {"name": "p154", "val": 154}, "geometry": {"type": "Point", "coordinates": [-26, 64]}}, {"type": "Feature", "properties": {"name": "p155", "val": 155}, "geometry": {"type": "Point", "coordinates": [-25, 65]}}, {"type": "Feature", "properties": {"name": "p156", "val": 156}, "geometry": {"type": "Point", "coordinates": [-24, 66]}}, {"type": "Feature", "properties": {"name": "p157", "val": 157}, "geometry": {"type": "Point", "coordinates": [-23, 67]}}, {"type": "Feature", "properties": {"name": "p158", "val": 158}, "geometry": {"type": "Point", "coordinates": [-22, 68]}}, {"type": "Feature", "properties": {"name": "p159", "val": 159}, "geometry": {"type": "Point", "coordinates": [-21, 69]}}, {"type": "Feature", "properties": {"name": "p160", "val": 160}, "geometry": {"type": "Point", "coordinates": [-20, 70]}}, {"type": "Feature", "properties": {"name": "p161", "val": 161}, "geometry": {"type": "Point", "coordinates": [-19, 71]}}, {"type": "Feature", "properties": {"name": "p162", "val": 162}, "geometry": {"type": "Point", "coordinates": [-18, 72]}}, {"type": "Feature", "properties": {"name": "p163", "val": 163}, "geometry": {"type": "Point", "coordinates": [-17, 73]}}, {"type": "Feature", "properties": {"name": "p164", "val": 164}, "geometry": {"type": "Point", "coordinates": [-16, 74]}}, {"type": "Feature", "properties": {"name": "p165", "val": 165}, "geometry": {"type": "Point", "coordinates": [-15, 75]}}, {"type": "Feature", "properties": {"name": "p166", "val": 166}, "geometry": {"type": "Point", "coordinates": [-14, 76]}}, {"type": "Feature", "properties": {"name": "p167", "val": 167}, "geometry": {"type": "Point", "coordinates": [-13, 77]}}, {"type": "Feature", "properties": {"name": "p168", "val": 168}, "geometry": {"type": "Point", "coordinates": [-12, 78]}}, {"type": "Feature", "properties": {"name": "p169", "val": 169}, "geometry": {"type": "Point", "coordinates": [-11, 79]}}, {"type": "Feature", "properties": {"name": "p170", "val": 170}, "geometry": {"type": "Point", "coordinates": [-10, 80]}}, {"type": "Feature", "properties": {"name": "p171", "val": 171}, "geometry": {"type": "Point", "coordinates": [-9, 81]}}, {"type": "Feature", "properties": {"name": "p172", "val": 172}, "geometry": {"type": "Point", "coordinates": [-8, 82]}}, {"type": "Feature", "properties": {"name": "p173", "val": 173}, "geometry": {"type": "Point", "coordinates": [-7, 83]}}, {"type": "Feature", "properties": {"name": "p174", "val": 174}, "geometry": {"type": "Point", "coordinates": [-6, 84]}}, {"type": "Feature", "properties": {"name": "p175", "val": 175}, "geometry": {"type": "Point", "coordinates": [-5, 85]}}, {"type": "Feature", "properties": {"name": "p176", "val": 176}, "geometry": {"type": "Point", "coordinates": [-4, 86]}}, {"type": "Feature", "properties": {"name": "p177", "val": 177}, "geometry": {"type": "Point", "coordinates": [-3, 87]}}, {"type": "Feature", "properties": {"name": "p178", "val": 178}, "geometry": {"type": "Point", "coordinates": [-2, 88]}}, {"type": "Feature", "properties": {"name": "p179", "val": 179}, "geometry": {"type": "Point", "coordinates": [-1, 89]}}, {"type": "Feature", "properties": {"name": "p180", "val": 180}, "geometry": {"type": "Point", "coordinates": [0, -90]}}, {"type": "Feature", "properties": {"name": "p181", "val": 181}, "geometry": {"type": "Point", "coordinates": [1, -89]}}, {"type": "Feature", "properties": {"name": "p182", "val": 182}, "geometry": {"type": "Point", "coordinates": [2, -88]}}, {"type": "Feature", "properties": {"name": "p183", "val": 183}, "geometry": {"type": "Point", "coordinates": [3, -87]}}, {"type": "Feature", "properties": {"name": "p184", "val": 184}, "geometry": {"type": "Point", "coordinates": [4, -86]}}, {"type": "Feature", "properties": {"name": "p185", "val": 185}, "geometry": {"type": "Point", "coordinates": [5, -85]}}, {"type": "Feature", "properties": {"name": "p186", "val": 186}, "geometry": {"type": "Point", "coordinates": [6, -84]}}, {"type": "Feature", "properties": {"name": "p187", "val": 187}, "geometry": {"type": "Point", "coordinates": [7, -83]}}, {"type": "Feature", "properties": {"name": "p188", "val": 188}, "geometry": {"type": "Point", "coordinates": [8, -82]}}, {"type": "Feature", "properties": {"name": "p189", "val": 189}, "geometry": {"type": "Point", "coordinates": [9, -81]}}, {"type": "Feature", "properties": {"name": "p190", "val": 190}, "geometry": {"type": "Point", "coordinates": [10, -80]}}, {"type": "Feature", "properties": {"name": "p191", "val": 191}, "geometry": {"type": "Point", "coordinates": [11, -79]}}, {"type": "Feature", "properties": {"name": "p192", "val": 192}, "geometry": {"type": "Point", "coordinates": [12, -78]}}, {"type": "Feature", "properties": {"name": "p193", "val": 193}, "geometry": {"type": "Point", "coordinates": [13, -77]}}, {"type": "Feature", "properties": {"name": "p194", "val": 194}, "geometry": {"type": "Point", "coordinates": [14, -76]}}, {"type": "Feature", "properties": {"name": "p195", "val": 195}, "geometry": {"type": "Point", "coordinates": [15, -75]}}, {"type": "Feature", "properties": {"name": "p196", "val": 196}, "geometry": {"type": "Point", "coordinates": [16, -74]}}, {"type": "Feature", "properties": {"name": "p197", "val": 197}, "geometry": {"type": "Point", "coordinates": [17, -73]}}, {"type": "Feature", "properties": {"name": "p198", "val": 198}, "geometry": {"type": "Point", "coordinates": [18, -72]}}, {"type": "Feature", "properties": {"name": "p199", "val": 199}, "geometry": {"type": "Point", "coordinates": [19, -71]}}, {"type": "Feature", "properties": {"name": "p200", "val": 200}, "geometry": {"type": "Point", "coordinates": [20, -70]}}, {"type": "Feature", "properties": {"name": "p201", "val": 201}, "geometry": {"type": "Point", "coordinates": [21, -69]}}, {"type": "Feature", "properties": {"name": "p202", "val": 202}, "geometry": {"type": "Point", "coordinates": [22, -68]}}, {"type": "Feature", "properties": {"name": "p203", "val": 203}, "geometry": {"type": "Point", "coordinates": [23, -67]}}, {"type": "Feature", "properties": {"name": "p204", "val": 204}, "geometry": {"type": "Point", "coordinates": [24, -66]}}, {"type": "Feature", "properties": {"name": "p205", "val": 205}, "geometry": {"type": "Point", "coordinates": [25, -65]}}, {"type": "Feature", "properties": {"name": "p206", "val": 206}, "geometry": {"type": "Point", "coordinates": [26, -64]}}, {"type": "Feature", "properties": {"name": "p207", "val": 207}, "geometry": {"type": "Point", "coordinates": [27, -63]}}, {"type": "Feature", "properties": {"name": "p208", "val": 208}, "geometry": {"type": "Point", "coordinates": [28, -62]}}, {"type": "Feature", "properties": {"name": "p209", "val": 209}, "geometry": {"type": "Point", "coordinates": [29, -61]}}, {"type": "Feature", "properties": {"name": "p210", "val": 210}, "geometry": {"type": "Point", "coordinates": [30, -60]}}, {"type": "Feature", "properties": {"name": "p211", "val": 211}, "geometry": {"type": "Point", "coordinates": [31, -59]}}, {"type": "Feature", "properties": {"name": "p212", "val": 212}, "geometry": {"type": "Point", "coordinates": [32, -58]}}, {"type": "Feature", "properties": {"name": "p213", "val": 213}, "geometry": {"type": "Point", "coordinates": [33, -57]}}, {"type": "Feature", "properties": {"name": "p214", "val": 214}, "geometry": {"type": "Point", "coordinates": [34, -56]}}, {"type": "Feature", "properties": {"name": "p215", "val": 215}, "geometry": {"type": "Point", "coordinates": [35, -55]}}, {"type": "Feature", "properties": {"name": "p216", "val": 216}, "geometry": {"type": "Point", "coordinates": [36, -54]}}, {"type": "Feature", "properties": {"name": "p217", "val": 217}, "geometry": {"type": "Point", "coordinates": [37, -53]}}, {"type": "Feature", "properties": {"name": "p218", "val": 218}, "geometry": {"type": "Point", "coordinates": [38, -52]}}, {"type": "Feature", "properties": {"name": "p219", "val": 219}, "geometry": {"type": "Point", "coordinates": [39, -51]}}, {"type": "Feature", "properties": {"name": "p220", "val": 220}, "geometry": {"type": "Point", "coordinates": [40, -50]}}, {"type": "Feature", "properties": {"name": "p221", "val": 221}, "geometry": {"type": "Point", "coordinates": [41, -49]}}, {"type": "Feature", "properties": {"name": "p222", "val": 222}, "geometry": {"type": "Point", "coordinates": [42, -48]}}, {"type": "Feature", "properties": {"name": "p223", "val": 223}, "geometry": {"type": "Point", "coordinates": [43, -47]}}, {"type": "Feature", "properties": {"name": "p224", "val": 224}, "geometry": {"type": "Point", "coordinates": [44, -46]}}, {"type": "Feature", "properties": {"name": "p225", "val": 225}, "geometry": {"type": "Point", "coordinates": [45, -45]}}, {"type": "Feature", "properties": {"name": "p226", "val": 226}, "geometry": {"type": "Point", "coordinates": [46, -44]}}, {"type": "Feature", "properties": {"name": "p227", "val": 227}, "geometry": {"type": "Point", "coordinates": [47, -43]}}, {"type": "Feature", "properties": {"name": "p228", "val": 228}, "geometry": {"type": "Point", "coordinates": [48, -42]}}, {"type": "Feature", "properties": {"name": "p229", "val": 229}, "geometry": {"type": "Point", "coordinates": [49, -41]}}, {"type": "Feature", "properties": {"name": "p230", "val": 230}, "geometry": {"type": "Point", "coordinates": [50, -40]}}, {"type": "Feature", "properties": {"name": "p231", "val": 231}, "geometry": {"type": "Point", "coordinates": [51, -39]}}, {"type": "Feature", "properties": {"name": "p232", "val": 232}, "geometry": {"type": "Point", "coordinates": [52, -38]}}, {"type": "Feature", "properties": {"name": "p233", "val": 233}, "geometry": {"type": "Point", "coordinates": [53, -37]}}, {"type": "Feature", "properties": {"name": "p234", "val": 234}, "geometry": {"type": "Point", "coordinates": [54, -36]}}, {"type": "Feature", "properties": {"name": "p235", "val": 235}, "geometry": {"type": "Point", "coordinates": [55, -35]}}, {"type": "Feature", "properties": {"name": "p236", "val": 236}, "geometry": {"type": "Point", "coordinates": [56, -34]}}, {"type": "Feature", "properties": {"name": "p237", "val": 237}, "geometry": {"type": "Point", "coordinates": [57, -33]}}, {"type": "Feature", "properties": {"name": "p238", "val": 238}, "geometry": {"type": "Point", "coordinates": [58, -32]}}, {"type": "Feature", "properties": {"name": "p239", "val": 239}, "geometry": {"type": "Point", "coordinates": [59, -31]}}, {"type": "Feature", "properties": {"name": "p240", "val": 240}, "geometry": {"type": "Point", "coordinates": [60, -30]}}, {"type": "Feature", "properties": {"name": "p241", "val": 241}, "geometry": {"type": "Point", "coordinates": [61, -29]}}, {"type": "Feature", "properties": {"name": "p242", "val": 242}, "geometry": {"type": "Point", "coordinates": [62, -28]}}, {"type": "Feature", "properties": {"name": "p243", "val": 243}, "geometry": {"type": "Point", "coordinates": [63, -27]}}, {"type": "Feature", "properties": {"name": "p244", "val": 244}, "geometry": {"type": "Point", "coordinates": [64, -26]}}, {"type": "Feature", "properties": {"name": "p245", "val": 245}, "geometry": {"type": "Point", "coordinates": [65, -25]}}, {"type": "Feature", "properties": {"name": "p246", "val": 246}, "geometry": {"type": "Point", "coordinates": [66, -24]}}, {"type": "Feature", "properties": {"name": "p247", "val": 247}, "geometry": {"type": "Point", "coordinates": [67, -23]}}, {"type": "Feature", "properties": {"name": "p248", "val": 248}, "geometry": {"type": "Point", "coordinates": [68, -22]}}, {"type": "Feature", "properties": {"name": "p249", "val": 249}, "geometry": {"type": "Point", "coordinates": [69, -21]}}, {"type": "Feature", "properties": {"name": "p250", "val": 250}, "geometry": {"type": "Point", "coordinates": [70, -20]}}, {"type": "Feature", "properties": {"name": "p251", "val": 251}, "geometry": {"type": "Point", "coordinates": [71, -19]}}, {"type": "Feature", "properties": {"name": "p252", "val": 252}, "geometry": {"type": "Point", "coordinates": [72, -18]}}, {"type": "Feature", "properties": {"name": "p253", "val": 253}, "geometry": {"type": "Point", "coordinates": [73, -17]}}, {"type": "Feature", "properties": {"name": "p254", "val": 254}, "geometry": {"type": "Point", "coordinates": [74, -16]}}, {"type": "Feature", "properties": {"name": "p255", "val": 255}, "geometry": {"type": "Point", "coordinates": [75, -15]}}, {"type": "Feature", "properties": {"name": "p256", "val": 256}, "geometry": {"type": "Point", "coordinates": [76, -14]}}, {"type": "Feature", "properties": {"name": "p257", "val": 257}, "geometry": {"type": "Point", "coordinates": [77, -13]}}, {"type": "Feature", "properties": {"name": "p258", "val": 258}, "geometry": {"type": "Point", "coordinates": [78, -12]}}, {"type": "Feature", "properties": {"name": "p259", "val": 259}, "geometry": {"type": "Point", "coordinates": [79, -11]}}, {"type": "Feature", "properties": {"name": "p260", "val": 260}, "geometry": {"type": "Point", "coordinates": [80, -10]}}, {"type": "Feature", "properties": {"name": "p261", "val": 261}, "geometry": {"type": "Point", "coordinates": [81, -9]}}, {"type": "Feature", "properties": {"name": "p262", "val": 262}, "geometry": {"type": "Point", "coordinates": [82, -8]}}, {"type": "Feature", "properties": {"name": "p263", "val": 263}, "geometry": {"type": "Point", "coordinates": [83, -7]}}, {"type": "Feature", "properties": {"name": "p264", "val": 264}, "geometry": {"type": "Point", "coordinates": [84, -6]}}, {"type": "Feature", "properties": {"name": "p265", "val": 265}, "geometry": {"type": "Point", "coordinates": [85, -5]}}, {"type": "Feature", "properties": {"name": "p266", "val": 266}, "geometry": {"type": "Point", "coordinates": [86, -4]}}, {"type": "Feature", "properties": {"name": "p267", "val": 267}, "geometry": {"type": "Point", "coordinates": [87, -3]}}, {"type": "Feature", "properties": {"name": "p268", "val": 268}, "geometry": {"type": "Point", "coordinates": [88, -2]}}, {"type": "Feature", "properties": {"name": "p269", "val": 269}, "geometry": {"type": "Point", "coordinates": [89, -1]}}, {"type": "Feature", "properties": {"name": "p270", "val": 270}, "geometry": {"type": "Point", "coordinates": [90, 0]}}, {"type": "Feature", "properties": {"name": "p271", "val": 271}, "geometry": {"type": "Point", "coordinates": [91, 1]}}, {"type": "Feature", "properties": {"name": "p272", "val": 272}, "geometry": {"type": "Point", "coordinates": [92, 2]}}, {"type": "Feature", "properties": {"name": "p273", "val": 273}, "geometry": {"type": "Point", "coordinates": [93, 3]}}, {"type": "Feature", "properties": {"name": "p274", "val": 274}, "geometry": {"type": "Point", "coordinates": [94, 4]}}, {"type": "Feature", "properties": {"name": "p275", "val": 275}, "geometry": {"type": "Point", "coordinates": [95, 5]}}, {"type": "Feature", "properties": {"name": "p276", "val": 276}, "geometry": {"type": "Point", "coordinates": [96, 6]}}, {"type": "Feature", "properties": {"name": "p277", "val": 277}, "geometry": {"type": "Point", "coordinates": [97, 7]}}, {"type": "Feature", "properties": {"name": "p278", "val": 278}, "geometry": {"type": "Point", "coordinates": [98, 8]}}, {"type": "Feature", "properties": {"name": "p279", "val": 279}, "geometry": {"type": "Point", "coordinates": [99, 9]}}, {"type": "Feature", "properties": {"name": "p280", "val": 280}, "geometry": {"type": "Point", "coordinates": [100, 10]}}, {"type": "Feature", "properties": {"name": "p281", "val": 281}, "geometry": {"type": "Point", "coordinates": [101, 11]}}, {"type": "Feature", "properties": {"name": "p282", "val": 282}, "geometry": {"type": "Point", "coordinates": [102, 12]}}, {"type": "Feature", "properties": {"name": "p283", "val": 283}, "geometry": {"type": "Point", "coordinates": [103, 13]}}, {"type": "Feature", "properties": {"name": "p284", "val": 284}, "geometry": {"type": "Point", "coordinates": [104, 14]}}, {"type": "Feature", "properties": {"name": "p285", "val": 285}, "geometry": {"type": "Point", "coordinates": [105, 15]}}, {"type": "Feature", "properties": {"name": "p286", "val": 286}, "geometry": {"type": "Point", "coordinates": [106, 16]}}, {"type": "Feature", "properties": {"name": "p287", "val": 287}, "geometry": {"type": "Point", "coordinates": [107, 17]}}, {"type": "Feature", "properties": {"name": "p288", "val": 288}, "geometry": {"type": "Point", "coordinates": [108, 18]}}, {"type": "Feature", "properties": {"name": "p289", "val": 289}, "geometry": {"type": "Point", "coordinates": [109, 19]}}, {"type": "Feature", "properties": {"name": "p290", "val": 290}, "geometry": {"type": "Point", "coordinates": [110, 20]}}, {"type": "Feature", "properties": {"name": "p291", "val": 291}, "geometry": {"type": "Point", "coordinates": [111, 21]}}, {"type": "Feature", "properties": {"name": "p292", "val": 292}, "geometry": {"type": "Point", "coordinates": [112, 22]}}, {"type": "Feature", "properties": {"name": "p293", "val": 293}, "geometry": {"type": "Point", "coordinates": [113, 23]}}, {"type": "Feature", "properties": {"name": "p294", "val": 294}, "geometry": {"type": "Point", "coordinates": [114, 24]}}, {"type": "Feature", "properties": {"name": "p295", "val": 295}, "geometry": {"type": "Point", "coordinates": [115, 25]}}, {"type": "Feature", "properties": {"name": "p296", "val": 296}, "geometry": {"type": "Point", "coordinates": [116, 26]}}, {"type": "Feature", "properties": {"name": "p297", "val": 297}, "geometry": {"type": "Point", "coordinates": [117, 27]}}, {"type": "Feature", "properties": {"name": "p298", "val": 298}, "geometry": {"type": "Point", "coordinates": [118, 28]}}, {"type": "Feature", "properties": {"name": "p299", "val": 299}, "geometry": {"type": "Point", "coordinates": [119, 29]}}, {"type": "Feature", "properties": {"name": "p300", "val": 300}, "geometry": {"type": "Point", "coordinates": [120, 30]}}, {"type": "Feature", "properties": {"name": "p301", "val": 301}, "geometry": {"type": "Point", "coordinates": [121, 31]}}, {"type": "Feature", "properties": {"name": "p302", "val": 302}, "geometry": {"type": "Point", "coordinates": [122, 32]}}, {"type": "Feature", "properties": {"name": "p303", "val": 303}, "geometry": {"type": "Point", "coordinates": [123, 33]}}, {"type": "Feature", "properties": {"name": "p304", "val": 304}, "geometry": {"type": "Point", "coordinates": [124, 34]}}, {"type": "Feature", "properties": {"name": "p305", "val": 305}, "geometry": {"type": "Point", "coordinates": [125, 35]}}, {"type": "Feature", "properties": {"name": "p306", "val": 306}, "geometry": {"type": "Point", "coordinates": [126, 36]}}, {"type": "Feature", "properties": {"name": "p307", "val": 307}, "geometry": {"type": "Point", "coordinates": [127, 37]}}, {"type": "Feature", "properties": {"name": "p308", "val": 308}, "geometry": {"type": "Point", "coordinates": [128, 38]}}, {"type": "Feature", "properties": {"name": "p309", "val": 309}, "geometry": {"type": "Point", "coordinates": [129, 39]}}, {"type": "Feature", "properties": {"name": "p310", "val": 310}, "geometry": {"type": "Point", "coordinates": [130, 40]}}, {"type": "Feature", "properties": {"name": "p311", "val": 311}, "geometry": {"type": "Point", "coordinates": [131, 41]}}, {"type": "Feature", "properties": {"name": "p312", "val": 312}, "geometry": {"type": "Point", "coordinates": [132, 42]}}, {"type": "Feature", "properties": {"name": "p313", "val": 313}, "geometry": {"type": "Point", "coordinates": [133, 43]}}, {"type": "Feature", "properties": {"name": "p314", "val": 314}, "geometry": {"type": "Point", "coordinates": [134, 44]}}, {"type": "Feature", "properties": {"name": "p315", "val": 315}, "geometry": {"type": "Point", "coordinates": [135, 45]}}, {"type": "Feature", "properties": {"name": "p316", "val": 316}, "geometry": {"type": "Point", "coordinates": [136, 46]}}, {"type": "Feature", "properties": {"name": "p317", "val": 317}, "geometry": {"type": "Point", "coordinates": [137, 47]}}, {"type": "Feature", "properties": {"name": "p318", "val": 318}, "geometry": {"type": "Point", "coordinates": [138, 48]}}, {"type": "Feature", "properties": {"name": "p319", "val": 319}, "geometry": {"type": "Point", "coordinates": [139, 49]}}, {"type": "Feature", "properties": {"name": "p320", "val": 320}, "geometry": {"type": "Point", "coordinates": [140, 50]}}, {"type": "Feature", "properties": {"name": "p321", "val": 321}, "geometry": {"type": "Point", "coordinates": [141, 51]}}, {"type": "Feature", "properties": {"name": "p322", "val": 322}, "geometry": {"type": "Point", "coordinates": [142, 52]}}, {"type": "Feature", "properties": {"name": "p323", "val": 323}, "geometry": {"type": "Point", "coordinates": [143, 53]}}, {"type": "Feature", "properties": {"name": "p324", "val": 324}, "geometry": {"type": "Point", "coordinates": [144, 54]}}, {"type": "Feature", "properties": {"name": "p325", "val": 325}, "geometry": {"type": "Point", "coordinates": [145, 55]}}, {"type": "Feature", "properties": {"name": "p326", "val": 326}, "geometry": {"type": "Point", "coordinates": [146, 56]}}, {"type": "Feature", "properties": {"name": "p327", "val": 327}, "geometry": {"type": "Point", "coordinates": [147, 57]}}, {"type": "Feature", "properties": {"name": "p328", "val": 328}, "geometry": {"type": "Point", "coordinates": [148, 58]}}, {"type": "Feature", "properties": {"name": "p329", "val": 329}, "geometry": {"type": "Point", "coordinates": [149, 59]}}, {"type": "Feature", "properties": {"name": "p330", "val": 330}, "geometry": {"type": "Point", "coordinates": [150, 60]}}, {"type": "Feature", "properties": {"name": "p331", "val": 331}, "geometry": {"type": "Point", "coordinates": [151, 61]}}, {"type": "Feature", "properties": {"name": "p332", "val": 332}, "geometry": {"type": "Point", "coordinates": [152, 62]}}, {"type": "Feature", "properties": {"name": "p333", "val": 333}, "geometry": {"type": "Point", "coordinates": [153, 63]}}, {"type": "Feature", "properties": {"name": "p334", "val": 334}, "geometry": {"type": "Point", "coordinates": [154, 64]}}, {"type": "Feature", "properties": {"name": "p335", "val": 335}, "geometry": {"type": "Point", "coordinates": [155, 65]}}, {"type": "Feature", "properties": {"name": "p336", "val": 336}, "geometry": {"type": "Point", "coordinates": [156, 66]}}, {"type": "Feature", "properties": {"name": "p337", "val": 337}, "geometry": {"type": "Point", "coordinates": [157, 67]}}, {"type": "Feature", "properties": {"name": "p338", "val": 338}, "geometry": {"type": "Point", "coordinates": [158, 68]}}, {"type": "Feature", "properties": {"name": "p339", "val": 339}, "geometry": {"type": "Point", "coordinates": [159, 69]}}, {"type": "Feature", "properties": {"name": "p340", "val": 340}, "geometry": {"type": "Point", "coordinates": [160, 70]}}, {"type": "Feature", "properties": {"name": "p341", "val": 341}, "geometry": {"type": "Point", "coordinates": [161, 71]}}, {"type": "Feature", "properties": {"name": "p342", "val": 342}, "geometry": {"type": "Point", "coordinates": [162, 72]}}, {"type": "Feature", "properties": {"name": "p343", "val": 343}, "geometry": {"type": "Point", "coordinates": [163, 73]}}, {"type": "Feature", "properties": {"name": "p344", "val": 344}, "geometry": {"type": "Point", "coordinates": [164, 74]}}, {"type": "Feature", "properties": {"name": "p345", "val": 345}, "geometry": {"type": "Point", "coordinates": [165, 75]}}, {"type": "Feature", "properties": {"name": "p346", "val": 346}, "geometry": {"type": "Point", "coordinates": [166, 76]}}, {"type": "Feature", "properties": {"name": "p347", "val": 347}, "geometry": {"type": "Point", "coordinates": [167, 77]}}, {"type": "Feature", "properties": {"name": "p348", "val": 348}, "geometry": {"type": "Point", "coordinates": [168, 78]}}, {"type": "Feature", "properties": {"name": "p349", "val": 349}, "geometry": {"type": "Point", "coordinates": [169, 79]}}, {"type": "Feature", "properties": {"name": "p350", "val": 350}, "geometry": {"type": "Point", "coordinates": [170, 80]}}, {"type": "Feature", "properties": {"name": "p351", "val": 351}, "geometry": {"type": "Point", "coordinates": [171, 81]}}, {"type": "Feature", "properties": {"name": "p352", "val": 352}, "geometry": {"type": "Point", "coordinates": [172, 82]}}, {"type": "Feature", "properties": {"name": "p353", "val": 353}, "geometry": {"type": "Point", "coordinates": [173, 83]}}, {"type": "Feature", "properties": {"name": "p354", "val": 354}, "geometry": {"type": "Point", "coordinates": [174, 84]}}, {"type": "Feature", "properties": {"name": "p355", "val": 355}, "geometry": {"type": "Point", "coordinates": [175, 85]}}, {"type": "Feature", "properties": {"name": "p356", "val": 356}, "geometry": {"type": "Point", "coordinates": [176, 86]}}, {"type": "Feature", "properties": {"name": "p357", "val": 357}, "geometry": {"type": "Point", "coordinates": [177, 87]}}, {"type": "Feature", "properties": {"name": "p358", "val": 358}, "geometry": {"type": "Point", "coordinates": [178, 88]}}, {"type": "Feature", "properties": {"name": "p359", "val": 359}, "geometry": {"type": "Point", "coordinates": [179, 89]}}, {"type": "Feature", "properties": {"name": "p360", "val": 360}, "geometry": {"type": "Point", "coordinates": [-180, -90]}}, {"type": "Feature", "properties": {"name": "p361", "val": 361}, "geometry": {"type": "Point", "coordinates": [-179, -89]}}, {"type": "Feature", "properties": {"name": "p362", "val": 362}, "geometry": {"type": "Point", "coordinates": [-178, -88]}}, {"type": "Feature", "properties": {"name": "p363", "val": 363}, "geometry": {"type": "Point", "coordinates": [-177, -87]}}, {"type": "Feature", "properties": {"name": "p364", "val": 364}, "geometry": {"type": "Point", "coordinates": [-176, -86]}}, {"type": "Feature", "properties": {"name": "p365", "val": 365}, "geometry": {"type": "Point", "coordinates": [-175, -85]}}, {"type": "Feature", "properties": {"name": "p366", "val": 366}, "geometry": {"type": "Point", "coordinates": [-174, -84]}}, {"type": "Feature", "properties": {"name": "p367", "val": 367}, "geometry": {"type": "Point", "coordinates": [-173, -83]}}, {"type": "Feature", "properties": {"name": "p368", "val": 368}, "geometry": {"type": "Point", "coordinates": [-172, -82]}}, {"type": "Feature", "properties": {"name": "p369", "val": 369}, "geometry": {"type": "Point", "coordinates": [-171, -81]}}, {"type": "Feature", "properties": {"name": "p370", "val": 370}, "geometry": {"type": "Point", "coordinates": [-170, -80]}}, {"type": "Feature", "properties": {"name": "p371", "val": 371}, "geometry": {"type": "Point", "coordinates": [-169, -79]}}, {"type": "Feature", "properties": {"name": "p372", "val": 372}, "geometry": {"type": "Point", "coordinates": [-168, -78]}}, {"type": "Feature", "properties": {"name": "p373", "val": 373}, "geometry": {"type": "Point", "coordinates": [-167, -77]}}, {"type": "Feature", "properties": {"name": "p374", "val": 374}, "geometry": {"type": "Point", "coordinates": [-166, -76]}}, {"type": "Feature", "properties": {"name": "p375", "val": 375}, "geometry": {"type": "Point", "coordinates": [-165, -75]}}, {"type": "Feature", "properties": {"name": "p376", "val": 376}, "geometry": {"type": "Point", "coordinates": [-164, -74]}}, {"type": "Feature", "properties": {"name": "p377", "val": 377}, "geometry": {"type": "Point", "coordinates": [-163, -73]}}, {"type": "Feature", "properties": {"name": "p378", "val": 378}, "geometry": {"type": "Point", "coordinates": [-162, -72]}}, {"type": "Feature", "properties": {"name": "p379", "val": 379}, "geometry": {"type": "Point", "coordinates": [-161, -71]}}, {"type": "Feature", "properties": {"name": "p380", "val": 380}, "geometry": {"type": "Point", "coordinates": [-160, -70]}}, {"type": "Feature", "properties": {"name": "p381", "val": 381}, "geometry": {"type": "Point", "coordinates": [-159, -69]}}, {"type": "Feature", "properties": {"name": "p382", "val": 382}, "geometry": {"type": "Point", "coordinates": [-158, -68]}}, {"type": "Feature", "properties": {"name": "p383", "val": 383}, "geometry": {"type": "Point", "coordinates": [-157, -67]}}, {"type": "Feature", "properties": {"name": "p384", "val": 384}, "geometry": {"type": "Point", "coordinates": [-156, -66]}}, {"type": "Feature", "properties": {"name": "p385", "val": 385}, "geometry": {"type": "Point", "coordinates": [-155, -65]}}, {"type": "Feature", "properties": {"name": "p386", "val": 386}, "geometry": {"type": "Point", "coordinates": [-154, -64]}}, {"type": "Feature", "properties": {"name": "p387", "val": 387}, "geometry": {"type": "Point", "coordinates": [-153, -63]}}, {"type": "Feature", "properties": {"name": "p388", "val": 388}, "geometry": {"type": "Point", "coordinates": [-152, -62]}}, {"type": "Feature", "properties": {"name": "p389", "val": 389}, "geometry": {"type": "Point", "coordinates": [-151, -61]}}, {"type": "Feature", "properties": {"name": "p390", "val": 390}, "geometry": {"type": "Point", "coordinates": [-150, -60]}}, {"type": "Feature", "properties": {"name": "p391", "val": 391}, "geometry": {"type": "Point", "coordinates": [-149, -59]}}, {"type": "Feature", "properties": {"name": "p392", "val": 392}, "geometry": {"type": "Point", "coordinates": [-148, -58]}}, {"type": "Feature", "properties": {"name": "p393", "val": 393}, "geometry": {"type": "Point", "coordinates": [-147, -57]}}, {"type": "Feature", "properties": {"name": "p394", "val": 394}, "geometry": {"type": "Point", "coordinates": [-146, -56]}}, {"type": "Feature", "properties": {"name": "p395", "val": 395}, "geometry": {"type": "Point", "coordinates": [-145, -55]}}, {"type": "Feature", "properties": {"name": "p396", "val": 396}, "geometry": {"type": "Point", "coordinates": [-144, -54]}}, {"type": "Feature", "properties": {"name": "p397", "val": 397}, "geometry": {"type": "Point", "coordinates": [-143, -53]}}, {"type": "Feature", "properties": {"name": "p398", "val": 398}, "geometry": {"type": "Point", "coordinates": [-142, -52]}}, {"type": "Feature", "properties": {"name": "p399", "val": 399}, "geometry": {"type": "Point", "coordinates": [-141, -51]}}, {"type": "Feature", "properties": {"name": "p400", "val": 400}, "geometry": {"type": "Point", "coordinates": [-140, -50]}}, {"type": "Feature", "properties": {"name": "p401", "val": 401}, "geometry": {"type": "Point", "coordinates": [-139, -49]}}, {"type": "Feature", "properties": {"name": "p402", "val": 402}, "geometry": {"type": "Point", "coordinates": [-138, -48]}}, {"type": "Feature", "properties": {"name": "p403", "val": 403}, "geometry": {"type": "Point", "coordinates": [-137, -47]}}, {"type": "Feature", "properties": {"name": "p404", "val": 404}, "geometry": {"type": "Point", "coordinates": [-136, -46]}}, {"type": "Feature", "properties": {"name": "p405", "val": 405}, "geometry": {"type": "Point", "coordinates": [-135, -45]}}, {"type": "Feature", "properties": {"name": "p406", "val": 406}, "geometry": {"type": "Point", "coordinates": [-134, -44]}}, {"type": "Feature", "properties": {"name": "p407", "val": 407}, "geometry": {"type": "Point", "coordinates": [-133, -43]}}, {"type": "Feature", "properties": {"name": "p408", "val": 408}, "geometry": {"type": "Point", "coordinates": [-132, -42]}}, {"type": "Feature", "properties": {"name": "p409", "val": 409}, "geometry": {"type": "Point", "coordinates": [-131, -41]}}, {"type": "Feature", "properties": {"name": "p410", "val": 410}, "geometry": {"type": "Point", "coordinates": [-130, -40]}}, {"type": "Feature", "properties": {"name": "p411", "val": 411}, "geometry": {"type": "Point", "coordinates": [-129, -39]}}, {"type": "Feature", "properties": {"name": "p412", "val": 412}, "geometry": {"type": "Point", "coordinates": [-128, -38]}}, {"type": "Feature", "properties": {"name": "p413", "val": 413}, "geometry": {"type": "Point", "coordinates": [-127, -37]}}, {"type": "Feature", "properties": {"name": "p414", "val": 414}, "geometry": {"type": "Point", "coordinates": [-126, -36]}}, {"type": "Feature", "properties": {"name": "p415", "val": 415}, "geometry": {"type": "Point", "coordinates": [-125, -35]}}, {"type": "Feature", "properties": {"name": "p416", "val": 416}, "geometry": {"type": "Point", "coordinates": [-124, -34]}}, {"type": "Feature", "properties": {"name": "p417", "val": 417}, "geometry": {"type": "Point", "coordinates": [-123, -33]}}, {"type": "Feature", "properties": {"name": "p418", "val": 418}, "geometry": {"type": "Point", "coordinates": [-122, -32]}}, {"type": "Feature", "properties": {"name": "p419", "val": 419}, "geometry": {"type": "Point", "coordinates": [-121, -31]}}, {"type": "Feature", "properties": {"name": "p420", "val": 420}, "geometry": {"type": "Point", "coordinates": [-120, -30]}}, {"type": "Feature", "properties": {"name": "p421", "val": 421}, "geometry": {"type": "Point", "coordinates": [-119, -29]}}, {"type": "Feature", "properties": {"name": "p422", "val": 422}, "geometry": {"type": "Point", "coordinates": [-118, -28]}}, {"type": "Feature", "properties": {"name": "p423", "val": 423}, "geometry": {"type": "Point", "coordinates": [-117, -27]}}, {"type": "Feature", "properties": {"name": "p424", "val": 424}, "geometry": {"type": "Point", "coordinates": [-116, -26]}}, {"type": "Feature", "properties": {"name": "p425", "val": 425}, "geometry": {"type": "Point", "coordinates": [-115, -25]}}, {"type": "Feature", "properties": {"name": "p426", "val": 426}, "geometry": {"type": "Point", "coordinates": [-114, -24]}}, {"type": "Feature", "properties": {"name": "p427", "val": 427}, "geometry": {"type": "Point", "coordinates": [-113, -23]}}, {"type": "Feature", "properties": {"name": "p428", "val": 428}, "geometry": {"type": "Point", "coordinates": [-112, -22]}}, {"type": "Feature", "properties": {"name": "p429", "val": 429}, "geometry": {"type": "Point", "coordinates": [-111, -21]}}, {"type": "Feature", "properties": {"name": "p430", "val": 430}, "geometry": {"type": "Point", "coordinates": [-110, -20]}}, {"type": "Feature", "properties": {"name": "p431", "val": 431}, "geometry": {"type": "Point", "coordinates": [-109, -19]}}, {"type": "Feature", "properties": {"name": "p432", "val": 432}, "geometry": {"type": "Point", "coordinates": [-108, -18]}}, {"type": "Feature", "properties": {"name": "p433", "val": 433}, "geometry": {"type": "Point", "coordinates": [-107, -17]}}, {"type": "Feature", "properties": {"name": "p434", "val": 434}, "geometry": {"type": "Point", "coordinates": [-106, -16]}}, {"type": "Feature", "properties": {"name": "p435", "val": 435}, "geometry": {"type": "Point", "coordinates": [-105, -15]}}, {"type": "Feature", "properties": {"name": "p436", "val": 436}, "geometry": {"type": "Point", "coordinates": [-104, -14]}}, {"type": "Feature", "properties": {"name": "p437", "val": 437}, "geometry": {"type": "Point", "coordinates": [-103, -13]}}, {"type": "Feature", "properties": {"name": "p438", "val": 438}, "geometry": {"type": "Point", "coordinates": [-102, -12]}}, {"type": "Feature", "properties": {"name": "p439", "val": 439}, "geometry": {"type": "Point", "coordinates": [-101, -11]}}, {"type": "Feature", "properties": {"name": "p440", "val": 440}, "geometry": {"type": "Point", "coordinates": [-100, -10]}}, {"type": "Feature", "properties": {"name": "p441", "val": 441}, "geometry": {"type": "Point", "coordinates": [-99, -9]}}, {"type": "Feature", "properties": {"name": "p442", "val": 442}, "geometry": {"type": "Point", "coordinates": [-98, -8]}}, {"type": "Feature", "properties": {"name": "p443", "val": 443}, "geometry": {"type": "Point", "coordinates": [-97, -7]}}, {"type": "Feature", "properties": {"name": "p444", "val": 444}, "geometry": {"type": "Point", "coordinates": [-96, -6]}}, {"type": "Feature", "properties": {"name": "p445", "val": 445}, "geometry": {"type": "Point", "coordinates": [-95, -5]}}, {"type": "Feature", "properties": {"name": "p446", "val": 446}, "geometry": {"type": "Point", "coordinates": [-94, -4]}}, {"type": "Feature", "properties": {"name": "p447", "val": 447}, "geometry": {"type": "Point", "coordinates": [-93, -3]}}, {"type": "Feature", "properties": {"name": "p448", "val": 448}, "geometry": {"type": "Point", "coordinates": [-92, -2]}}, {"type": "Feature", "properties": {"name": "p449", "val": 449}, "geometry": {"type": "Point", "coordinates": [-91, -1]}}, {"type": "Feature", "properties": {"name": "p450", "val": 450}, "geometry": {"type": "Point", "coordinates": [-90, 0]}}, {"type": "Feature", "properties": {"name": "p451", "val": 451}, "geometry": {"type": "Point", "coordinates": [-89, 1]}}, {"type": "Feature", "properties": {"name": "p452", "val": 452}, "geometry": {"type": "Point", "coordinates": [-88, 2]}}, {"type": "Feature", "properties": {"name": "p453", "val": 453}, "geometry": {"type": "Point", "coordinates": [-87, 3]}}, {"type": "Feature", "properties": {"name": "p454", "val": 454}, "geometry": {"type": "Point", "coordinates": [-86, 4]}}, {"type": "Feature", "properties": {"name": "p455", "val": 455}, "geometry": {"type": "Point", "coordinates": [-85, 5]}}, {"type": "Feature", "properties": {"name": "p456", "val": 456}, "geometry": {"type": "Point", "coordinates": [-84, 6]}}, {"type": "Feature", "properties": {"name": "p457", "val": 457}, "geometry": {"type": "Point", "coordinates": [-83, 7]}}, {"type": "Feature", "properties": {"name": "p458", "val": 458}, "geometry": {"type": "Point", "coordinates": [-82, 8]}}, {"type": "Feature", "properties": {"name": "p459", "val": 459}, "geometry": {"type": "Point", "coordinates": [-81, 9]}}, {"type": "Feature", "properties": {"name": "p460", "val": 460}, "geometry": {"type": "Point", "coordinates": [-80, 10]}}, {"type": "Feature", "properties": {"name": "p461", "val": 461}, "geometry": {"type": "Point", "coordinates": [-79, 11]}}, {"type": "Feature", "properties": {"name": "p462", "val": 462}, "geometry": {"type": "Point", "coordinates": [-78, 12]}}, {"type": "Feature", "properties": {"name": "p463", "val": 463}, "geometry": {"type": "Point", "coordinates": [-77, 13]}}, {"type": "Feature", "properties": {"name": "p464", "val": 464}, "geometry": {"type": "Point", "coordinates": [-76, 14]}}, {"type": "Feature", "properties": {"name": "p465", "val": 465}, "geometry": {"type": "Point", "coordinates": [-75, 15]}}, {"type": "Feature", "properties": {"name": "p466", "val": 466}, "geometry": {"type": "Point", "coordinates": [-74, 16]}}, {"type": "Feature", "properties": {"name": "p467", "val": 467}, "geometry": {"type": "Point", "coordinates": [-73, 17]}}, {"type": "Feature", "properties": {"name": "p468", "val": 468}, "geometry": {"type": "Point", "coordinates": [-72, 18]}}, {"type": "Feature", "properties": {"name": "p469", "val": 469}, "geometry": {"type": "Point", "coordinates": [-71, 19]}}, {"type": "Feature", "properties": {"name": "p470", "val": 470}, "geometry": {"type": "Point", "coordinates": [-70, 20]}}, {"type": "Feature", "properties": {"name": "p471", "val": 471}, "geometry": {"type": "Point", "coordinates": [-69, 21]}}, {"type": "Feature", "properties": {"name": "p472", "val": 472}, "geometry": {"type": "Point", "coordinates": [-68, 22]}}, {"type": "Feature", "properties": {"name": "p473", "val": 473}, "geometry": {"type": "Point", "coordinates": [-67, 23]}}, {"type": "Feature", "properties": {"name": "p474", "val": 474}, "geometry": {"type": "Point", "coordinates": [-66, 24]}}, {"type": "Feature", "properties": {"name": "p475", "val": 475}, "geometry": {"type": "Point", "coordinates": [-65, 25]}}, {"type": "Feature", "properties": {"name": "p476", "val": 476}, "geometry": {"type": "Point", "coordinates": [-64, 26]}}, {"type": "Feature", "properties": {"name": "p477", "val": 477}, "geometry": {"type": "Point", "coordinates": [-63, 27]}}, {"type": "Feature", "properties": {"name": "p478", "val": 478}, "geometry": {"type": "Point", "coordinates": [-62, 28]}}, {"type": "Feature", "properties": {"name": "p479", "val": 479}, "geometry": {"type": "Point", "coordinates": [-61, 29]}}, {"type": "Feature", "properties": {"name": "p480", "val": 480}, "geometry": {"type": "Point", "coordinates": [-60, 30]}}, {"type": "Feature", "properties": {"name": "p481", "val": 481}, "geometry": {"type": "Point", "coordinates": [-59, 31]}}, {"type": "Feature", "properties": {"name": "p482", "val": 482}, "geometry": {"type": "Point", "coordinates": [-58, 32]}}, {"type": "Feature", "properties": {"name": "p483", "val": 483}, "geometry": {"type": "Point", "coordinates": [-57, 33]}}, {"type": "Feature", "properties": {"name": "p484", "val": 484}, "geometry": {"type": "Point", "coordinates": [-56, 34]}}, {"type": "Feature", "properties": {"name": "p485", "val": 485}, "geometry": {"type": "Point", "coordinates": [-55, 35]}}, {"type": "Feature", "properties": {"name": "p486", "val": 486}, "geometry": {"type": "Point", "coordinates": [-54, 36]}}, {"type": "Feature", "properties": {"name": "p487", "val": 487}, "geometry": {"type": "Point", "coordinates": [-53, 37]}}, {"type": "Feature", "properties": {"name": "p488", "val": 488}, "geometry": {"type": "Point", "coordinates": [-52, 38]}}, {"type": "Feature", "properties": {"name": "p489", "val": 489}, "geometry": {"type": "Point", "coordinates": [-51, 39]}}, {"type": "Feature", "properties": {"name": "p490", "val": 490}, "geometry": {"type": "Point", "coordinates": [-50, 40]}}, {"type": "Feature", "properties": {"name": "p491", "val": 491}, "geometry": {"type": "Point", "coordinates": [-49, 41]}}, {"type": "Feature", "properties": {"name": "p492", "val": 492}, "geometry": {"type": "Point", "coordinates": [-48, 42]}}, {"type": "Feature", "properties": {"name": "p493", "val": 493}, "geometry": {"type": "Point", "coordinates": [-47, 43]}}, {"type": "Feature", "properties": {"name": "p494", "val": 494}, "geometry": {"type": "Point", "coordinates": [-46, 44]}}, {"type": "Feature", "properties": {"name": "p495", "val": 495}, "geometry": {"type": "Point", "coordinates": [-45, 45]}}, {"type": "Feature", "properties": {"name": "p496", "val": 496}, "geometry": {"type": "Point", "coordinates": [-44, 46]}}, {"type": "Feature", "properties": {"name": "p497", "val": 497}, "geometry": {"type": "Point", "coordinates": [-43, 47]}}, {"type": "Feature", "properties": {"name": "p498", "val": 498}, "geometry": {"type": "Point", "coordinates": [-42, 48]}}, {"type": "Feature", "properties": {"name": "p499", "val": 499}, "geometry": {"type": "Point", "coordinates": [-41, 49]}}, {"type": "Feature", "properties": {"name": "p500", "val": 500}, "geometry": {"type": "Point", "coordinates": [-40, 50]}}, {"type": "Feature", "properties": {"name": "p501", "val": 501}, "geometry": {"type": "Point", "coordinates": [-39, 51]}}, {"type": "Feature", "properties": {"name": "p502", "val": 502}, "geometry": {"type": "Point", "coordinates": [-38, 52]}}, {"type": "Feature", "properties": {"name": "p503", "val": 503}, "geometry": {"type": "Point", "coordinates": [-37, 53]}}, {"type": "Feature", "properties": {"name": "p504", "val": 504}, "geometry": {"type": "Point", "coordinates": [-36, 54]}}, {"type": "Feature", "properties": {"name": "p505", "val": 505}, "geometry": {"type": "Point", "coordinates": [-35, 55]}}, {"type": "Feature", "properties": {"name": "p506", "val": 506}, "geometry": {"type": "Point", "coordinates": [-34, 56]}}, {"type": "Feature", "properties": {"name": "p507", "val": 507}, "geometry": {"type": "Point", "coordinates": [-33, 57]}}, {"type": "Feature", "properties": {"name": "p508", "val": 508}, "geometry": {"type": "Point", "coordinates": [-32, 58]}}, {"type": "Feature", "properties": {"name": "p509", "val": 509}, "geometry": {"type": "Point", "coordinates": [-31, 59]}}, {"type": "Feature", "properties": {"name": "p510", "val": 510}, "geometry": {"type": "Point", "coordinates": [-30, 60]}}, {"type": "Feature", "properties": {"name": "p511", "val": 511}, "geometry": {"type": "Point", "coordinates": [-29, 61]}}, {"type": "Feature", "properties": {"name": "p512", "val": 512}, "geometry": {"type": "Point", "coordinates": [-28, 62]}}, {"type": "Feature", "properties": {"name": "p513", "val": 513}, "geometry": {"type": "Point", "coordinates": [-27, 63]}}, {"type": "Feature", "properties": {"name": "p514", "val": 514}, "geometry": {"type": "Point", "coordinates": [-26, 64]}}, {"type": "Feature", "properties": {"name": "p515", "val": 515}, "geometry": {"type": "Point", "coordinates": [-25, 65]}}, {"type": "Feature", "properties": {"name": "p516", "val": 516}, "geometry": {"type": "Point", "coordinates": [-24, 66]}}, {"type": "Feature", "properties": {"name": "p517", "val": 517}, "geometry": {"type": "Point", "coordinates": [-23, 67]}}, {"type": "Feature", "properties": {"name": "p518", "val": 518}, "geometry": {"type": "Point", "coordinates": [-22, 68]}}, {"type": "Feature", "properties": {"name": "p519", "val": 519}, "geometry": {"type": "Point", "coordinates": [-21, 69]}}, {"type": "Feature", "properties": {"name": "p520", "val": 520}, "geometry": {"type": "Point", "coordinates": [-20, 70]}}, {"type": "Feature", "properties": {"name": "p521", "val": 521}, "geometry": {"type": "Point", "coordinates": [-19, 71]}}, {"type": "Feature", "properties": {"name": "p522", "val": 522}, "geometry": {"type": "Point", "coordinates": [-18, 72]}}, {"type": "Feature", "properties": {"name": "p523", "val": 523}, "geometry": {"type": "Point", "coordinates": [-17, 73]}}, {"type": "Feature", "properties": {"name": "p524", "val": 524}, "geometry": {"type": "Point", "coordinates": [-16, 74]}}, {"type": "Feature", "properties": {"name": "p525", "val": 525}, "geometry": {"type": "Point", "coordinates": [-15, 75]}}, {"type": "Feature", "properties": {"name": "p526", "val": 526}, "geometry": {"type": "Point", "coordinates": [-14, 76]}}, {"type": "Feature", "properties": {"name": "p527", "val": 527}, "geometry": {"type": "Point", "coordinates": [-13, 77]}}, {"type": "Feature", "properties": {"name": "p528", "val": 528}, "geometry": {"type": "Point", "coordinates": [-12, 78]}}, {"type": "Feature", "properties": {"name": "p529", "val": 529}, "geometry": {"type": "Point", "coordinates": [-11, 79]}}, {"type": "Feature", "properties": {"name": "p530", "val": 530}, "geometry": {"type": "Point", "coordinates": [-10, 80]}}, {"type": "Feature", "properties": {"name": "p531", "val": 531}, "geometry": {"type": "Point", "coordinates": [-9, 81]}}, {"type": "Feature", "properties": {"name": "p532", "val": 532}, "geometry": {"type": "Point", "coordinates": [-8, 82]}}, {"type": "Feature", "properties": {"name": "p533", "val": 533}, "geometry": {"type": "Point", "coordinates": [-7, 83]}}, {"type": "Feature", "properties": {"name": "p534", "val": 534}, "geometry": {"type": "Point", "coordinates": [-6, 84]}}, {"type": "Feature", "properties": {"name": "p535", "val": 535}, "geometry": {"type": "Point", "coordinates": [-5, 85]}}, {"type": "Feature", "properties": {"name": "p536", "val": 536}, "geometry": {"type": "Point", "coordinates": [-4, 86]}}, {"type": "Feature", "properties": {"name": "p537", "val": 537}, "geometry": {"type": "Point", "coordinates": [-3, 87]}}, {"type": "Feature", "properties": {"name": "p538", "val": 538}, "geometry": {"type": "Point", "coordinates": [-2, 88]}}, {"type": "Feature", "properties": {"name": "p539", "val": 539}, "geometry": {"type": "Point", "coordinates": [-1, 89]}}, {"type": "Feature", "properties": {"name": "p540", "val": 540}, "geometry": {"type": "Point", "coordinates": [0, -90]}}, {"type": "Feature", "properties": {"name": "p541", "val": 541}, "geometry": {"type": "Point", "coordinates": [1, -89]}}, {"type": "Feature", "properties": {"name": "p542", "val": 542}, "geometry": {"type": "Point", "coordinates": [2, -88]}}, {"type": "Feature", "properties": {"name": "p543", "val": 543}, "geometry": {"type": "Point", "coordinates": [3, -87]}}, {"type": "Feature", "properties": {"name": "p544", "val": 544}, "geometry": {"type": "Point", "coordinates": [4, -86]}}, {"type": "Feature", "properties": {"name": "p545", "val": 545}, "geometry": {"type": "Point", "coordinates": [5, -85]}}, {"type": "Feature", "properties": {"name": "p546", "val": 546}, "geometry": {"type": "Point", "coordinates": [6, -84]}}, {"type": "Feature", "properties": {"name": "p547", "val": 547}, "geometry": {"type": "Point", "coordinates": [7, -83]}}, {"type": "Feature", "properties": {"name": "p548", "val": 548}, "geometry": {"type": "Point", "coordinates": [8, -82]}}, {"type": "Feature", "properties": {"name": "p549", "val": 549}, "geometry": {"type": "Point", "coordinates": [9, -81]}}, {"type": "Feature", "properties": {"name": "p550", "val": 550}, "geometry": {"type": "Point", "coordinates": [10, -80]}}, {"type": "Feature", "properties": {"name": "p551", "val": 551}, "geometry": {"type": "Point", "coordinates": [11, -79]}}, {"type": "Feature", "properties": {"name": "p552", "val": 552}, "geometry": {"type": "Point", "coordinates": [12, -78]}}, {"type": "Feature", "properties": {"name": "p553", "val": 553}, "geometry": {"type": "Point", "coordinates": [13, -77]}}, {"type": "Feature", "properties": {"name": "p554", "val": 554}, "geometry": {"type": "Point", "coordinates": [14, -76]}}, {"type": "Feature", "properties": {"name": "p555", "val": 555}, "geometry": {"type": "Point", "coordinates": [15, -75]}}, {"type": "Feature", "properties": {"name": "p556", "val": 556}, "geometry": {"type": "Point", "coordinates": [16, -74]}}, {"type": "Feature", "properties": {"name": "p557", "val": 557}, "geometry": {"type": "Point", "coordinates": [17, -73]}}, {"type": "Feature", "properties": {"name": "p558", "val": 558}, "geometry": {"type": "Point", "coordinates": [18, -72]}}, {"type": "Feature", "properties": {"name": "p559", "val": 559}, "geometry": {"type": "Point", "coordinates": [19, -71]}}, {"type": "Feature", "properties": {"name": "p560", "val": 560}, "geometry": {"type": "Point", "coordinates": [20, -70]}}, {"type": "Feature", "properties": {"name": "p561", "val": 561}, "geometry": {"type": "Point", "coordinates": [21, -69]}}, {"type": "Feature", "properties": {"name": "p562", "val": 562}, "geometry": {"type": "Point", "coordinates": [22, -68]}}, {"type": "Feature", "properties": {"name": "p563", "val": 563}, "geometry": {"type": "Point", "coordinates": [23, -67]}}, {"type": "Feature", "properties": {"name": "p564", "val": 564}, "geometry": {"type": "Point", "coordinates": [24, -66]}}, {"type": "Feature", "properties": {"name": "p565", "val": 565}, "geometry": {"type": "Point", "coordinates": [25, -65]}}, {"type": "Feature", "properties": {"name": "p566", "val": 566}, "geometry": {"type": "Point", "coordinates": [26, -64]}}, {"type": "Feature", "properties": {"name": "p567", "val": 567}, "geometry": {"type": "Point", "coordinates": [27, -63]}}, {"type": "Feature", "properties": {"name": "p568", "val": 568}, "geometry": {"type": "Point", "coordinates": [28, -62]}}, {"type": "Feature", "properties": {"name": "p569", "val": 569}, "geometry": {"type": "Point", "coordinates": [29, -61]}}, {"type": "Feature", "properties": {"name": "p570", "val": 570}, "geometry": {"type": "Point", "coordinates": [30, -60]}}, {"type": "Feature", "properties": {"name": "p571", "val": 571}, "geometry": {"type": "Point", "coordinates": [31, -59]}}, {"type": "Feature", "properties": {"name": "p572", "val": 572}, "geometry": {"type": "Point", "coordinates": [32, -58]}}, {"type": "Feature", "properties": {"name": "p573", "val": 573}, "geometry": {"type": "Point", "coordinates": [33, -57]}}, {"type": "Feature", "properties": {"name": "p574", "val": 574}, "geometry": {"type": "Point", "coordinates": [34, -56]}}, {"type": "Feature", "properties": {"name": "p575", "val": 575}, "geometry": {"type": "Point", "coordinates": [35, -55]}}, {"type": "Feature", "properties": {"name": "p576", "val": 576}, "geometry": {"type": "Point", "coordinates": [36, -54]}}, {"type": "Feature", "properties": {"name": "p577", "val": 577}, "geometry": {"type": "Point", "coordinates": [37, -53]}}, {"type": "Feature", "properties": {"name": "p578", "val": 578}, "geometry": {"type": "Point", "coordinates": [38, -52]}}, {"type": "Feature", "properties": {"name": "p579", "val": 579}, "geometry": {"type": "Point", "coordinates": [39, -51]}}, {"type": "Feature", "properties": {"name": "p580", "val": 580}, "geometry": {"type": "Point", "coordinates": [40, -50]}}, {"type": "Feature", "properties": {"name": "p581", "val": 581}, "geometry": {"type": "Point", "coordinates": [41, -49]}}, {"type": "Feature", "properties": {"name": "p582", "val": 582}, "geometry": {"type": "Point", "coordinates": [42, -48]}}, {"type": "Feature", "properties": {"name": "p583", "val": 583}, "geometry": {"type": "Point", "coordinates": [43, -47]}}, {"type": "Feature", "properties": {"name": "p584", "val": 584}, "geometry": {"type": "Point", "coordinates": [44, -46]}}, {"type": "Feature", "properties": {"name": "p585", "val": 585}, "geometry": {"type": "Point", "coordinates": [45, -45]}}, {"type": "Feature", "properties": {"name": "p586", "val": 586}, "geometry": {"type": "Point", "coordinates": [46, -44]}}, {"type": "Feature", "properties": {"name": "p587", "val": 587}, "geometry": {"type": "Point", "coordinates": [47, -43]}}, {"type": "Feature", "properties": {"name": "p588", "val": 588}, "geometry": {"type": "Point", "coordinates": [48, -42]}}, {"type": "Feature", "properties": {"name": "p589", "val": 589}, "geometry": {"type": "Point", "coordinates": [49, -41]}}, {"type": "Feature", "properties": {"name": "p590", "val": 590}, "geometry": {"type": "Point", "coordinates": [50, -40]}}, {"type": "Feature", "properties": {"name": "p591", "val": 591}, "geometry": {"type": "Point", "coordinates": [51, -39]}}, {"type": "Feature", "properties": {"name": "p592", "val": 592}, "geometry": {"type": "Point", "coordinates": [52, -38]}}, {"type": "Feature", "properties": {"name": "p593", "val": 593}, "geometry": {"type": "Point", "coordinates": [53, -37]}}, {"type": "Feature", "properties": {"name": "p594", "val": 594}, "geometry": {"type": "Point", "coordinates": [54, -36]}}, {"type": "Feature", "properties": {"name": "p595", "val": 595}, "geometry": {"type": "Point", "coordinates": [55, -35]}}, {"type": "Feature", "properties": {"name": "p596", "val": 596}, "geometry": {"type": "Point", "coordinates": [56, -34]}}, {"type": "Feature", "properties": {"name": "p597", "val": 597}, "geometry": {"type": "Point", "coordinates": [57, -33]}}, {"type": "Feature", "properties": {"name": "p598", "val": 598}, "geometry": {"type": "Point", "coordinates": [58, -32]}}, {"type": "Feature", "properties": {"name": "p599", "val": 599}, "geometry": {"type": "Point", "coordinates": [59, -31]}}, {"type": "Feature", "properties": {"name": "p600", "val": 600}, "geometry": {"type": "Point", "coordinates": [60, -30]}}, {"type": "Feature", "properties": {"name": "p601", "val": 601}, "geometry": {"type": "Point", "coordinates": [61, -29]}}, {"type": "Feature", "properties": {"name": "p602", "val": 602}, "geometry": {"type": "Point", "coordinates": [62, -28]}}, {"type": "Feature", "properties": {"name": "p603", "val": 603}, "geometry": {"type": "Point", "coordinates": [63, -27]}}, {"type": "Feature", "properties": {"name": "p604", "val": 604}, "geometry": {"type": "Point", "coordinates": [64, -26]}}, {"type": "Feature", "properties": {"name": "p605", "val": 605}, "geometry": {"type": "Point", "coordinates": [65, -25]}}, {"type": "Feature", "properties": {"name": "p606", "val": 606}, "geometry": {"type": "Point", "coordinates": [66, -24]}}, {"type": "Feature", "properties": {"name": "p607", "val": 607}, "geometry": {"type": "Point", "coordinates": [67, -23]}}, {"type": "Feature", "properties": {"name": "p608", "val": 608}, "geometry": {"type": "Point", "coordinates": [68, -22]}}, {"type": "Feature", "properties": {"name": "p609", "val": 609}, "geometry": {"type": "Point", "coordinates": [69, -21]}}, {"type": "Feature", "properties": {"name": "p610", "val": 610}, "geometry": {"type": "Point", "coordinates": [70, -20]}}, {"type": "Feature", "properties": {"name": "p611", "val": 611}, "geometry": {"type": "Point", "coordinates": [71, -19]}}, {"type": "Feature", "properties": {"name": "p612", "val": 612}, "geometry": {"type": "Point", "coordinates": [72, -18]}}, {"type": "Feature", "properties": {"name": "p613", "val": 613}, "geometry": {"type": "Point", "coordinates": [73, -17]}}, {"type": "Feature", "properties": {"name": "p614", "val": 614}, "geometry": {"type": "Point", "coordinates": [74, -16]}}, {"type": "Feature", "properties": {"name": "p615", "val": 615}, "geometry": {"type": "Point", "coordinates": [75, -15]}}, {"type": "Feature", "properties": {"name": "p616", "val": 616}, "geometry": {"type": "Point", "coordinates": [76, -14]}}, {"type": "Feature", "properties": {"name": "p617", "val": 617}, "geometry": {"type": "Point", "coordinates": [77, -13]}}, {"type": "Feature", "properties": {"name": "p618", "val": 618}, "geometry": {"type": "Point", "coordinates": [78, -12]}}, {"type": "Feature", "properties": {"name": "p619", "val": 619}, "geometry": {"type": "Point", "coordinates": [79, -11]}}, {"type": "Feature", "properties": {"name": "p620", "val": 620}, "geometry": {"type": "Point", "coordinates": [80, -10]}}, {"type": "Feature", "properties": {"name": "p621", "val": 621}, "geometry": {"type": "Point", "coordinates": [81, -9]}}, {"type": "Feature", "properties": {"name": "p622", "val": 622}, "geometry": {"type": "Point", "coordinates": [82, -8]}}, {"type": "Feature", "properties": {"name": "p623", "val": 623}, "geometry": {"type": "Point", "coordinates": [83, -7]}}, {"type": "Feature", "properties": {"name": "p624", "val": 624}, "geometry": {"type": "Point", "coordinates": [84, -6]}}, {"type": "Feature", "properties": {"name": "p625", "val": 625}, "geometry": {"type": "Point", "coordinates": [85, -5]}}, {"type": "Feature", "properties": {"name": "p626", "val": 626}, "geometry": {"type": "Point", "coordinates": [86, -4]}}, {"type": "Feature", "properties": {"name": "p627", "val": 627}, "geometry": {"type": "Point", "coordinates": [87, -3]}}, {"type": "Feature", "properties": {"name": "p628", "val": 628}, "geometry": {"type": "Point", "coordinates": [88, -2]}}, {"type": "Feature", "properties": {"name": "p629", "val": 629}, "geometry": {"type": "Point", "coordinates": [89, -1]}}, {"type": "Feature", "properties": {"name": "p630", "val": 630}, "geometry": {"type": "Point", "coordinates": [90, 0]}}, {"type": "Feature", "properties": {"name": "p631", "val": 631}, "geometry": {"type": "Point", "coordinates": [91, 1]}}, {"type": "Feature", "properties": {"name": "p632", "val": 632}, "geometry": {"type": "Point", "coordinates": [92, 2]}}, {"type": "Feature", "properties": {"name": "p633", "val": 633}, "geometry": {"type": "Point", "coordinates": [93, 3]}}, {"type": "Feature", "properties": {"name": "p634", "val": 634}, "geometry": {"type": "Point", "coordinates": [94, 4]}}, {"type": "Feature", "properties": {"name": "p635", "val": 635}, "geometry": {"type": "Point", "coordinates": [95, 5]}}, {"type": "Feature", "properties": {"name": "p636", "val": 636}, "geometry": {"type": "Point", "coordinates": [96, 6]}}, {"type": "Feature", "properties": {"name": "p637", "val": 637}, "geometry": {"type": "Point", "coordinates": [97, 7]}}, {"type": "Feature", "properties": {"name": "p638", "val": 638}, "geometry": {"type": "Point", "coordinates": [98, 8]}}, {"type": "Feature", "properties": {"name": "p639", "val": 639}, "geometry": {"type": "Point", "coordinates": [99, 9]}}, {"type": "Feature", "properties": {"name": "p640", "val": 640}, "geometry": {"type": "Point", "coordinates": [100, 10]}}, {"type": "Feature", "properties": {"name": "p641", "val": 641}, "geometry": {"type": "Point", "coordinates": [101, 11]}}, {"type": "Feature", "properties": {"name": "p642", "val": 642}, "geometry": {"type": "Point", "coordinates": [102, 12]}}, {"type": "Feature", "properties": {"name": "p643", "val": 643}, "geometry": {"type": "Point", "coordinates": [103, 13]}}, {"type": "Feature", "properties": {"name": "p644", "val": 644}, "geometry": {"type": "Point", "coordinates": [104, 14]}}, {"type": "Feature", "properties": {"name": "p645", "val": 645}, "geometry": {"type": "Point", "coordinates": [105, 15]}}, {"type": "Feature", "properties": {"name": "p646", "val": 646}, "geometry": {"type": "Point", "coordinates": [106, 16]}}, {"type": "Feature", "properties": {"name": "p647", "val": 647}, "geometry": {"type": "Point", "coordinates": [107, 17]}}, {"type": "Feature", "properties": {"name": "p648", "val": 648}, "geometry": {"type": "Point", "coordinates": [108, 18]}}, {"type": "Feature", "properties": {"name": "p649", "val": 649}, "geometry": {"type": "Point", "coordinates": [109, 19]}}, {"type": "Feature", "properties": {"name": "p650", "val": 650}, "geometry": {"type": "Point", "coordinates": [110, 20]}}, {"type": "Feature", "properties": {"name": "p651", "val": 651}, "geometry": {"type": "Point", "coordinates": [111, 21]}}, {"type": "Feature", "properties": {"name": "p652", "val": 652}, "geometry": {"type": "Point", "coordinates": [112, 22]}}, {"type": "Feature", "properties": {"name": "p653", "val": 653}, "geometry": {"type": "Point", "coordinates": [113, 23]}}, {"type": "Feature", "properties": {"name": "p654", "val": 654}, "geometry": {"type": "Point", "coordinates": [114, 24]}}, {"type": "Feature", "properties": {"name": "p655", "val": 655}, "geometry": {"type": "Point", "coordinates": [115, 25]}}, {"type": "Feature", "properties": {"name": "p656", "val": 656}, "geometry": {"type": "Point", "coordinates": [116, 26]}}, {"type": "Feature", "properties": {"name": "p657", "val": 657}, "geometry": {"type": "Point", "coordinates": [117, 27]}}, {"type": "Feature", "properties": {"name": "p658", "val": 658}, "geometry": {"type": "Point", "coordinates": [118, 28]}}, {"type": "Feature", "properties": {"name": "p659", "val": 659}, "geometry": {"type": "Point", "coordinates": [119, 29]}}, {"type": "Feature", "properties": {"name": "p660", "val": 660}, "geometry": {"type": "Point", "coordinates": [120, 30]}}, {"type": "Feature", "properties": {"name": "p661", "val": 661}, "geometry": {"type": "Point", "coordinates": [121, 31]}}, {"type": "Feature", "properties": {"name": "p662", "val": 662}, "geometry": {"type": "Point", "coordinates": [122, 32]}}, {"type": "Feature", "properties": {"name": "p663", "val": 663}, "geometry": {"type": "Point", "coordinates": [123, 33]}}, {"type": "Feature", "properties": {"name": "p664", "val": 664}, "geometry": {"type": "Point", "coordinates": [124, 34]}}, {"type": "Feature", "properties": {"name": "p665", "val": 665}, "geometry": {"type": "Point", "coordinates": [125, 35]}}, {"type": "Feature", "properties": {"name": "p666", "val": 666}, "geometry": {"type": "Point", "coordinates": [126, 36]}}, {"type": "Feature", "properties": {"name": "p667", "val": 667}, "geometry": {"type": "Point", "coordinates": [127, 37]}}, {"type": "Feature", "properties": {"name": "p668", "val": 668}, "geometry": {"type": "Point", "coordinates": [128, 38]}}, {"type": "Feature", "properties": {"name": "p669", "val": 669}, "geometry": {"type": "Point", "coordinates": [129, 39]}}, {"type": "Feature", "properties": {"name": "p670", "val": 670}, "geometry": {"type": "Point", "coordinates": [130, 40]}}, {"type": "Feature", "properties": {"name": "p671", "val": 671}, "geometry": {"type": "Point", "coordinates": [131, 41]}}, {"type": "Feature", "properties": {"name": "p672", "val": 672}, "geometry": {"type": "Point", "coordinates": [132, 42]}}, {"type": "Feature", "properties": {"name": "p673", "val": 673}, "geometry": {"type": "Point", "coordinates": [133, 43]}}, {"type": "Feature", "properties": {"name": "p674", "val": 674}, "geometry": {"type": "Point", "coordinates": [134, 44]}}, {"type": "Feature", "properties": {"name": "p675", "val": 675}, "geometry": {"type": "Point", "coordinates": [135, 45]}}, {"type": "Feature", "properties": {"name": "p676", "val": 676}, "geometry": {"type": "Point", "coordinates": [136, 46]}}, {"type": "Feature", "properties": {"name": "p677", "val": 677}, "geometry": {"type": "Point", "coordinates": [137, 47]}}, {"type": "Feature", "properties": {"name": "p678", "val": 678}, "geometry": {"type": "Point", "coordinates": [138, 48]}}, {"type": "Feature", "properties": {"name": "p679", "val": 679}, "geometry": {"type": "Point", "coordinates": [139, 49]}}, {"type": "Feature", "properties": {"name": "p680", "val": 680}, "geometry": {"type": "Point", "coordinates": [140, 50]}}, {"type": "Feature", "properties": {"name": "p681", "val": 681}, "geometry": {"type": "Point", "coordinates": [141, 51]}}, {"type": "Feature", "properties": {"name": "p682", "val": 682}, "geometry": {"type": "Point", "coordinates": [142, 52]}}, {"type": "Feature", "properties": {"name": "p683", "val": 683}, "geometry": {"type": "Point", "coordinates": [143, 53]}}, {"type": "Feature", "properties": {"name": "p684", "val": 684}, "geometry": {"type": "Point", "coordinates": [144, 54]}}, {"type": "Feature", "properties": {"name": "p685", "val": 685}, "geometry": {"type": "Point", "coordinates": [145, 55]}}, {"type": "Feature", "properties": {"name": "p686", "val": 686}, "geometry": {"type": "Point", "coordinates": [146, 56]}}, {"type": "Feature", "properties": {"name": "p687", "val": 687}, "geometry": {"type": "Point", "coordinates": [147, 57]}}, {"type": "Feature", "properties": {"name": "p688", "val": 688}, "geometry": {"type": "Point", "coordinates": [148, 58]}}, {"type": "Feature", "properties": {"name": "p689", "val": 689}, "geometry": {"type": "Point", "coordinates": [149, 59]}}, {"type": "Feature", "properties": {"name": "p690", "val": 690}, "geometry": {"type": "Point", "coordinates": [150, 60]}}, {"type": "Feature", "properties": {"name": "p691", "val": 691}, "geometry": {"type": "Point", "coordinates": [151, 61]}}, {"type": "Feature", "properties": {"name": "p692", "val": 692}, "geometry": {"type": "Point", "coordinates": [152, 62]}}, {"type": "Feature", "properties": {"name": "p693", "val": 693}, "geometry": {"type": "Point", "coordinates": [153, 63]}}, {"type": "Feature", "properties": {"name": "p694", "val": 694}, "geometry": {"type": "Point", "coordinates": [154, 64]}}, {"type": "Feature", "properties": {"name": "p695", "val": 695}, "geometry": {"type": "Point", "coordinates": [155, 65]}}, {"type": "Feature", "properties": {"name": "p696", "val": 696}, "geometry": {"type": "Point", "coordinates": [156, 66]}}, {"type": "Feature", "properties": {"name": "p697", "val": 697}, "geometry": {"type": "Point", "coordinates": [157, 67]}}, {"type": "Feature", "properties": {"name": "p698", "val": 698}, "geometry": {"type": "Point", "coordinates": [158, 68]}}, {"type": "Feature", "properties": {"name": "p699", "val": 699}, "geometry": {"type": "Point", "coordinates": [159, 69]}}, {"type": "Feature", "properties": {"name": "p700", "val": 700}, "geometry": {"type": "Point", "coordinates": [160, 70]}}, {"type": "Feature", "properties": {"name": "p701", "val": 701}, "geometry": {"type": "Point", "coordinates": [161, 71]}}, {"type": "Feature", "properties": {"name": "p702", "val": 702}, "geometry": {"type": "Point", "coordinates": [162, 72]}}, {"type": "Feature", "properties": {"name": "p703", "val": 703}, "geometry": {"type": "Point", "coordinates": [163, 73]}}, {"type": "Feature", "properties": {"name": "p704", "val": 704}, "geometry": {"type": "Point", "coordinates": [164, 74]}}, {"type": "Feature", "properties": {"name": "p705", "val": 705}, "geometry": {"type": "Point", "coordinates": [165, 75]}}, {"type": "Feature", "properties": {"name": "p706", "val": 706}, "geometry": {"type": "Point", "coordinates": [166, 76]}}, {"type": "Feature", "properties": {"name": "p707", "val": 707}, "geometry": {"type": "Point", "coordinates": [167, 77]}}, {"type": "Feature", "properties": {"name": "p708", "val": 708}, "geometry": {"type": "Point", "coordinates": [168, 78]}}, {"type": "Feature", "properties": {"name": "p709", "val": 709}, "geometry": {"type": "Point", "coordinates": [169, 79]}}, {"type": "Feature", "properties": {"name": "p710", "val": 710}, "geometry": {"type": "Point", "coordinates": [170, 80]}}, {"type": "Feature", "properties": {"name": "p711", "val": 711}, "geometry": {"type": "Point", "coordinates": [171, 81]}}, {"type": "Feature", "properties": {"name": "p712", "val": 712}, "geometry": {"type": "Point", "coordinates": [172, 82]}}, {"type": "Feature", "properties": {"name": "p713", "val": 713}, "geometry": {"type": "Point", "coordinates": [173, 83]}}, {"type": "Feature", "properties": {"name": "p714", "val": 714}, "geometry": {"type": "Point", "coordinates": [174, 84]}}, {"type": "Feature", "properties": {"name": "p715", "val": 715}, "geometry": {"type": "Point", "coordinates": [175, 85]}}, {"type": "Feature", "properties": {"name": "p716", "val": 716}, "geometry": {"type": "Point", "coordinates": [176, 86]}}, {"type": "Feature", "properties": {"name": "p717", "val": 717}, "geometry": {"type": "Point", "coordinates": [177, 87]}}, {"type": "Feature", "properties": {"name": "p718", "val": 718}, "geometry": {"type": "Point", "coordinates": [178, 88]}}, {"type": "Feature", "properties": {"name": "p719", "val": 719}, "geometry": {"type": "Point", "coordinates": [179, 89]}}, {"type": "Feature", "properties": {"name": "p720", "val": 720}, "geometry": {"type": "Point", "coordinates": [-180, -90]}}, {"type": "Feature", "properties": {"name": "p721", "val": 721}, "geometry": {"type": "Point", "coordinates": [-179, -89]}}, {"type": "Feature", "properties": {"name": "p722", "val": 722}, "geometry": {"type": "Point", "coordinates": [-178, -88]}}, {"type": "Feature", "properties": {"name": "p723", "val": 723}, "geometry": {"type": "Point", "coordinates": [-177, -87]}}, {"type": "Feature", "properties": {"name": "p724", "val": 724}, "geometry": {"type": "Point", "coordinates": [-176, -86]}}, {"type": "Feature", "properties": {"name": "p725", "val": 725}, "geometry": {"type": "Point", "coordinates": [-175, -85]}}, {"type": "Feature", "properties": {"name": "p726", "val": 726}, "geometry": {"type": "Point", "coordinates": [-174, -84]}}, {"type": "Feature", "properties": {"name": "p727", "val": 727}, "geometry": {"type": "Point", "coordinates": [-173, -83]}}, {"type": "Feature", "properties": {"name": "p728", "val": 728}, "geometry": {"type": "Point", "coordinates": [-172, -82]}}, {"type": "Feature", "properties": {"name": "p729", "val": 729}, "geometry": {"type": "Point", "coordinates": [-171, -81]}}, {"type": "Feature", "properties": {"name": "p730", "val": 730}, "geometry": {"type": "Point", "coordinates": [-170, -80]}}, {"type": "Feature", "properties": {"name": "p731", "val": 731}, "geometry": {"type": "Point", "coordinates": [-169, -79]}}, {"type": "Feature", "properties": {"name": "p732", "val": 732}, "geometry": {"type": "Point", "coordinates": [-168, -78]}}, {"type": "Feature", "properties": {"name": "p733", "val": 733}, "geometry": {"type": "Point", "coordinates": [-167, -77]}}, {"type": "Feature", "properties": {"name": "p734", "val": 734}, "geometry": {"type": "Point", "coordinates": [-166, -76]}}, {"type": "Feature", "properties": {"name": "p735", "val": 735}, "geometry": {"type": "Point", "coordinates": [-165, -75]}}, {"type": "Feature", "properties": {"name": "p736", "val": 736}, "geometry": {"type": "Point", "coordinates": [-164, -74]}}, {"type": "Feature", "properties": {"name": "p737", "val": 737}, "geometry": {"type": "Point", "coordinates": [-163, -73]}}, {"type": "Feature", "properties": {"name": "p738", "val": 738}, "geometry": {"type": "Point", "coordinates": [-162, -72]}}, {"type": "Feature", "properties": {"name": "p739", "val": 739}, "geometry": {"type": "Point", "coordinates": [-161, -71]}}, {"type": "Feature", "properties": {"name": "p740", "val": 740}, "geometry": {"type": "Point", "coordinates": [-160, -70]}}, {"type": "Feature", "properties": {"name": "p741", "val": 741}, "geometry": {"type": "Point", "coordinates": [-159, -69]}}, {"type": "Feature", "properties": {"name": "p742", "val": 742}, "geometry": {"type": "Point", "coordinates": [-158, -68]}}, {"type": "Feature", "properties": {"name": "p743", "val": 743}, "geometry": {"type": "Point", "coordinates": [-157, -67]}}, {"type": "Feature", "properties": {"name": "p744", "val": 744}, "geometry": {"type": "Point", "coordinates": [-156, -66]}}, {"type": "Feature", "properties": {"name": "p745", "val": 745}, "geometry": {"type": "Point", "coordinates": [-155, -65]}}, {"type": "Feature", "properties": {"name": "p746", "val": 746}, "geometry": {"type": "Point", "coordinates": [-154, -64]}}, {"type": "Feature", "properties": {"name": "p747", "val": 747}, "geometry": {"type": "Point", "coordinates": [-153, -63]}}, {"type": "Feature", "properties": {"name": "p748", "val": 748}, "geometry": {"type": "Point", "coordinates": [-152, -62]}}, {"type": "Feature", "properties": {"name": "p749", "val": 749}, "geometry": {"type": "Point", "coordinates": [-151, -61]}}, {"type": "Feature", "properties": {"name": "p750", "val": 750}, "geometry": {"type": "Point", "coordinates": [-150, -60]}}, {"type": "Feature", "properties": {"name": "p751", "val": 751}, "geometry": {"type": "Point", "coordinates": [-149, -59]}}, {"type": "Feature", "properties": {"name": "p752", "val": 752}, "geometry": {"type": "Point", "coordinates": [-148, -58]}}, {"type": "Feature", "properties": {"name": "p753", "val": 753}, "geometry": {"type": "Point", "coordinates": [-147, -57]}}, {"type": "Feature", "properties": {"name": "p754", "val": 754}, "geometry": {"type": "Point", "coordinates": [-146, -56]}}, {"type": "Feature", "properties": {"name": "p755", "val": 755}, "geometry": {"type": "Point", "coordinates": [-145, -55]}}, {"type": "Feature", "properties": {"name": "p756", "val": 756}, "geometry": {"type": "Point", "coordinates": [-144, -54]}}, {"type": "Feature", "properties": {"name": "p757", "val": 757}, "geometry": {"type": "Point", "coordinates": [-143, -53]}}, {"type": "Feature", "properties": {"name": "p758", "val": 758}, "geometry": {"type": "Point", "coordinates": [-142, -52]}}, {"type": "Feature", "properties": {"name": "p759", "val": 759}, "geometry": {"type": "Point", "coordinates": [-141, -51]}}, {"type": "Feature", "properties": {"name": "p760", "val": 760}, "geometry": {"type": "Point", "coordinates": [-140, -50]}}, {"type": "Feature", "properties": {"name": "p761", "val": 761}, "geometry": {"type": "Point", "coordinates": [-139, -49]}}, {"type": "Feature", "properties": {"name": "p762", "val": 762}, "geometry": {"type": "Point", "coordinates": [-138, -48]}}, {"type": "Feature", "properties": {"name": "p763", "val": 763}, "geometry": {"type": "Point", "coordinates": [-137, -47]}}, {"type": "Feature", "properties": {"name": "p764", "val": 764}, "geometry": {"type": "Point", "coordinates": [-136, -46]}}, {"type": "Feature", "properties": {"name": "p765", "val": 765}, "geometry": {"type": "Point", "coordinates": [-135, -45]}}, {"type": "Feature", "properties": {"name": "p766", "val": 766}, "geometry": {"type": "Point", "coordinates": [-134, -44]}}, {"type": "Feature", "properties": {"name": "p767", "val": 767}, "geometry": {"type": "Point", "coordinates": [-133, -43]}}, {"type": "Feature", "properties": {"name": "p768", "val": 768}, "geometry": {"type": "Point", "coordinates": [-132, -42]}}, {"type": "Feature", "properties": {"name": "p769", "val": 769}, "geometry": {"type": "Point", "coordinates": [-131, -41]}}, {"type": "Feature", "properties": {"name": "p770", "val": 770}, "geometry": {"type": "Point", "coordinates": [-130, -40]}}, {"type": "Feature", "properties": {"name": "p771", "val": 771}, "geometry": {"type": "Point", "coordinates": [-129, -39]}}, {"type": "Feature", "properties": {"name": "p772", "val": 772}, "geometry": {"type": "Point", "coordinates": [-128, -38]}}, {"type": "Feature", "properties": {"name": "p773", "val": 773}, "geometry": {"type": "Point", "coordinates": [-127, -37]}}, {"type": "Feature", "properties": {"name": "p774", "val": 774}, "geometry": {"type": "Point", "coordinates": [-126, -36]}}, {"type": "Feature", "properties": {"name": "p775", "val": 775}, "geometry": {"type": "Point", "coordinates": [-125, -35]}}, {"type": "Feature", "properties": {"name": "p776", "val": 776}, "geometry": {"type": "Point", "coordinates": [-124, -34]}}, {"type": "Feature", "properties": {"name": "p777", "val": 777}, "geometry": {"type": "Point", "coordinates": [-123, -33]}}, {"type": "Feature", "properties": {"name": "p778", "val": 778}, "geometry": {"type": "Point", "coordinates": [-122, -32]}}, {"type": "Feature", "properties": {"name": "p779", "val": 779}, "geometry": {"type": "Point", "coordinates": [-121, -31]}}, {"type": "Feature", "properties": {"name": "p780", "val": 780}, "geometry": {"type": "Point", "coordinates": [-120, -30]}}, {"type": "Feature", "properties": {"name": "p781", "val": 781}, "geometry": {"type": "Point", "coordinates": [-119, -29]}}, {"type": "Feature", "properties": {"name": "p782", "val": 782}, "geometry": {"type": "Point", "coordinates": [-118, -28]}}, {"type": "Feature", "properties": {"name": "p783", "val": 783}, "geometry": {"type": "Point", "coordinates": [-117, -27]}}, {"type": "Feature", "properties": {"name": "p784", "val": 784}, "geometry": {"type": "Point", "coordinates": [-116, -26]}}, {"type": "Feature", "properties": {"name": "p785", "val": 785}, "geometry": {"type": "Point", "coordinates": [-115, -25]}}, {"type": "Feature", "properties": {"name": "p786", "val": 786}, "geometry": {"type": "Point", "coordinates": [-114, -24]}}, {"type": "Feature", "properties": {"name": "p787", "val": 787}, "geometry": {"type": "Point", "coordinates": [-113, -23]}}, {"type": "Feature", "properties": {"name": "p788", "val": 788}, "geometry": {"type": "Point", "coordinates": [-112, -22]}}, {"type": "Feature", "properties": {"name": "p789", "val": 789}, "geometry": {"type": "Point", "coordinates": [-111, -21]}}, {"type": "Feature", "properties": {"name": "p790", "val": 790}, "geometry": {"type": "Point", "coordinates": [-110, -20]}}, {"type": "Feature", "properties": {"name": "p791", "val": 791}, "geometry": {"type": "Point", "coordinates": [-109, -19]}}, {"type": "Feature", "properties": {"name": "p792", "val": 792}, "geometry": {"type": "Point", "coordinates": [-108, -18]}}, {"type": "Feature", "properties": {"name": "p793", "val": 793}, "geometry": {"type": "Point", "coordinates": [-107, -17]}}, {"type": "Feature", "properties": {"name": "p794", "val": 794}, "geometry": {"type": "Point", "coordinates": [-106, -16]}}, {"type": "Feature", "properties": {"name": "p795", "val": 795}, "geometry": {"type": "Point", "coordinates": [-105, -15]}}, {"type": "Feature", "properties": {"name": "p796", "val": 796}, "geometry": {"type": "Point", "coordinates": [-104, -14]}}, {"type": "Feature", "properties": {"name": "p797", "val": 797}, "geometry": {"type": "Point", "coordinates": [-103, -13]}}, {"type": "Feature", "properties": {"name": "p798", "val": 798}, "geometry": {"type": "Point", "coordinates": [-102, -12]}}, {"type": "Feature", "properties": {"name": "p799", "val": 799}, "geometry": {"type": "Point", "coordinates": [-101, -11]}}, {"type": "Feature", "properties": {"name": "p800", "val": 800}, "geometry": {"type": "Point", "coordinates": [-100, -10]}}, {"type": "Feature", "properties": {"name": "p801", "val": 801}, "geometry": {"type": "Point", "coordinates": [-99, -9]}}, {"type": "Feature", "properties": {"name": "p802", "val": 802}, "geometry": {"type": "Point", "coordinates": [-98, -8]}}, {"type": "Feature", "properties": {"name": "p803", "val": 803}, "geometry": {"type": "Point", "coordinates": [-97, -7]}}, {"type": "Feature", "properties": {"name": "p804", "val": 804}, "geometry": {"type": "Point", "coordinates": [-96, -6]}}, {"type": "Feature", "properties": {"name": "p805", "val": 805}, "geometry": {"type": "Point", "coordinates": [-95, -5]}}, {"type": "Feature", "properties": {"name": "p806", "val": 806}, "geometry": {"type": "Point", "coordinates": [-94, -4]}}, {"type": "Feature", "properties": {"name": "p807", "val": 807}, "geometry": {"type": "Point", "coordinates": [-93, -3]}}, {"type": "Feature", "properties": {"name": "p808", "val": 808}, "geometry": {"type": "Point", "coordinates": [-92, -2]}}, {"type": "Feature", "properties": {"name": "p809", "val": 809}, "geometry": {"type": "Point", "coordinates": [-91, -1]}}, {"type": "Feature", "properties": {"name": "p810", "val": 810}, "geometry": {"type": "Point", "coordinates": [-90, 0]}}, {"type": "Feature", "properties": {"name": "p811", "val": 811}, "geometry": {"type": "Point", "coordinates": [-89, 1]}}, {"type": "Feature", "properties": {"name": "p812", "val": 812}, "geometry": {"type": "Point", "coordinates": [-88, 2]}}, {"type": "Feature", "properties": {"name": "p813", "val": 813}, "geometry": {"type": "Point", "coordinates": [-87, 3]}}, {"type": "Feature", "properties": {"name": "p814", "val": 814}, "geometry": {"type": "Point", "coordinates": [-86, 4]}}, {"type": "Feature", "properties": {"name": "p815", "val": 815}, "geometry": {"type": "Point", "coordinates": [-85, 5]}}, {"type": "Feature", "properties": {"name": "p816", "val": 816}, "geometry": {"type": "Point", "coordinates": [-84, 6]}}, {"type": "Feature", "properties": {"name": "p817", "val": 817}, "geometry": {"type": "Point", "coordinates": [-83, 7]}}, {"type": "Feature", "properties": {"name": "p818", "val": 818}, "geometry": {"type": "Point", "coordinates": [-82, 8]}}, {"type": "Feature", "properties": {"name": "p819", "val": 819}, "geometry": {"type": "Point", "coordinates": [-81, 9]}}, {"type": "Feature", "properties": {"name": "p820", "val": 820}, "geometry": {"type": "Point", "coordinates": [-80, 10]}}, {"type": "Feature", "properties": {"name": "p821", "val": 821}, "geometry": {"type": "Point", "coordinates": [-79, 11]}}, {"type": "Feature", "properties": {"name": "p822", "val": 822}, "geometry": {"type": "Point", "coordinates": [-78, 12]}}, {"type": "Feature", "properties": {"name": "p823", "val": 823}, "geometry": {"type": "Point", "coordinates": [-77, 13]}}, {"type": "Feature", "properties": {"name": "p824", "val": 824}, "geometry": {"type": "Point", "coordinates": [-76, 14]}}, {"type": "Feature", "properties": {"name": "p825", "val": 825}, "geometry": {"type": "Point", "coordinates": [-75, 15]}}, {"type": "Feature", "properties": {"name": "p826", "val": 826}, "geometry": {"type": "Point", "coordinates": [-74, 16]}}, {"type": "Feature", "properties": {"name": "p827", "val": 827}, "geometry": {"type": "Point", "coordinates": [-73, 17]}}, {"type": "Feature", "properties": {"name": "p828", "val": 828}, "geometry": {"type": "Point", "coordinates": [-72, 18]}}, {"type": "Feature", "properties": {"name": "p829", "val": 829}, "geometry": {"type": "Point", "coordinates": [-71, 19]}}, {"type": "Feature", "properties": {"name": "p830", "val": 830}, "geometry": {"type": "Point", "coordinates": [-70, 20]}}, {"type": "Feature", "properties": {"name": "p831", "val": 831}, "geometry": {"type": "Point", "coordinates": [-69, 21]}}, {"type": "Feature", "properties": {"name": "p832", "val": 832}, "geometry": {"type": "Point", "coordinates": [-68, 22]}}, {"type": "Feature", "properties": {"name": "p833", "val": 833}, "geometry": {"type": "Point", "coordinates": [-67, 23]}}, {"type": "Feature", "properties": {"name": "p834", "val": 834}, "geometry": {"type": "Point", "coordinates": [-66, 24]}}, {"type": "Feature", "properties": {"name": "p835", "val": 835}, "geometry": {"type": "Point", "coordinates": [-65, 25]}}, {"type": "Feature", "properties": {"name": "p836", "val": 836}, "geometry": {"type": "Point", "coordinates": [-64, 26]}}, {"type": "Feature", "properties": {"name": "p837", "val": 837}, "geometry": {"type": "Point", "coordinates": [-63, 27]}}, {"type": "Feature", "properties": {"name": "p838", "val": 838}, "geometry": {"type": "Point", "coordinates": [-62, 28]}}, {"type": "Feature", "properties": {"name": "p839", "val": 839}, "geometry": {"type": "Point", "coordinates": [-61, 29]}}, {"type": "Feature", "properties": {"name": "p840", "val": 840}, "geometry": {"type": "Point", "coordinates": [-60, 30]}}, {"type": "Feature", "properties": {"name": "p841", "val": 841}, "geometry": {"type": "Point", "coordinates": [-59, 31]}}, {"type": "Feature", "properties": {"name": "p842", "val": 842}, "geometry": {"type": "Point", "coordinates": [-58, 32]}}, {"type": "Feature", "properties": {"name": "p843", "val": 843}, "geometry": {"type": "Point", "coordinates": [-57, 33]}}, {"type": "Feature", "properties": {"name": "p844", "val": 844}, "geometry": {"type": "Point", "coordinates": [-56, 34]}}, {"type": "Feature", "properties": {"name": "p845", "val": 845}, "geometry": {"type": "Point", "coordinates": [-55, 35]}}, {"type": "Feature", "properties": {"name": "p846", "val": 846}, "geometry": {"type": "Point", "coordinates": [-54, 36]}}, {"type": "Feature", "properties": {"name": "p847", "val": 847}, "geometry": {"type": "Point", "coordinates": [-53, 37]}}, {"type": "Feature", "properties": {"name": "p848", "val": 848}, "geometry": {"type": "Point", "coordinates": [-52, 38]}}, {"type": "Feature", "properties": {"name": "p849", "val": 849}, "geometry": {"type": "Point", "coordinates": [-51, 39]}}, {"type": "Feature", "properties": {"name": "p850", "val": 850}, "geometry": {"type": "Point", "coordinates": [-50, 40]}}, {"type": "Feature", "properties": {"name": "p851", "val": 851}, "geometry": {"type": "Point", "coordinates": [-49, 41]}}, {"type": "Feature", "properties": {"name": "p852", "val": 852}, "geometry": {"type": "Point", "coordinates": [-48, 42]}}, {"type": "Feature", "properties": {"name": "p853", "val": 853}, "geometry": {"type": "Point", "coordinates": [-47, 43]}}, {"type": "Feature", "properties": {"name": "p854", "val": 854}, "geometry": {"type": "Point", "coordinates": [-46, 44]}}, {"type": "Feature", "properties": {"name": "p855", "val": 855}, "geometry": {"type": "Point", "coordinates": [-45, 45]}}, {"type": "Feature", "properties": {"name": "p856", "val": 856}, "geometry": {"type": "Point", "coordinates": [-44, 46]}}, {"type": "Feature", "properties": {"name": "p857", "val": 857}, "geometry": {"type": "Point", "coordinates": [-43, 47]}}, {"type": "Feature", "properties": {"name": "p858", "val": 858}, "geometry": {"type": "Point", "coordinates": [-42, 48]}}, {"type": "Feature", "properties": {"name": "p859", "val": 859}, "geometry": {"type": "Point", "coordinates": [-41, 49]}}, {"type": "Feature", "properties": {"name": "p860", "val": 860}, "geometry": {"type": "Point", "coordinates": [-40, 50]}}, {"type": "Feature", "properties": {"name": "p861", "val": 861}, "geometry": {"type": "Point", "coordinates": [-39, 51]}}, {"type": "Feature", "properties": {"name": "p862", "val": 862}, "geometry": {"type": "Point", "coordinates": [-38, 52]}}, {"type": "Feature", "properties": {"name": "p863", "val": 863}, "geometry": {"type": "Point", "coordinates": [-37, 53]}}, {"type": "Feature", "properties": {"name": "p864", "val": 864}, "geometry": {"type": "Point", "coordinates": [-36, 54]}}, {"type": "Feature", "properties": {"name": "p865", "val": 865}, "geometry": {"type": "Point", "coordinates": [-35, 55]}}, {"type": "Feature", "properties": {"name": "p866", "val": 866}, "geometry": {"type": "Point", "coordinates": [-34, 56]}}, {"type": "Feature", "properties": {"name": "p867", "val": 867}, "geometry": {"type": "Point", "coordinates": [-33, 57]}}, {"type": "Feature", "properties": {"name": "p868", "val": 868}, "geometry": {"type": "Point", "coordinates": [-32, 58]}}, {"type": "Feature", "properties": {"name": "p869", "val": 869}, "geometry": {"type": "Point", "coordinates": [-31, 59]}}, {"type": "Feature", "properties": {"name": "p870", "val": 870}, "geometry": {"type": "Point", "coordinates": [-30, 60]}}, {"type": "Feature", "properties": {"name": "p871", "val": 871}, "geometry": {"type": "Point", "coordinates": [-29, 61]}}, {"type": "Feature", "properties": {"name": "p872", "val": 872}, "geometry": {"type": "Point", "coordinates": [-28, 62]}}, {"type": "Feature", "properties": {"name": "p873", "val": 873}, "geometry": {"type": "Point", "coordinates": [-27, 63]}}, {"type": "Feature", "properties": {"name": "p874", "val": 874}, "geometry": {"type": "Point", "coordinates": [-26, 64]}}, {"type": "Feature", "properties": {"name": "p875", "val": 875}, "geometry": {"type": "Point", "coordinates": [-25, 65]}}, {"type": "Feature", "properties": {"name": "p876", "val": 876}, "geometry": {"type": "Point", "coordinates": [-24, 66]}}, {"type": "Feature", "properties": {"name": "p877", "val": 877}, "geometry": {"type": "Point", "coordinates": [-23, 67]}}, {"type": "Feature", "properties": {"name": "p878", "val": 878}, "geometry": {"type": "Point", "coordinates": [-22, 68]}}, {"type": "Feature", "properties": {"name": "p879", "val": 879}, "geometry": {"type": "Point", "coordinates": [-21, 69]}}, {"type": "Feature", "properties": {"name": "p880", "val": 880}, "geometry": {"type": "Point", "coordinates": [-20, 70]}}, {"type": "Feature", "properties": {"name": "p881", "val": 881}, "geometry": {"type": "Point", "coordinates": [-19, 71]}}, {"type": "Feature", "properties": {"name": "p882", "val": 882}, "geometry": {"type": "Point", "coordinates": [-18, 72]}}, {"type": "Feature", "properties": {"name": "p883", "val": 883}, "geometry": {"type": "Point", "coordinates": [-17, 73]}}, {"type": "Feature", "properties": {"name": "p884", "val": 884}, "geometry": {"type": "Point", "coordinates": [-16, 74]}}, {"type": "Feature", "properties": {"name": "p885", "val": 885}, "geometry": {"type": "Point", "coordinates": [-15, 75]}}, {"type": "Feature", "properties": {"name": "p886", "val": 886}, "geometry": {"type": "Point", "coordinates": [-14, 76]}}, {"type": "Feature", "properties": {"name": "p887", "val": 887}, "geometry": {"type": "Point", "coordinates": [-13, 77]}}, {"type": "Feature", "properties": {"name": "p888", "val": 888}, "geometry": {"type": "Point", "coordinates": [-12, 78]}}, {"type": "Feature", "properties": {"name": "p889", "val": 889}, "geometry": {"type": "Point", "coordinates": [-11, 79]}}, {"type": "Feature", "properties": {"name": "p890", "val": 890}, "geometry": {"type": "Point", "coordinates": [-10, 80]}}, {"type": "Feature", "properties": {"name": "p891", "val": 891}, "geometry": {"type": "Point", "coordinates": [-9, 81]}}, {"type": "Feature", "properties": {"name": "p892", "val": 892}, "geometry": {"type": "Point", "coordinates": [-8, 82]}}, {"type": "Feature", "properties": {"name": "p893", "val": 893}, "geometry": {"type": "Point", "coordinates": [-7, 83]}}, {"type": "Feature", "properties": {"name": "p894", "val": 894}, "geometry": {"type": "Point", "coordinates": [-6, 84]}}, {"type": "Feature", "properties": {"name": "p895", "val": 895}, "geometry": {"type": "Point", "coordinates": [-5, 85]}}, {"type": "Feature", "properties": {"name": "p896", "val": 896}, "geometry": {"type": "Point", "coordinates": [-4, 86]}}, {"type": "Feature", "properties": {"name": "p897", "val": 897}, "geometry": {"type": "Point", "coordinates": [-3, 87]}}, {"type": "Feature", "properties": {"name": "p898", "val": 898}, "geometry": {"type": "Point", "coordinates": [-2, 88]}}, {"type": "Feature", "properties": {"name": "p899", "val": 899}, "geometry": {"type": "Point", "coordinates": [-1, 89]}}, {"type": "Feature", "properties": {"name": "p900", "val": 900}, "geometry": {"type": "Point", "coordinates": [0, -90]}}, {"type": "Feature", "properties": {"name": "p901", "val": 901}, "geometry": {"type": "Point", "coordinates": [1, -89]}}, {"type": "Feature", "properties": {"name": "p902", "val": 902}, "geometry": {"type": "Point", "coordinates": [2, -88]}}, {"type": "Feature", "properties": {"name": "p903", "val": 903}, "geometry": {"type": "Point", "coordinates": [3, -87]}}, {"type": "Feature", "properties": {"name": "p904", "val": 904}, "geometry": {"type": "Point", "coordinates": [4, -86]}}, {"type": "Feature", "properties": {"name": "p905", "val": 905}, "geometry": {"type": "Point", "coordinates": [5, -85]}}, {"type": "Feature", "properties": {"name": "p906", "val": 906}, "geometry": {"type": "Point", "coordinates": [6, -84]}}, {"type": "Feature", "properties": {"name": "p907", "val": 907}, "geometry": {"type": "Point", "coordinates": [7, -83]}}, {"type": "Feature", "properties": {"name": "p908", "val": 908}, "geometry": {"type": "Point", "coordinates": [8, -82]}}, {"type": "Feature", "properties": {"name": "p909", "val": 909}, "geometry": {"type": "Point", "coordinates": [9, -81]}}, {"type": "Feature", "properties": {"name": "p910", "val": 910}, "geometry": {"type": "Point", "coordinates": [10, -80]}}, {"type": "Feature", "properties": {"name": "p911", "val": 911}, "geometry": {"type": "Point", "coordinates": [11, -79]}}, {"type": "Feature", "properties": {"name": "p912", "val": 912}, "geometry": {"type": "Point", "coordinates": [12, -78]}}, {"type": "Feature", "properties": {"name": "p913", "val": 913}, "geometry": {"type": "Point", "coordinates": [13, -77]}}, {"type": "Feature", "properties": {"name": "p914", "val": 914}, "geometry": {"type": "Point", "coordinates": [14, -76]}}, {"type": "Feature", "properties": {"name": "p915", "val": 915}, "geometry": {"type": "Point", "coordinates": [15, -75]}}, {"type": "Feature", "properties": {"name": "p916", "val": 916}, "geometry": {"type": "Point", "coordinates": [16, -74]}}, {"type": "Feature", "properties": {"name": "p917", "val": 917}, "geometry": {"type": "Point", "coordinates": [17, -73]}}, {"type": "Feature", "properties": {"name": "p918", "val": 918}, "geometry": {"type": "Point", "coordinates": [18, -72]}}, {"type": "Feature", "properties": {"name": "p919", "val": 919}, "geometry": {"type": "Point", "coordinates": [19, -71]}}, {"type": "Feature", "properties": {"name": "p920", "val": 920}, "geometry": {"type": "Point", "coordinates": [20, -70]}}, {"type": "Feature", "properties": {"name": "p921", "val": 921}, "geometry": {"type": "Point", "coordinates": [21, -69]}}, {"type": "Feature", "properties": {"name": "p922", "val": 922}, "geometry": {"type": "Point", "coordinates": [22, -68]}}, {"type": "Feature", "properties": {"name": "p923", "val": 923}, "geometry": {"type": "Point", "coordinates": [23, -67]}}, {"type": "Feature", "properties": {"name": "p924", "val": 924}, "geometry": {"type": "Point", "coordinates": [24, -66]}}, {"type": "Feature", "properties": {"name": "p925", "val": 925}, "geometry": {"type": "Point", "coordinates": [25, -65]}}, {"type": "Feature", "properties": {"name": "p926", "val": 926}, "geometry": {"type": "Point", "coordinates": [26, -64]}}, {"type": "Feature", "properties": {"name": "p927", "val": 927}, "geometry": {"type": "Point", "coordinates": [27, -63]}}, {"type": "Feature", "properties": {"name": "p928", "val": 928}, "geometry": {"type": "Point", "coordinates": [28, -62]}}, {"type": "Feature", "properties": {"name": "p929", "val": 929}, "geometry": {"type": "Point", "coordinates": [29, -61]}}, {"type": "Feature", "properties": {"name": "p930", "val": 930}, "geometry": {"type": "Point", "coordinates": [30, -60]}}, {"type": "Feature", "properties": {"name": "p931", "val": 931}, "geometry": {"type": "Point", "coordinates": [31, -59]}}, {"type": "Feature", "properties": {"name": "p932", "val": 932}, "geometry": {"type": "Point", "coordinates": [32, -58]}}, {"type": "Feature", "properties": {"name": "p933", "val": 933}, "geometry": {"type": "Point", "coordinates": [33, -57]}}, {"type": "Feature", "properties": {"name": "p934", "val": 934}, "geometry": {"type": "Point", "coordinates": [34, -56]}}, {"type": "Feature", "properties": {"name": "p935", "val": 935}, "geometry": {"type": "Point", "coordinates": [35, -55]}}, {"type": "Feature", "properties": {"name": "p936", "val": 936}, "geometry": {"type": "Point", "coordinates": [36, -54]}}, {"type": "Feature", "properties": {"name": "p937", "val": 937}, "geometry": {"type": "Point", "coordinates": [37, -53]}}, {"type": "Feature", "properties": {"name": "p938", "val": 938}, "geometry": {"type": "Point", "coordinates": [38, -52]}}, {"type": "Feature", "properties": {"name": "p939", "val": 939}, "geometry": {"type": "Point", "coordinates": [39, -51]}}, {"type": "Feature", "properties": {"name": "p940", "val": 940}, "geometry": {"type": "Point", "coordinates": [40, -50]}}, {"type": "Feature", "properties": {"name": "p941", "val": 941}, "geometry": {"type": "Point", "coordinates": [41, -49]}}, {"type": "Feature", "properties": {"name": "p942", "val": 942}, "geometry": {"type": "Point", "coordinates": [42, -48]}}, {"type": "Feature", "properties": {"name": "p943", "val": 943}, "geometry": {"type": "Point", "coordinates": [43, -47]}}, {"type": "Feature", "properties": {"name": "p944", "val": 944}, "geometry": {"type": "Point", "coordinates": [44, -46]}}, {"type": "Feature", "properties": {"name": "p945", "val": 945}, "geometry": {"type": "Point", "coordinates": [45, -45]}}, {"type": "Feature", "properties": {"name": "p946", "val": 946}, "geometry": {"type": "Point", "coordinates": [46, -44]}}, {"type": "Feature", "properties": {"name": "p947", "val": 947}, "geometry": {"type": "Point", "coordinates": [47, -43]}}, {"type": "Feature", "properties": {"name": "p948", "val": 948}, "geometry": {"type": "Point", "coordinates": [48, -42]}}, {"type": "Feature", "properties": {"name": "p949", "val": 949}, "geometry": {"type": "Point", "coordinates": [49, -41]}}, {"type": "Feature", "properties": {"name": "p950", "val": 950}, "geometry": {"type": "Point", "coordinates": [50, -40]}}, {"type": "Feature", "properties": {"name": "p951", "val": 951}, "geometry": {"type": "Point", "coordinates": [51, -39]}}, {"type": "Feature", "properties": {"name": "p952", "val": 952}, "geometry": {"type": "Point", "coordinates": [52, -38]}}, {"type": "Feature", "properties": {"name": "p953", "val": 953}, "geometry": {"type": "Point", "coordinates": [53, -37]}}, {"type": "Feature", "properties": {"name": "p954", "val": 954}, "geometry": {"type": "Point", "coordinates": [54, -36]}}, {"type": "Feature", "properties": {"name": "p955", "val": 955}, "geometry": {"type": "Point", "coordinates": [55, -35]}}, {"type": "Feature", "properties": {"name": "p956", "val": 956}, "geometry": {"type": "Point", "coordinates": [56, -34]}}, {"type": "Feature", "properties": {"name": "p957", "val": 957}, "geometry": {"type": "Point", "coordinates": [57, -33]}}, {"type": "Feature", "properties": {"name": "p958", "val": 958}, "geometry": {"type": "Point", "coordinates": [58, -32]}}, {"type": "Feature", "properties": {"name": "p959", "val": 959}, "geometry": {"type": "Point", "coordinates": [59, -31]}}, {"type": "Feature", "properties": {"name": "p960", "val": 960}, "geometry": {"type": "Point", "coordinates": [60, -30]}}, {"type": "Feature", "properties": {"name": "p961", "val": 961}, "geometry": {"type": "Point", "coordinates": [61, -29]}}, {"type": "Feature", "properties": {"name": "p962", "val": 962}, "geometry": {"type": "Point", "coordinates": [62, -28]}}, {"type": "Feature", "properties": {"name": "p963", "val": 963}, "geometry": {"type": "Point", "coordinates": [63, -27]}}, {"type": "Feature", "properties": {"name": "p964", "val": 964}, "geometry": {"type": "Point", "coordinates": [64, -26]}}, {"type": "Feature", "properties": {"name": "p965", "val": 965}, "geometry": {"type": "Point", "coordinates": [65, -25]}}, {"type": "Feature", "properties": {"name": "p966", "val": 966}, "geometry": {"type": "Point", "coordinates": [66, -24]}}, {"type": "Feature", "properties": {"name": "p967", "val": 967}, "geometry": {"type": "Point", "coordinates": [67, -23]}}, {"type": "Feature", "properties": {"name": "p968", "val": 968}, "geometry": {"type": "Point", "coordinates": [68, -22]}}, {"type": "Feature", "properties": {"name": "p969", "val": 969}, "geometry": {"type": "Point", "coordinates": [69, -21]}}, {"type": "Feature", "properties": {"name": "p970", "val": 970}, "geometry": {"type": "Point", "coordinates": [70, -20]}}, {"type": "Feature", "properties": {"name": "p971", "val": 971}, "geometry": {"type": "Point", "coordinates": [71, -19]}}, {"type": "Feature", "properties": {"name": "p972", "val": 972}, "geometry": {"type": "Point", "coordinates": [72, -18]}}, {"type": "Feature", "properties": {"name": "p973", "val": 973}, "geometry": {"type": "Point", "coordinates": [73, -17]}}, {"type": "Feature", "properties": {"name": "p974", "val": 974}, "geometry": {"type": "Point", "coordinates": [74, -16]}}, {"type": "Feature", "properties": {"name": "p975", "val": 975}, "geometry": {"type": "Point", "coordinates": [75, -15]}}, {"type": "Feature", "properties": {"name": "p976", "val": 976}, "geometry": {"type": "Point", "coordinates": [76, -14]}}, {"type": "Feature", "properties": {"name": "p977", "val": 977}, "geometry": {"type": "Point", "coordinates": [77, -13]}}, {"type": "Feature", "properties": {"name": "p978", "val": 978}, "geometry": {"type": "Point", "coordinates": [78, -12]}}, {"type": "Feature", "properties": {"name": "p979", "val": 979}, "geometry": {"type": "Point", "coordinates": [79, -11]}}, {"type": "Feature", "properties": {"name": "p980", "val": 980}, "geometry": {"type": "Point", "coordinates": [80, -10]}}, {"type": "Feature", "properties": {"name": "p981", "val": 981}, "geometry": {"type": "Point", "coordinates": [81, -9]}}, {"type": "Feature", "properties": {"name": "p982", "val": 982}, "geometry": {"type": "Point", "coordinates": [82, -8]}}, {"type": "Feature", "properties": {"name": "p983", "val": 983}, "geometry": {"type": "Point", "coordinates": [83, -7]}}, {"type": "Feature", "properties": {"name": "p984", "val": 984}, "geometry": {"type": "Point", "coordinates": [84, -6]}}, {"type": "Feature", "properties": {"name": "p985", "val": 985}, "geometry": {"type": "Point", "coordinates": [85, -5]}}, {"type": "Feature", "properties": {"name": "p986", "val": 986}, "geometry": {"type": "Point", "coordinates": [86, -4]}}, {"type": "Feature", "properties": {"name": "p987", "val": 987}, "geometry": {"type": "Point", "coordinates": [87, -3]}}, {"type": "Feature", "properties": {"name": "p988", "val": 988}, "geometry": {"type": "Point", "coordinates": [88, -2]}}, {"type": "Feature", "properties": {"name": "p989", "val": 989}, "geometry": {"type": "Point", "coordinates": [89, -1]}}, {"type": "Feature", "properties": {"name": "p990", "val": 990}, "geometry": {"type": "Point", "coordinates": [90, 0]}}, {"type": "Feature", "properties": {"name": "p991", "val": 991}, "geometry": {"type": "Point", "coordinates": [91, 1]}}, {"type": "Feature", "properties": {"name": "p992", "val": 992}, "geometry": {"type": "Point", "coordinates": [92, 2]}}, {"type": "Feature", "properties": {"name": "p993", "val": 993}, "geometry": {"type": "Point", "coordinates": [93, 3]}}, {"type": "Feature", "properties": {"name": "p994", "val": 994}, "geometry": {"type": "Point", "coordinates": [94, 4]}}, {"type": "Feature", "properties": {"name": "p995", "val": 995}, "geometry": {"type": "Point", "coordinates": [95, 5]}}, {"type": "Feature", "properties": {"name": "p996", "val": 996}, "geometry": {"type": "Point", "coordinates": [96, 6]}}, {"type": "Feature", "properties": {"name": "p997", "val": 997}, "geometry": {"type": "Point", "coordinates": [97, 7]}}, {"type": "Feature", "properties": {"name": "p998", "val": 998}, "geometry": {"type": "Point", "coordinates": [98, 8]}}, {"type": "Feature", "properties": {"name": "p999", "val": 999}, "geometry": {"type": "Point", "coordinates": [99, 9]}}, {"type": "Feature", "properties": {"name": "p1000", "val": 1000}, "geometry": {"type": "Point", "coordinates": [100, 10]}}, {"type": "Feature", "properties": {"name": "p1001", "val": 1001}, "geometry": {"type": "Point", "coordinates": [101, 11]}}, {"type": "Feature", "properties": {"name": "p1002", "val": 1002}, "geometry": {"type": "Point", "coordinates": [102, 12]}}, {"type": "Feature", "properties": {"name": "p1003", "val": 1003}, "geometry": {"type": "Point", "coordinates": [103, 13]}}, {"type": "Feature", "properties": {"name": "p1004", "val": 1004}, "geometry": {"type": "Point", "coordinates": [104, 14]}}, {"type": "Feature", "properties": {"name": "p1005", "val": 1005}, "geometry": {"type": "Point", "coordinates": [105, 15]}}, {"type": "Feature", "properties": {"name": "p1006", "val": 1006}, "geometry": {"type": "Point", "coordinates": [106, 16]}}, {"type": "Feature", "properties": {"name": "p1007", "val": 1007}, "geometry": {"type": "Point", "coordinates": [107, 17]}}, {"type": "Feature", "properties": {"name": "p1008", "val": 1008}, "geometry": {"type": "Point", "coordinates": [108, 18]}}, {"type": "Feature", "properties": {"name": "p1009", "val": 1009}, "geometry": {"type": "Point", "coordinates": [109, 19]}}, {"type": "Feature", "properties": {"name": "p1010", "val": 1010}, "geometry": {"type": "Point", "coordinates": [110, 20]}}, {"type": "Feature", "properties": {"name": "p1011", "val": 1011}, "geometry": {"type": "Point", "coordinates": [111, 21]}}, {"type": "Feature", "properties": {"name": "p1012", "val": 1012}, "geometry": {"type": "Point", "coordinates": [112, 22]}}, {"type": "Feature", "properties": {"name": "p1013", "val": 1013}, "geometry": {"type": "Point", "coordinates": [113, 23]}}, {"type": "Feature", "properties": {"name": "p1014", "val": 1014}, "geometry": {"type": "Point", "coordinates": [114, 24]}}, {"type": "Feature", "properties": {"name": "p1015", "val": 1015}, "geometry": {"type": "Point", "coordinates": [115, 25]}}, {"type": "Feature", "properties": {"name": "p1016", "val": 1016}, "geometry": {"type": "Point", "coordinates": [116, 26]}}, {"type": "Feature", "properties": {"name": "p1017", "val": 1017}, "geometry": {"type": "Point", "coordinates": [117, 27]}}, {"type": "Feature", "properties": {"name": "p1018", "val": 1018}, "geometry": {"type": "Point", "coordinates": [118, 28]}}, {"type": "Feature", "properties": {"name": "p1019", "val": 1019}, "geometry": {"type": "Point", "coordinates": [119, 29]}}, {"type": "Feature", "properties": {"name": "p1020", "val": 1020}, "geometry": {"type": "Point", "coordinates": [120, 30]}}, {"type": "Feature", "properties": {"name": "p1021", "val": 1021}, "geometry": {"type": "Point", "coordinates": [121, 31]}}, {"type": "Feature", "properties": {"name": "p1022", "val": 1022}, "geometry": {"type": "Point", "coordinates": [122, 32]}}, {"type": "Feature", "properties": {"name": "p1023", "val": 1023}, "geometry": {"type": "Point", "coordinates": [123, 33]}}, {"type": "Feature", "properties": {"name": "p1024", "val": 1024}, "geometry": {"type": "Point", "coordinates": [124, 34]}}, {"type": "Feature", "properties": {"name": "p1025", "val": 1025}, "geometry": {"type": "Point", "coordinates": [125, 35]}}, {"type": "Feature", "properties": {"name": "p1026", "val": 1026}, "geometry": {"type": "Point", "coordinates": [126, 36]}}, {"type": "Feature", "properties": {"name": "p1027", "val": 1027}, "geometry": {"type": "Point", "coordinates": [127, 37]}}, {"type": "Feature", "properties": {"name": "p1028", "val": 1028}, "geometry": {"type": "Point", "coordinates": [128, 38]}}, {"type": "Feature", "properties": {"name": "p1029", "val": 1029}, "geometry": {"type": "Point", "coordinates": [129, 39]}}, {"type": "Feature", "properties": {"name": "p1030", "val": 1030}, "geometry": {"type": "Point", "coordinates": [130, 40]}}, {"type": "Feature", "properties": {"name": "p1031", "val": 1031}, "geometry": {"type": "Point", "coordinates": [131, 41]}}, {"type": "Feature", "properties": {"name": "p1032", "val": 1032}, "geometry": {"type": "Point", "coordinates": [132, 42]}}, {"type": "Feature", "properties": {"name": "p1033", "val": 1033}, "geometry": {"type": "Point", "coordinates": [133, 43]}}, {"type": "Feature", "properties": {"name": "p1034", "val": 1034}, "geometry": {"type": "Point", "coordinates": [134, 44]}}, {"type": "Feature", "properties": {"name": "p1035", "val": 1035}, "geometry": {"type": "Point", "coordinates": [135, 45]}}, {"type": "Feature", "properties": {"name": "p1036", "val": 1036}, "geometry": {"type": "Point", "coordinates": [136, 46]}}, {"type": "Feature", "properties": {"name": "p1037", "val": 1037}, "geometry": {"type": "Point", "coordinates": [137, 47]}}, {"type": "Feature", "properties": {"name": "p1038", "val": 1038}, "geometry": {"type": "Point", "coordinates": [138, 48]}}, {"type": "Feature", "properties": {"name": "p1039", "val": 1039}, "geometry": {"type": "Point", "coordinates": [139, 49]}}, {"type": "Feature", "properties": {"name": "p1040", "val": 1040}, "geometry": {"type": "Point", "coordinates": [140, 50]}}, {"type": "Feature", "properties": {"name": "p1041", "val": 1041}, "geometry": {"type": "Point", "coordinates": [141, 51]}}, {"type": "Feature", "properties": {"name": "p1042", "val": 1042}, "geometry": {"type": "Point", "coordinates": [142, 52]}}, {"type": "Feature", "properties": {"name": "p1043", "val": 1043}, "geometry": {"type": "Point", "coordinates": [143, 53]}}, {"type": "Feature", "properties": {"name": "p1044", "val": 1044}, "geometry": {"type": "Point", "coordinates": [144, 54]}}, {"type": "Feature", "properties": {"name": "p1045", "val": 1045}, "geometry": {"type": "Point", "coordinates": [145, 55]}}, {"type": "Feature", "properties": {"name": "p1046", "val": 1046}, "geometry": {"type": "Point", "coordinates": [146, 56]}}, {"type": "Feature", "properties": {"name": "p1047", "val": 1047}, "geometry": {"type": "Point", "coordinates": [147, 57]}}, {"type": "Feature", "properties": {"name": "p1048", "val": 1048}, "geometry": {"type": "Point", "coordinates": [148, 58]}}, {"type": "Feature", "properties": {"name": "p1049", "val": 1049}, "geometry": {"type": "Point", "coordinates": [149, 59]}}, {"type": "Feature", "properties": {"name": "p1050", "val": 1050}, "geometry": {"type": "Point", "coordinates": [150, 60]}}, {"type": "Feature", "properties": {"name": "p1051", "val": 1051}, "geometry": {"type": "Point", "coordinates": [151, 61]}}, {"type": "Feature", "properties": {"name": "p1052", "val": 1052}, "geometry": {"type": "Point", "coordinates": [152, 62]}}, {"type": "Feature", "properties": {"name": "p1053", "val": 1053}, "geometry": {"type": "Point", "coordinates": [153, 63]}}, {"type": "Feature", "properties": {"name": "p1054", "val": 1054}, "geometry": {"type": "Point", "coordinates": [154, 64]}}, {"type": "Feature", "properties": {"name": "p1055", "val": 1055}, "geometry": {"type": "Point", "coordinates": [155, 65]}}, {"type": "Feature", "properties": {"name": "p1056", "val": 1056}, "geometry": {"type": "Point", "coordinates": [156, 66]}}, {"type": "Feature", "properties": {"name": "p1057", "val": 1057}, "geometry": {"type": "Point", "coordinates": [157, 67]}}, {"type": "Feature", "properties": {"name": "p1058", "val": 1058}, "geometry": {"type": "Point", "coordinates": [158, 68]}}, {"type": "Feature", "properties": {"name": "p1059", "val": 1059}, "geometry": {"type": "Point", "coordinates": [159, 69]}}, {"type": "Feature", "properties": {"name": "p1060", "val": 1060}, "geometry": {"type": "Point", "coordinates": [160, 70]}}, {"type": "Feature", "properties": {"name": "p1061", "val": 1061}, "geometry": {"type": "Point", "coordinates": [161, 71]}}, {"type": "Feature", "properties": {"name": "p1062", "val": 1062}, "geometry": {"type": "Point", "coordinates": [162, 72]}}, {"type": "Feature", "properties": {"name": "p1063", "val": 1063}, "geometry": {"type": "Point", "coordinates": [163, 73]}}, {"type": "Feature", "properties": {"name": "p1064", "val": 1064}, "geometry": {"type": "Point", "coordinates": [164, 74]}}, {"type": "Feature", "properties": {"name": "p1065", "val": 1065}, "geometry": {"type": "Point", "coordinates": [165, 75]}}, {"type": "Feature", "properties": {"name": "p1066", "val": 1066}, "geometry": {"type": "Point", "coordinates": [166, 76]}}, {"type": "Feature", "properties": {"name": "p1067", "val": 1067}, "geometry": {"type": "Point", "coordinates": [167, 77]}}, {"type": "Feature", "properties": {"name": "p1068", "val": 1068}, "geometry": {"type": "Point", "coordinates": [168, 78]}}, {"type": "Feature", "properties": {"name": "p1069", "val": 1069}, "geometry": {"type": "Point", "coordinates": [169, 79]}}, {"type": "Feature", "properties": {"name": "p1070", "val": 1070}, "geometry": {"type": "Point", "coordinates": [170, 80]}}, {"type": "Feature", "properties": {"name": "p1071", "val": 1071}, "geometry": {"type": "Point", "coordinates": [171, 81]}}, {"type": "Feature", "properties": {"name": "p1072", "val": 1072}, "geometry": {"type": "Point", "coordinates": [172, 82]}}, {"type": "Feature", "properties": {"name": "p1073", "val": 1073}, "geometry": {"type": "Point", "coordinates": [173, 83]}}, {"type": "Feature", "properties": {"name": "p1074", "val": 1074}, "geometry": {"type": "Point", "coordinates": [174, 84]}}, {"type": "Feature", "properties": {"name": "p1075", "val": 1075}, "geometry": {"type": "Point", "coordinates": [175, 85]}}, {"type": "Feature", "properties": {"name": "p1076", "val": 1076}, "geometry": {"type": "Point", "coordinates": [176, 86]}}, {"type": "Feature", "properties": {"name": "p1077", "val": 1077}, "geometry": {"type": "Point", "coordinates": [177, 87]}}, {"type": "Feature", "properties": {"name": "p1078", "val": 1078}, "geometry": {"type": "Point", "coordinates": [178, 88]}}, {"type": "Feature", "properties": {"name": "p1079", "val": 1079}, "geometry": {"type": "Point", "coordinates": [179, 89]}}, {"type": "Feature", "properties": {"name": "p1080", "val": 1080}, "geometry": {"type": "Point", "coordinates": [-180, -90]}}, {"type": "Feature", "properties": {"name": "p1081", "val": 1081}, "geometry": {"type": "Point", "coordinates": [-179, -89]}}, {"type": "Feature", "properties": {"name": "p1082", "val": 1082}, "geometry": {"type": "Point", "coordinates": [-178, -88]}}, {"type": "Feature", "properties": {"name": "p1083", "val": 1083}, "geometry": {"type": "Point", "coordinates": [-177, -87]}}, {"type": "Feature", "properties": {"name": "p1084", "val": 1084}, "geometry": {"type": "Point", "coordinates": [-176, -86]}}, {"type": "Feature", "properties": {"name": "p1085", "val": 1085}, "geometry": {"type": "Point", "coordinates": [-175, -85]}}, {"type": "Feature", "properties": {"name": "p1086", "val": 1086}, "geometry": {"type": "Point", "coordinates": [-174, -84]}}, {"type": "Feature", "properties": {"name": "p1087", "val": 1087}, "geometry": {"type": "Point", "coordinates": [-173, -83]}}, {"type": "Feature", "properties": {"name": "p1088", "val": 1088}, "geometry": {"type": "Point", "coordinates": [-172, -82]}}, {"type": "Feature", "properties": {"name": "p1089", "val": 1089}, "geometry": {"type": "Point", "coordinates": [-171, -81]}}, {"type": "Feature", "properties": {"name": "p1090", "val": 1090}, "geometry": {"type": "Point", "coordinates": [-170, -80]}}, {"type": "Feature", "properties": {"name": "p1091", "val": 1091}, "geometry": {"type": "Point", "coordinates": [-169, -79]}}, {"type": "Feature", "properties": {"name": "p1092", "val": 1092}, "geometry": {"type": "Point", "coordinates": [-168, -78]}}, {"type": "Feature", "properties": {"name": "p1093", "val": 1093}, "geometry": {"type": "Point", "coordinates": [-167, -77]}}, {"type": "Feature", "properties": {"name": "p1094", "val": 1094}, "geometry": {"type": "Point", "coordinates": [-166, -76]}}, {"type": "Feature", "properties": {"name": "p1095", "val": 1095}, "geometry": {"type": "Point", "coordinates": [-165, -75]}}, {"type": "Feature", "properties": {"name": "p1096", "val": 1096}, "geometry": {"type": "Point", "coordinates": [-164, -74]}}, {"type": "Feature", "properties": {"name": "p1097", "val": 1097}, "geometry": {"type": "Point", "coordinates": [-163, -73]}}, {"type": "Feature", "properties": {"name": "p1098", "val": 1098}, "geometry": {"type": "Point", "coordinates": [-162, -72]}}, {"type": "Feature", "properties": {"name": "p1099", "val": 1099}, "geometry": {"type": "Point", "coordinates": [-161, -71]}}, {"type": "Feature", "properties": {"name": "p1100", "val": 1100}, "geometry": {"type": "Point", "coordinates": [-160, -70]}}, {"type": "Feature", "properties": {"name": "p1101", "val": 1101}, "geometry": {"type": "Point", "coordinates": [-159, -69]}}, {"type": "Feature", "properties": {"name": "p1102", "val": 1102}, "geometry": {"type": "Point", "coordinates": [-158, -68]}}, {"type": "Feature", "properties": {"name": "p1103", "val": 1103}, "geometry": {"type": "Point", "coordinates": [-157, -67]}}, {"type": "Feature", "properties": {"name": "p1104", "val": 1104}, "geometry": {"type": "Point", "coordinates": [-156, -66]}}, {"type": "Feature", "properties": {"name": "p1105", "val": 1105}, "geometry": {"type": "Point", "coordinates": [-155, -65]}}, {"type": "Feature", "properties": {"name": "p1106", "val": 1106}, "geometry": {"type": "Point", "coordinates": [-154, -64]}}, {"type": "Feature", "properties": {"name": "p1107", "val": 1107}, "geometry": {"type": "Point", "coordinates": [-153, -63]}}, {"type": "Feature", "properties": {"name": "p1108", "val": 1108}, "geometry": {"type": "Point", "coordinates": [-152, -62]}}, {"type": "Feature", "properties": {"name": "p1109", "val": 1109}, "geometry": {"type": "Point", "coordinates": [-151, -61]}}, {"type": "Feature", "properties": {"name": "p1110", "val": 1110}, "geometry": {"type": "Point", "coordinates": [-150, -60]}}, {"type": "Feature", "properties": {"name": "p1111", "val": 1111}, "geometry": {"type": "Point", "coordinates": [-149, -59]}}, {"type": "Feature", "properties": {"name": "p1112", "val": 1112}, "geometry": {"type": "Point", "coordinates": [-148, -58]}}, {"type": "Feature", "properties": {"name": "p1113", "val": 1113}, "geometry": {"type": "Point", "coordinates": [-147, -57]}}, {"type": "Feature", "properties": {"name": "p1114", "val": 1114}, "geometry": {"type": "Point", "coordinates": [-146, -56]}}, {"type": "Feature", "properties": {"name": "p1115", "val": 1115}, "geometry": {"type": "Point", "coordinates": [-145, -55]}}, {"type": "Feature", "properties": {"name": "p1116", "val": 1116}, "geometry": {"type": "Point", "coordinates": [-144, -54]}}, {"type": "Feature", "properties": {"name": "p1117", "val": 1117}, "geometry": {"type": "Point", "coordinates": [-143, -53]}}, {"type": "Feature", "properties": {"name": "p1118", "val": 1118}, "geometry": {"type": "Point", "coordinates": [-142, -52]}}, {"type": "Feature", "properties": {"name": "p1119", "val": 1119}, "geometry": {"type": "Point", "coordinates": [-141, -51]}}, {"type": "Feature", "properties": {"name": "p1120", "val": 1120}, "geometry": {"type": "Point", "coordinates": [-140, -50]}}, {"type": "Feature", "properties": {"name": "p1121", "val": 1121}, "geometry": {"type": "Point", "coordinates": [-139, -49]}}, {"type": "Feature", "properties": {"name": "p1122", "val": 1122}, "geometry": {"type": "Point", "coordinates": [-138, -48]}}, {"type": "Feature", "properties": {"name": "p1123", "val": 1123}, "geometry": {"type": "Point", "coordinates": [-137, -47]}}, {"type": "Feature", "properties": {"name": "p1124", "val": 1124}, "geometry": {"type": "Point", "coordinates": [-136, -46]}}, {"type": "Feature", "properties": {"name": "p1125", "val": 1125}, "geometry": {"type": "Point", "coordinates": [-135, -45]}}, {"type": "Feature", "properties": {"name": "p1126", "val": 1126}, "geometry": {"type": "Point", "coordinates": [-134, -44]}}, {"type": "Feature", "properties": {"name": "p1127", "val": 1127}, "geometry": {"type": "Point", "coordinates": [-133, -43]}}, {"type": "Feature", "properties": {"name": "p1128", "val": 1128}, "geometry": {"type": "Point", "coordinates": [-132, -42]}}, {"type": "Feature", "properties": {"name": "p1129", "val": 1129}, "geometry": {"type": "Point", "coordinates": [-131, -41]}}, {"type": "Feature", "properties": {"name": "p1130", "val": 1130}, "geometry": {"type": "Point", "coordinates": [-130, -40]}}, {"type": "Feature", "properties": {"name": "p1131", "val": 1131}, "geometry": {"type": "Point", "coordinates": [-129, -39]}}, {"type": "Feature", "properties": {"name": "p1132", "val": 1132}, "geometry": {"type": "Point", "coordinates": [-128, -38]}}, {"type": "Feature", "properties": {"name": "p1133", "val": 1133}, "geometry": {"type": "Point", "coordinates": [-127, -37]}}, {"type": "Feature", "properties": {"name": "p1134", "val": 1134}, "geometry": {"type": "Point", "coordinates": [-126, -36]}}, {"type": "Feature", "properties": {"name": "p1135", "val": 1135}, "geometry": {"type": "Point", "coordinates": [-125, -35]}}, {"type": "Feature", "properties": {"name": "p1136", "val": 1136}, "geometry": {"type": "Point", "coordinates": [-124, -34]}}, {"type": "Feature", "properties": {"name": "p1137", "val": 1137}, "geometry": {"type": "Point", "coordinates": [-123, -33]}}, {"type": "Feature", "properties": {"name": "p1138", "val": 1138}, "geometry": {"type": "Point", "coordinates": [-122, -32]}}, {"type": "Feature", "properties": {"name": "p1139", "val": 1139}, "geometry": {"type": "Point", "coordinates": [-121, -31]}}, {"type": "Feature", "properties": {"name": "p1140", "val": 1140}, "geometry": {"type": "Point", "coordinates": [-120, -30]}}, {"type": "Feature", "properties": {"name": "p1141", "val": 1141}, "geometry": {"type": "Point", "coordinates": [-119, -29]}}, {"type": "Feature", "properties": {"name": "p1142", "val": 1142}, "geometry": {"type": "Point", "coordinates": [-118, -28]}}, {"type": "Feature", "properties": {"name": "p1143", "val": 1143}, "geometry": {"type": "Point", "coordinates": [-117, -27]}}, {"type": "Feature", "properties": {"name": "p1144", "val": 1144}, "geometry": {"type": "Point", "coordinates": [-116, -26]}}, {"type": "Feature", "properties": {"name": "p1145", "val": 1145}, "geometry": {"type": "Point", "coordinates": [-115, -25]}}, {"type": "Feature", "properties": {"name": "p1146", "val": 1146}, "geometry": {"type": "Point", "coordinates": [-114, -24]}}, {"type": "Feature", "properties": {"name": "p1147", "val": 1147}, "geometry": {"type": "Point", "coordinates": [-113, -23]}}, {"type": "Feature", "properties": {"name": "p1148", "val": 1148}, "geometry": {"type": "Point", "coordinates": [-112, -22]}}, {"type": "Feature", "properties": {"name": "p1149", "val": 1149}, "geometry": {"type": "Point", "coordinates": [-111, -21]}}, {"type": "Feature", "properties": {"name": "p1150", "val": 1150}, "geometry": {"type": "Point", "coordinates": [-110, -20]}}, {"type": "Feature", "properties": {"name": "p1151", "val": 1151}, "geometry": {"type": "Point", "coordinates": [-109, -19]}}, {"type": "Feature", "properties": {"name": "p1152", "val": 1152}, "geometry": {"type": "Point", "coordinates": [-108, -18]}}, {"type": "Feature", "properties": {"name": "p1153", "val": 1153}, "geometry": {"type": "Point", "coordinates": [-107, -17]}}, {"type": "Feature", "properties": {"name": "p1154", "val": 1154}, "geometry": {"type": "Point", "coordinates": [-106, -16]}}, {"type": "Feature", "properties": {"name": "p1155", "val": 1155}, "geometry": {"type": "Point", "coordinates": [-105, -15]}}, {"type": "Feature", "properties": {"name": "p1156", "val": 1156}, "geometry": {"type": "Point", "coordinates": [-104, -14]}}, {"type": "Feature", "properties": {"name": "p1157", "val": 1157}, "geometry": {"type": "Point", "coordinates": [-103, -13]}}, {"type": "Feature", "properties": {"name": "p1158", "val": 1158}, "geometry": {"type": "Point", "coordinates": [-102, -12]}}, {"type": "Feature", "properties": {"name": "p1159", "val": 1159}, "geometry": {"type": "Point", "coordinates": [-101, -11]}}, {"type": "Feature", "properties": {"name": "p1160", "val": 1160}, "geometry": {"type": "Point", "coordinates": [-100, -10]}}, {"type": "Feature", "properties": {"name": "p1161", "val": 1161}, "geometry": {"type": "Point", "coordinates": [-99, -9]}}, {"type": "Feature", "properties": {"name": "p1162", "val": 1162}, "geometry": {"type": "Point", "coordinates": [-98, -8]}}, {"type": "Feature", "properties": {"name": "p1163", "val": 1163}, "geometry": {"type": "Point", "coordinates": [-97, -7]}}, {"type": "Feature", "properties": {"name": "p1164", "val": 1164}, "geometry": {"type": "Point", "coordinates": [-96, -6]}}, {"type": "Feature", "properties": {"name": "p1165", "val": 1165}, "geometry": {"type": "Point", "coordinates": [-95, -5]}}, {"type": "Feature", "properties": {"name": "p1166", "val": 1166}, "geometry": {"type": "Point", "coordinates": [-94, -4]}}, {"type": "Feature", "properties": {"name": "p1167", "val": 1167}, "geometry": {"type": "Point", "coordinates": [-93, -3]}}, {"type": "Feature", "properties": {"name": "p1168", "val": 1168}, "geometry": {"type": "Point", "coordinates": [-92, -2]}}, {"type": "Feature", "properties": {"name": "p1169", "val": 1169}, "geometry": {"type": "Point", "coordinates": [-91, -1]}}, {"type": "Feature", "properties": {"name": "p1170", "val": 1170}, "geometry": {"type": "Point", "coordinates": [-90, 0]}}, {"type": "Feature", "properties": {"name": "p1171", "val": 1171}, "geometry": {"type": "Point", "coordinates": [-89, 1]}}, {"type": "Feature", "properties": {"name": "p1172", "val": 1172}, "geometry": {"type": "Point", "coordinates": [-88, 2]}}, {"type": "Feature", "properties": {"name": "p1173", "val": 1173}, "geometry": {"type": "Point", "coordinates": [-87, 3]}}, {"type": "Feature", "properties": {"name": "p1174", "val": 1174}, "geometry": {"type": "Point", "coordinates": [-86, 4]}}, {"type": "Feature", "properties": {"name": "p1175", "val": 1175}, "geometry": {"type": "Point", "coordinates": [-85, 5]}}, {"type": "Feature", "properties": {"name": "p1176", "val": 1176}, "geometry": {"type": "Point", "coordinates": [-84, 6]}}, {"type": "Feature", "properties": {"name": "p1177", "val": 1177}, "geometry": {"type": "Point", "coordinates": [-83, 7]}}, {"type": "Feature", "properties": {"name": "p1178", "val": 1178}, "geometry": {"type": "Point", "coordinates": [-82, 8]}}, {"type": "Feature", "properties": {"name": "p1179", "val": 1179}, "geometry": {"type": "Point", "coordinates": [-81, 9]}}, {"type": "Feature", "properties": {"name": "p1180", "val": 1180}, "geometry": {"type": "Point", "coordinates": [-80, 10]}}, {"type": "Feature", "properties": {"name": "p1181", "val": 1181}, "geometry": {"type": "Point", "coordinates": [-79, 11]}}, {"type": "Feature", "properties": {"name": "p1182", "val": 1182}, "geometry": {"type": "Point", "coordinates": [-78, 12]}}, {"type": "Feature", "properties": {"name": "p1183", "val": 1183}, "geometry": {"type": "Point", "coordinates": [-77, 13]}}, {"type": "Feature", "properties": {"name": "p1184", "val": 1184}, "geometry": {"type": "Point", "coordinates": [-76, 14]}}, {"type": "Feature", "properties": {"name": "p1185", "val": 1185}, "geometry": {"type": "Point", "coordinates": [-75, 15]}}, {"type": "Feature", "properties": {"name": "p1186", "val": 1186}, "geometry": {"type": "Point", "coordinates": [-74, 16]}}, {"type": "Feature", "properties": {"name": "p1187", "val": 1187}, "geometry": {"type": "Point", "coordinates": [-73, 17]}}, {"type": "Feature", "properties": {"name": "p1188", "val": 1188}, "geometry": {"type": "Point", "coordinates": [-72, 18]}}, {"type": "Feature", "properties": {"name": "p1189", "val": 1189}, "geometry": {"type": "Point", "coordinates": [-71, 19]}}, {"type": "Feature", "properties": {"name": "p1190", "val": 1190}, "geometry": {"type": "Point", "coordinates": [-70, 20]}}, {"type": "Feature", "properties": {"name": "p1191", "val": 1191}, "geometry": {"type": "Point", "coordinates": [-69, 21]}}, {"type": "Feature", "properties": {"name": "p1192", "val": 1192}, "geometry": {"type": "Point", "coordinates": [-68, 22]}}, {"type": "Feature", "properties": {"name": "p1193", "val": 1193}, "geometry": {"type": "Point", "coordinates": [-67, 23]}}, {"type": "Feature", "properties": {"name": "p1194", "val": 1194}, "geometry": {"type": "Point", "coordinates": [-66, 24]}}, {"type": "Feature", "properties": {"name": "p1195", "val": 1195}, "geometry": {"type": "Point", "coordinates": [-65, 25]}}, {"type": "Feature", "properties": {"name": "p1196", "val": 1196}, "geometry": {"type": "Point", "coordinates": [-64, 26]}}, {"type": "Feature", "properties": {"name": "p1197", "val": 1197}, "geometry": {"type": "Point", "coordinates": [-63, 27]}}, {"type": "Feature", "properties": {"name": "p1198", "val": 1198}, "geometry": {"type": "Point", "coordinates": [-62, 28]}}, {"type": "Feature", "properties": {"name": "p1199", "val": 1199}, "geometry": {"type": "Point", "coordinates": [-61, 29]}}, {"type": "Feature", "properties": {"name": "p1200", "val": 1200}, "geometry": {"type": "Point", "coordinates": [-60, 30]}}, {"type": "Feature", "properties": {"name": "p1201", "val": 1201}, "geometry": {"type": "Point", "coordinates": [-59, 31]}}, {"type": "Feature", "properties": {"name": "p1202", "val": 1202}, "geometry": {"type": "Point", "coordinates": [-58, 32]}}, {"type": "Feature", "properties": {"name": "p1203", "val": 1203}, "geometry": {"type": "Point", "coordinates": [-57, 33]}}, {"type": "Feature", "properties": {"name": "p1204", "val": 1204}, "geometry": {"type": "Point", "coordinates": [-56, 34]}}, {"type": "Feature", "properties": {"name": "p1205", "val": 1205}, "geometry": {"type": "Point", "coordinates": [-55, 35]}}, {"type": "Feature", "properties": {"name": "p1206", "val": 1206}, "geometry": {"type": "Point", "coordinates": [-54, 36]}}, {"type": "Feature", "properties": {"name": "p1207", "val": 1207}, "geometry": {"type": "Point", "coordinates": [-53, 37]}}, {"type": "Feature", "properties": {"name": "p1208", "val": 1208}, "geometry": {"type": "Point", "coordinates": [-52, 38]}}, {"type": "Feature", "properties": {"name": "p1209", "val": 1209}, "geometry": {"type": "Point", "coordinates": [-51, 39]}}, {"type": "Feature", "properties": {"name": "p1210", "val": 1210}, "geometry": {"type": "Point", "coordinates": [-50, 40]}}, {"type": "Feature", "properties": {"name": "p1211", "val": 1211}, "geometry": {"type": "Point", "coordinates": [-49, 41]}}, {"type": "Feature", "properties": {"name": "p1212", "val": 1212}, "geometry": {"type": "Point", "coordinates": [-48, 42]}}, {"type": "Feature", "properties": {"name": "p1213", "val": 1213}, "geometry": {"type": "Point", "coordinates": [-47, 43]}}, {"type": "Feature", "properties": {"name": "p1214", "val": 1214}, "geometry": {"type": "Point", "coordinates": [-46, 44]}}, {"type": "Feature", "properties": {"name": "p1215", "val": 1215}, "geometry": {"type": "Point", "coordinates": [-45, 45]}}, {"type": "Feature", "properties": {"name": "p1216", "val": 1216}, "geometry": {"type": "Point", "coordinates": [-44, 46]}}, {"type": "Feature", "properties": {"name": "p1217", "val": 1217}, "geometry": {"type": "Point", "coordinates": [-43, 47]}}, {"type": "Feature", "properties": {"name": "p1218", "val": 1218}, "geometry": {"type": "Point", "coordinates": [-42, 48]}}, {"type": "Feature", "properties": {"name": "p1219", "val": 1219}, "geometry": {"type": "Point", "coordinates": [-41, 49]}}, {"type": "Feature", "properties": {"name": "p1220", "val": 1220}, "geometry": {"type": "Point", "coordinates": [-40, 50]}}, {"type": "Feature", "properties": {"name": "p1221", "val": 1221}, "geometry": {"type": "Point", "coordinates": [-39, 51]}}, {"type": "Feature", "properties": {"name": "p1222", "val": 1222}, "geometry": {"type": "Point", "coordinates": [-38, 52]}}, {"type": "Feature", "properties": {"name": "p1223", "val": 1223}, "geometry": {"type": "Point", "coordinates": [-37, 53]}}, {"type": "Feature", "properties": {"name": "p1224", "val": 1224}, "geometry": {"type": "Point", "coordinates": [-36, 54]}}, {"type": "Feature", "properties": {"name": "p1225", "val": 1225}, "geometry": {"type": "Point", "coordinates": [-35, 55]}}, {"type": "Feature", "properties": {"name": "p1226", "val": 1226}, "geometry": {"type": "Point", "coordinates": [-34, 56]}}, {"type": "Feature", "properties": {"name": "p1227", "val": 1227}, "geometry": {"type": "Point", "coordinates": [-33, 57]}}, {"type": "Feature", "properties": {"name": "p1228", "val": 1228}, "geometry": {"type": "Point", "coordinates": [-32, 58]}}, {"type": "Feature", "properties": {"name": "p1229", "val": 1229}, "geometry": {"type": "Point", "coordinates": [-31, 59]}}, {"type": "Feature", "properties": {"name": "p1230", "val": 1230}, "geometry": {"type": "Point", "coordinates": [-30, 60]}}, {"type": "Feature", "properties": {"name": "p1231", "val": 1231}, "geometry": {"type": "Point", "coordinates": [-29, 61]}}, {"type": "Feature", "properties": {"name": "p1232", "val": 1232}, "geometry": {"type": "Point", "coordinates": [-28, 62]}}, {"type": "Feature", "properties": {"name": "p1233", "val": 1233}, "geometry": {"type": "Point", "coordinates": [-27, 63]}}, {"type": "Feature", "properties": {"name": "p1234", "val": 1234}, "geometry": {"type": "Point", "coordinates": [-26, 64]}}, {"type": "Feature", "properties": {"name": "p1235", "val": 1235}, "geometry": {"type": "Point", "coordinates": [-25, 65]}}, {"type": "Feature", "properties": {"name": "p1236", "val": 1236}, "geometry": {"type": "Point", "coordinates": [-24, 66]}}, {"type": "Feature", "properties": {"name": "p1237", "val": 1237}, "geometry": {"type": "Point", "coordinates": [-23, 67]}}, {"type": "Feature", "properties": {"name": "p1238", "val": 1238}, "geometry": {"type": "Point", "coordinates": [-22, 68]}}, {"type": "Feature", "properties": {"name": "p1239", "val": 1239}, "geometry": {"type": "Point", "coordinates": [-21, 69]}}, {"type": "Feature", "properties": {"name": "p1240", "val": 1240}, "geometry": {"type": "Point", "coordinates": [-20, 70]}}, {"type": "Feature", "properties": {"name": "p1241", "val": 1241}, "geometry": {"type": "Point", "coordinates": [-19, 71]}}, {"type": "Feature", "properties": {"name": "p1242", "val": 1242}, "geometry": {"type": "Point", "coordinates": [-18, 72]}}, {"type": "Feature", "properties": {"name": "p1243", "val": 1243}, "geometry": {"type": "Point", "coordinates": [-17, 73]}}, {"type": "Feature", "properties": {"name": "p1244", "val": 1244}, "geometry": {"type": "Point", "coordinates": [-16, 74]}}, {"type": "Feature", "properties": {"name": "p1245", "val": 1245}, "geometry": {"type": "Point", "coordinates": [-15, 75]}}, {"type": "Feature", "properties": {"name": "p1246", "val": 1246}, "geometry": {"type": "Point", "coordinates": [-14, 76]}}, {"type": "Feature", "properties": {"name": "p1247", "val": 1247}, "geometry": {"type": "Point", "coordinates": [-13, 77]}}, {"type": "Feature", "properties": {"name": "p1248", "val": 1248}, "geometry": {"type": "Point", "coordinates": [-12, 78]}}, {"type": "Feature", "properties": {"name": "p1249", "val": 1249}, "geometry": {"type": "Point", "coordinates": [-11, 79]}}, {"type": "Feature", "properties": {"name": "p1250", "val": 1250}, "geometry": {"type": "Point", "coordinates": [-10, 80]}}, {"type": "Feature", "properties": {"name": "p1251", "val": 1251}, "geometry": {"type": "Point", "coordinates": [-9, 81]}}, {"type": "Feature", "properties": {"name": "p1252", "val": 1252}, "geometry": {"type": "Point", "coordinates": [-8, 82]}}, {"type": "Feature", "properties": {"name": "p1253", "val": 1253}, "geometry": {"type": "Point", "coordinates": [-7, 83]}}, {"type": "Feature", "properties": {"name": "p1254", "val": 1254}, "geometry": {"type": "Point", "coordinates": [-6, 84]}}, {"type": "Feature", "properties": {"name": "p1255", "val": 1255}, "geometry": {"type": "Point", "coordinates": [-5, 85]}}, {"type": "Feature", "properties": {"name": "p1256", "val": 1256}, "geometry": {"type": "Point", "coordinates": [-4, 86]}}, {"type": "Feature", "properties": {"name": "p1257", "val": 1257}, "geometry": {"type": "Point", "coordinates": [-3, 87]}}, {"type": "Feature", "properties": {"name": "p1258", "val": 1258}, "geometry": {"type": "Point", "coordinates": [-2, 88]}}, {"type": "Feature", "properties": {"name": "p1259", "val": 1259}, "geometry": {"type": "Point", "coordinates": [-1, 89]}}, {"type": "Feature", "properties": {"name": "p1260", "val": 1260}, "geometry": {"type": "Point", "coordinates": [0, -90]}}, {"type": "Feature", "properties": {"name": "p1261", "val": 1261}, "geometry": {"type": "Point", "coordinates": [1, -89]}}, {"type": "Feature", "properties": {"name": "p1262", "val": 1262}, "geometry": {"type": "Point", "coordinates": [2, -88]}}, {"type": "Feature", "properties": {"name": "p1263", "val": 1263}, "geometry": {"type": "Point", "coordinates": [3, -87]}}, {"type": "Feature", "properties": {"name": "p1264", "val": 1264}, "geometry": {"type": "Point", "coordinates": [4, -86]}}, {"type": "Feature", "properties": {"name": "p1265", "val": 1265}, "geometry": {"type": "Point", "coordinates": [5, -85]}}, {"type": "Feature", "properties": {"name": "p1266", "val": 1266}, "geometry": {"type": "Point", "coordinates": [6, -84]}}, {"type": "Feature", "properties": {"name": "p1267", "val": 1267}, "geometry": {"type": "Point", "coordinates": [7, -83]}}, {"type": "Feature", "properties": {"name": "p1268", "val": 1268}, "geometry": {"type": "Point", "coordinates": [8, -82]}}, {"type": "Feature", "properties": {"name": "p1269", "val": 1269}, "geometry": {"type": "Point", "coordinates": [9, -81]}}, {"type": "Feature", "properties": {"name": "p1270", "val": 1270}, "geometry": {"type": "Point", "coordinates": [10, -80]}}, {"type": "Feature", "properties": {"name": "p1271", "val": 1271}, "geometry": {"type": "Point", "coordinates": [11, -79]}}, {"type": "Feature", "properties": {"name": "p1272", "val": 1272}, "geometry": {"type": "Point", "coordinates": [12, -78]}}, {"type": "Feature", "properties": {"name": "p1273", "val": 1273}, "geometry": {"type": "Point", "coordinates": [13, -77]}}, {"type": "Feature", "properties": {"name": "p1274", "val": 1274}, "geometry": {"type": "Point", "coordinates": [14, -76]}}, {"type": "Feature", "properties": {"name": "p1275", "val": 1275}, "geometry": {"type": "Point", "coordinates": [15, -75]}}, {"type": "Feature", "properties": {"name": "p1276", "val": 1276}, "geometry": {"type": "Point", "coordinates": [16, -74]}}, {"type": "Feature", "properties": {"name": "p1277", "val": 1277}, "geometry": {"type": "Point", "coordinates": [17, -73]}}, {"type": "Feature", "properties": {"name": "p1278", "val": 1278}, "geometry": {"type": "Point", "coordinates": [18, -72]}}, {"type": "Feature", "properties": {"name": "p1279", "val": 1279}, "geometry": {"type": "Point", "coordinates": [19, -71]}}, {"type": "Feature", "properties": {"name": "p1280", "val": 1280}, "geometry": {"type": "Point", "coordinates": [20, -70]}}, {"type": "Feature", "properties": {"name": "p1281", "val": 1281}, "geometry": {"type": "Point", "coordinates": [21, -69]}}, {"type": "Feature", "properties": {"name": "p1282", "val": 1282}, "geometry": {"type": "Point", "coordinates": [22, -68]}}, {"type": "Feature", "properties": {"name": "p1283", "val": 1283}, "geometry": {"type": "Point", "coordinates": [23, -67]}}, {"type": "Feature", "properties": {"name": "p1284", "val": 1284}, "geometry": {"type": "Point", "coordinates": [24, -66]}}, {"type": "Feature", "properties": {"name": "p1285", "val": 1285}, "geometry": {"type": "Point", "coordinates": [25, -65]}}, {"type": "Feature", "properties": {"name": "p1286", "val": 1286}, "geometry": {"type": "Point", "coordinates": [26, -64]}}, {"type": "Feature", "properties": {"name": "p1287", "val": 1287}, "geometry": {"type": "Point", "coordinates": [27, -63]}}, {"type": "Feature", "properties": {"name": "p1288", "val": 1288}, "geometry": {"type": "Point", "coordinates": [28, -62]}}, {"type": "Feature", "properties": {"name": "p1289", "val": 1289}, "geometry": {"type": "Point", "coordinates": [29, -61]}}, {"type": "Feature", "properties": {"name": "p1290", "val": 1290}, "geometry": {"type": "Point", "coordinates": [30, -60]}}, {"type": "Feature", "properties": {"name": "p1291", "val": 1291}, "geometry": {"type": "Point", "coordinates": [31, -59]}}, {"type": "Feature", "properties": {"name": "p1292", "val": 1292}, "geometry": {"type": "Point", "coordinates": [32, -58]}}, {"type": "Feature", "properties": {"name": "p1293", "val": 1293}, "geometry": {"type": "Point", "coordinates": [33, -57]}}, {"type": "Feature", "properties": {"name": "p1294", "val": 1294}, "geometry": {"type": "Point", "coordinates": [34, -56]}}, {"type": "Feature", "properties": {"name": "p1295", "val": 1295}, "geometry": {"type": "Point", "coordinates": [35, -55]}}, {"type": "Feature", "properties": {"name": "p1296", "val": 1296}, "geometry": {"type": "Point", "coordinates": [36, -54]}}, {"type": "Feature", "properties": {"name": "p1297", "val": 1297}, "geometry": {"type": "Point", "coordinates": [37, -53]}}, {"type": "Feature", "properties": {"name": "p1298", "val": 1298}, "geometry": {"type": "Point", "coordinates": [38, -52]}}, {"type": "Feature", "properties": {"name": "p1299", "val": 1299}, "geometry": {"type": "Point", "coordinates": [39, -51]}}, {"type": "Feature", "properties": {"name": "p1300", "val": 1300}, "geometry": {"type": "Point", "coordinates": [40, -50]}}, {"type": "Feature", "properties": {"name": "p1301", "val": 1301}, "geometry": {"type": "Point", "coordinates": [41, -49]}}, {"type": "Feature", "properties": {"name": "p1302", "val": 1302}, "geometry": {"type": "Point", "coordinates": [42, -48]}}, {"type": "Feature", "properties": {"name": "p1303", "val": 1303}, "geometry": {"type": "Point", "coordinates": [43, -47]}}, {"type": "Feature", "properties": {"name": "p1304", "val": 1304}, "geometry": {"type": "Point", "coordinates": [44, -46]}}, {"type": "Feature", "properties": {"name": "p1305", "val": 1305}, "geometry": {"type": "Point", "coordinates": [45, -45]}}, {"type": "Feature", "properties": {"name": "p1306", "val": 1306}, "geometry": {"type": "Point", "coordinates": [46, -44]}}, {"type": "Feature", "properties": {"name": "p1307", "val": 1307}, "geometry": {"type": "Point", "coordinates": [47, -43]}}, {"type": "Feature", "properties": {"name": "p1308", "val": 1308}, "geometry": {"type": "Point", "coordinates": [48, -42]}}, {"type": "Feature", "properties": {"name": "p1309", "val": 1309}, "geometry": {"type": "Point", "coordinates": [49, -41]}}, {"type": "Feature", "properties": {"name": "p1310", "val": 1310}, "geometry": {"type": "Point", "coordinates": [50, -40]}}, {"type": "Feature", "properties": {"name": "p1311", "val": 1311}, "geometry": {"type": "Point", "coordinates": [51, -39]}}, {"type": "Feature", "properties": {"name": "p1312", "val": 1312}, "geometry": {"type": "Point", "coordinates": [52, -38]}}, {"type": "Feature", "properties": {"name": "p1313", "val": 1313}, "geometry": {"type": "Point", "coordinates": [53, -37]}}, {"type": "Feature", "properties": {"name": "p1314", "val": 1314}, "geometry": {"type": "Point", "coordinates": [54, -36]}}, {"type": "Feature", "properties": {"name": "p1315", "val": 1315}, "geometry": {"type": "Point", "coordinates": [55, -35]}}, {"type": "Feature", "properties": {"name": "p1316", "val": 1316}, "geometry": {"type": "Point", "coordinates": [56, -34]}}, {"type": "Feature", "properties": {"name": "p1317", "val": 1317}, "geometry": {"type": "Point", "coordinates": [57, -33]}}, {"type": "Feature", "properties": {"name": "p1318", "val": 1318}, "geometry": {"type": "Point", "coordinates": [58, -32]}}, {"type": "Feature", "properties": {"name": "p1319", "val": 1319}, "geometry": {"type": "Point", "coordinates": [59, -31]}}, {"type": "Feature", "properties": {"name": "p1320", "val": 1320}, "geometry": {"type": "Point", "coordinates": [60, -30]}}, {"type": "Feature", "properties": {"name": "p1321", "val": 1321}, "geometry": {"type": "Point", "coordinates": [61, -29]}}, {"type": "Feature", "properties": {"name": "p1322", "val": 1322}, "geometry": {"type": "Point", "coordinates": [62, -28]}}, {"type": "Feature", "properties": {"name": "p1323", "val": 1323}, "geometry": {"type": "Point", "coordinates": [63, -27]}}, {"type": "Feature", "properties": {"name": "p1324", "val": 1324}, "geometry": {"type": "Point", "coordinates": [64, -26]}}, {"type": "Feature", "properties": {"name": "p1325", "val": 1325}, "geometry": {"type": "Point", "coordinates": [65, -25]}}, {"type": "Feature", "properties": {"name": "p1326", "val": 1326}, "geometry": {"type": "Point", "coordinates": [66, -24]}}, {"type": "Feature", "properties": {"name": "p1327", "val": 1327}, "geometry": {"type": "Point", "coordinates": [67, -23]}}, {"type": "Feature", "properties": {"name": "p1328", "val": 1328}, "geometry": {"type": "Point", "coordinates": [68, -22]}}, {"type": "Feature", "properties": {"name": "p1329", "val": 1329}, "geometry": {"type": "Point", "coordinates": [69, -21]}}, {"type": "Feature", "properties": {"name": "p1330", "val": 1330}, "geometry": {"type": "Point", "coordinates": [70, -20]}}, {"type": "Feature", "properties": {"name": "p1331", "val": 1331}, "geometry": {"type": "Point", "coordinates": [71, -19]}}, {"type": "Feature", "properties": {"name": "p1332", "val": 1332}, "geometry": {"type": "Point", "coordinates": [72, -18]}}, {"type": "Feature", "properties": {"name": "p1333", "val": 1333}, "geometry": {"type": "Point", "coordinates": [73, -17]}}, {"type": "Feature", "properties": {"name": "p1334", "val": 1334}, "geometry": {"type": "Point", "coordinates": [74, -16]}}, {"type": "Feature", "properties": {"name": "p1335", "val": 1335}, "geometry": {"type": "Point", "coordinates": [75, -15]}}, {"type": "Feature", "properties": {"name": "p1336", "val": 1336}, "geometry": {"type": "Point", "coordinates": [76, -14]}}, {"type": "Feature", "properties": {"name": "p1337", "val": 1337}, "geometry": {"type": "Point", "coordinates": [77, -13]}}, {"type": "Feature", "properties": {"name": "p1338", "val": 1338}, "geometry": {"type": "Point", "coordinates": [78, -12]}}, {"type": "Feature", "properties": {"name": "p1339", "val": 1339}, "geometry": {"type": "Point", "coordinates": [79, -11]}}, {"type": "Feature", "properties": {"name": "p1340", "val": 1340}, "geometry": {"type": "Point", "coordinates": [80, -10]}}, {"type": "Feature", "properties": {"name": "p1341", "val": 1341}, "geometry": {"type": "Point", "coordinates": [81, -9]}}, {"type": "Feature", "properties": {"name": "p1342", "val": 1342}, "geometry": {"type": "Point", "coordinates": [82, -8]}}, {"type": "Feature", "properties": {"name": "p1343", "val": 1343}, "geometry": {"type": "Point", "coordinates": [83, -7]}}, {"type": "Feature", "properties": {"name": "p1344", "val": 1344}, "geometry": {"type": "Point", "coordinates": [84, -6]}}, {"type": "Feature", "properties": {"name": "p1345", "val": 1345}, "geometry": {"type": "Point", "coordinates": [85, -5]}}, {"type": "Feature", "properties": {"name": "p1346", "val": 1346}, "geometry": {"type": "Point", "coordinates": [86, -4]}}, {"type": "Feature", "properties": {"name": "p1347", "val": 1347}, "geometry": {"type": "Point", "coordinates": [87, -3]}}, {"type": "Feature", "properties": {"name": "p1348", "val": 1348}, "geometry": {"type": "Point", "coordinates": [88, -2]}}, {"type": "Feature", "properties": {"name": "p1349", "val": 1349}, "geometry": {"type": "Point", "coordinates": [89, -1]}}, {"type": "Feature", "properties": {"name": "p1350", "val": 1350}, "geometry": {"type": "Point", "coordinates": [90, 0]}}, {"type": "Feature", "properties": {"name": "p1351", "val": 1351}, "geometry": {"type": "Point", "coordinates": [91, 1]}}, {"type": "Feature", "properties": {"name": "p1352", "val": 1352}, "geometry": {"type": "Point", "coordinates": [92, 2]}}, {"type": "Feature", "properties": {"name": "p1353", "val": 1353}, "geometry": {"type": "Point", "coordinates": [93, 3]}}, {"type": "Feature", "properties": {"name": "p1354", "val": 1354}, "geometry": {"type": "Point", "coordinates": [94, 4]}}, {"type": "Feature", "properties": {"name": "p1355", "val": 1355}, "geometry": {"type": "Point", "coordinates": [95, 5]}}, {"type": "Feature", "properties": {"name": "p1356", "val": 1356}, "geometry": {"type": "Point", "coordinates": [96, 6]}}, {"type": "Feature", "properties": {"name": "p1357", "val": 1357}, "geometry": {"type": "Point", "coordinates": [97, 7]}}, {"type": "Feature", "properties": {"name": "p1358", "val": 1358}, "geometry": {"type": "Point", "coordinates": [98, 8]}}, {"type": "Feature", "properties": {"name": "p1359", "val": 1359}, "geometry": {"type": "Point", "coordinates": [99, 9]}}, {"type": "Feature", "properties": {"name": "p1360", "val": 1360}, "geometry": {"type": "Point", "coordinates": [100, 10]}}, {"type": "Feature", "properties": {"name": "p1361", "val": 1361}, "geometry": {"type": "Point", "coordinates": [101, 11]}}, {"type": "Feature", "properties": {"name": "p1362", "val": 1362}, "geometry": {"type": "Point", "coordinates": [102, 12]}}, {"type": "Feature", "properties": {"name": "p1363", "val": 1363}, "geometry": {"type": "Point", "coordinates": [103, 13]}}, {"type": "Feature", "properties": {"name": "p1364", "val": 1364}, "geometry": {"type": "Point", "coordinates": [104, 14]}}, {"type": "Feature", "properties": {"name": "p1365", "val": 1365}, "geometry": {"type": "Point", "coordinates": [105, 15]}}, {"type": "Feature", "properties": {"name": "p1366", "val": 1366}, "geometry": {"type": "Point", "coordinates": [106, 16]}}, {"type": "Feature", "properties": {"name": "p1367", "val": 1367}, "geometry": {"type": "Point", "coordinates": [107, 17]}}, {"type": "Feature", "properties": {"name": "p1368", "val": 1368}, "geometry": {"type": "Point", "coordinates": [108, 18]}}, {"type": "Feature", "properties": {"name": "p1369", "val": 1369}, "geometry": {"type": "Point", "coordinates": [109, 19]}}, {"type": "Feature", "properties": {"name": "p1370", "val": 1370}, "geometry": {"type": "Point", "coordinates": [110, 20]}}, {"type": "Feature", "properties": {"name": "p1371", "val": 1371}, "geometry": {"type": "Point", "coordinates": [111, 21]}}, {"type": "Feature", "properties": {"name": "p1372", "val": 1372}, "geometry": {"type": "Point", "coordinates": [112, 22]}}, {"type": "Feature", "properties": {"name": "p1373", "val": 1373}, "geometry": {"type": "Point", "coordinates": [113, 23]}}, {"type": "Feature", "properties": {"name": "p1374", "val": 1374}, "geometry": {"type": "Point", "coordinates": [114, 24]}}, {"type": "Feature", "properties": {"name": "p1375", "val": 1375}, "geometry": {"type": "Point", "coordinates": [115, 25]}}, {"type": "Feature", "properties": {"name": "p1376", "val": 1376}, "geometry": {"type": "Point", "coordinates": [116, 26]}}, {"type": "Feature", "properties": {"name": "p1377", "val": 1377}, "geometry": {"type": "Point", "coordinates": [117, 27]}}, {"type": "Feature", "properties": {"name": "p1378", "val": 1378}, "geometry": {"type": "Point", "coordinates": [118, 28]}}, {"type": "Feature", "properties": {"name": "p1379", "val": 1379}, "geometry": {"type": "Point", "coordinates": [119, 29]}}, {"type": "Feature", "properties": {"name": "p1380", "val": 1380}, "geometry": {"type": "Point", "coordinates": [120, 30]}}, {"type": "Feature", "properties": {"name": "p1381", "val": 1381}, "geometry": {"type": "Point", "coordinates": [121, 31]}}, {"type": "Feature", "properties": {"name": "p1382", "val": 1382}, "geometry": {"type": "Point", "coordinates": [122, 32]}}, {"type": "Feature", "properties": {"name": "p1383", "val": 1383}, "geometry": {"type": "Point", "coordinates": [123, 33]}}, {"type": "Feature", "properties": {"name": "p1384", "val": 1384}, "geometry": {"type": "Point", "coordinates": [124, 34]}}, {"type": "Feature", "properties": {"name": "p1385", "val": 1385}, "geometry": {"type": "Point", "coordinates": [125, 35]}}, {"type": "Feature", "properties": {"name": "p1386", "val": 1386}, "geometry": {"type": "Point", "coordinates": [126, 36]}}, {"type": "Feature", "properties": {"name": "p1387", "val": 1387}, "geometry": {"type": "Point", "coordinates": [127, 37]}}, {"type": "Feature", "properties": {"name": "p1388", "val": 1388}, "geometry": {"type": "Point", "coordinates": [128, 38]}}, {"type": "Feature", "properties": {"name": "p1389", "val": 1389}, "geometry": {"type": "Point", "coordinates": [129, 39]}}, {"type": "Feature", "properties": {"name": "p1390", "val": 1390}, "geometry": {"type": "Point", "coordinates": [130, 40]}}, {"type": "Feature", "properties": {"name": "p1391", "val": 1391}, "geometry": {"type": "Point", "coordinates": [131, 41]}}, {"type": "Feature", "properties": {"name": "p1392", "val": 1392}, "geometry": {"type": "Point", "coordinates": [132, 42]}}, {"type": "Feature", "properties": {"name": "p1393", "val": 1393}, "geometry": {"type": "Point", "coordinates": [133, 43]}}, {"type": "Feature", "properties": {"name": "p1394", "val": 1394}, "geometry": {"type": "Point", "coordinates": [134, 44]}}, {"type": "Feature", "properties": {"name": "p1395", "val": 1395}, "geometry": {"type": "Point", "coordinates": [135, 45]}}, {"type": "Feature", "properties": {"name": "p1396", "val": 1396}, "geometry": {"type": "Point", "coordinates": [136, 46]}}, {"type": "Feature", "properties": {"name": "p1397", "val": 1397}, "geometry": {"type": "Point", "coordinates": [137, 47]}}, {"type": "Feature", "properties": {"name": "p1398", "val": 1398}, "geometry": {"type": "Point", "coordinates": [138, 48]}}, {"type": "Feature", "properties": {"name": "p1399", "val": 1399}, "geometry": {"type": "Point", "coordinates": [139, 49]}}, {"type": "Feature", "properties": {"name": "p1400", "val": 1400}, "geometry": {"type": "Point", "coordinates": [140, 50]}}, {"type": "Feature", "properties": {"name": "p1401", "val": 1401}, "geometry": {"type": "Point", "coordinates": [141, 51]}}, {"type": "Feature", "properties": {"name": "p1402", "val": 1402}, "geometry": {"type": "Point", "coordinates": [142, 52]}}, {"type": "Feature", "properties": {"name": "p1403", "val": 1403}, "geometry": {"type": "Point", "coordinates": [143, 53]}}, {"type": "Feature", "properties": {"name": "p1404", "val": 1404}, "geometry": {"type": "Point", "coordinates": [144, 54]}}, {"type": "Feature", "properties": {"name": "p1405", "val": 1405}, "geometry": {"type": "Point", "coordinates": [145, 55]}}, {"type": "Feature", "properties": {"name": "p1406", "val": 1406}, "geometry": {"type": "Point", "coordinates": [146, 56]}}, {"type": "Feature", "properties": {"name": "p1407", "val": 1407}, "geometry": {"type": "Point", "coordinates": [147, 57]}}, {"type": "Feature", "properties": {"name": "p1408", "val": 1408}, "geometry": {"type": "Point", "coordinates": [148, 58]}}, {"type": "Feature", "properties": {"name": "p1409", "val": 1409}, "geometry": {"type": "Point", "coordinates": [149, 59]}}, {"type": "Feature", "properties": {"name": "p1410", "val": 1410}, "geometry": {"type": "Point", "coordinates": [150, 60]}}, {"type": "Feature", "properties": {"name": "p1411", "val": 1411}, "geometry": {"type": "Point", "coordinates": [151, 61]}}, {"type": "Feature", "properties": {"name": "p1412", "val": 1412}, "geometry": {"type": "Point", "coordinates": [152, 62]}}, {"type": "Feature", "properties": {"name": "p1413", "val": 1413}, "geometry": {"type": "Point", "coordinates": [153, 63]}}, {"type": "Feature", "properties": {"name": "p1414", "val": 1414}, "geometry": {"type": "Point", "coordinates": [154, 64]}}, {"type": "Feature", "properties": {"name": "p1415", "val": 1415}, "geometry": {"type": "Point", "coordinates": [155, 65]}}, {"type": "Feature", "properties": {"name": "p1416", "val": 1416}, "geometry": {"type": "Point", "coordinates": [156, 66]}}, {"type": "Feature", "properties": {"name": "p1417", "val": 1417}, "geometry": {"type": "Point", "coordinates": [157, 67]}}, {"type": "Feature", "properties": {"name": "p1418", "val": 1418}, "geometry": {"type": "Point", "coordinates": [158, 68]}}, {"type": "Feature", "properties": {"name": "p1419", "val": 1419}, "geometry": {"type": "Point", "coordinates": [159, 69]}}, {"type": "Feature", "properties": {"name": "p1420", "val": 1420}, "geometry": {"type": "Point", "coordinates": [160, 70]}}, {"type": "Feature", "properties": {"name": "p1421", "val": 1421}, "geometry": {"type": "Point", "coordinates": [161, 71]}}, {"type": "Feature", "properties": {"name": "p1422", "val": 1422}, "geometry": {"type": "Point", "coordinates": [162, 72]}}, {"type": "Feature", "properties": {"name": "p1423", "val": 1423}, "geometry": {"type": "Point", "coordinates": [163, 73]}}, {"type": "Feature", "properties": {"name": "p1424", "val": 1424}, "geometry": {"type": "Point", "coordinates": [164, 74]}}, {"type": "Feature", "properties": {"name": "p1425", "val": 1425}, "geometry": {"type": "Point", "coordinates": [165, 75]}}, {"type": "Feature", "properties": {"name": "p1426", "val": 1426}, "geometry": {"type": "Point", "coordinates": [166, 76]}}, {"type": "Feature", "properties": {"name": "p1427", "val": 1427}, "geometry": {"type": "Point", "coordinates": [167, 77]}}, {"type": "Feature", "properties": {"name": "p1428", "val": 1428}, "geometry": {"type": "Point", "coordinates": [168, 78]}}, {"type": "Feature", "properties": {"name": "p1429", "val": 1429}, "geometry": {"type": "Point", "coordinates": [169, 79]}}, {"type": "Feature", "properties": {"name": "p1430", "val": 1430}, "geometry": {"type": "Point", "coordinates": [170, 80]}}, {"type": "Feature", "properties": {"name": "p1431", "val": 1431}, "geometry": {"type": "Point", "coordinates": [171, 81]}}, {"type": "Feature", "properties": {"name": "p1432", "val": 1432}, "geometry": {"type": "Point", "coordinates": [172, 82]}}, {"type": "Feature", "properties": {"name": "p1433", "val": 1433}, "geometry": {"type": "Point", "coordinates": [173, 83]}}, {"type": "Feature", "properties": {"name": "p1434", "val": 1434}, "geometry": {"type": "Point", "coordinates": [174, 84]}}, {"type": "Feature", "properties": {"name": "p1435", "val": 1435}, "geometry": {"type": "Point", "coordinates": [175, 85]}}, {"type": "Feature", "properties": {"name": "p1436", "val": 1436}, "geometry": {"type": "Point", "coordinates": [176, 86]}}, {"type": "Feature", "properties": {"name": "p1437", "val": 1437}, "geometry": {"type": "Point", "coordinates": [177, 87]}}, {"type": "Feature", "properties": {"name": "p1438", "val": 1438}, "geometry": {"type": "Point", "coordinates": [178, 88]}}, {"type": "Feature", "properties": {"name": "p1439", "val": 1439}, "geometry": {"type": "Point", "coordinates": [179, 89]}}, {"type": "Feature", "properties": {"name": "p1440", "val": 1440}, "geometry": {"type": "Point", "coordinates": [-180, -90]}}, {"type": "Feature", "properties": {"name": "p1441", "val": 1441}, "geometry": {"type": "Point", "coordinates": [-179, -89]}}, {"type": "Feature", "properties": {"name": "p1442", "val": 1442}, "geometry": {"type": "Point", "coordinates": [-178, -88]}}, {"type": "Feature", "properties": {"name": "p1443", "val": 1443}, "geometry": {"type": "Point", "coordinates": [-177, -87]}}, {"type": "Feature", "properties": {"name": "p1444", "val": 1444}, "geometry": {"type": "Point", "coordinates": [-176, -86]}}, {"type": "Feature", "properties": {"name": "p1445", "val": 1445}, "geometry": {"type": "Point", "coordinates": [-175, -85]}}, {"type": "Feature", "properties": {"name": "p1446", "val": 1446}, "geometry": {"type": "Point", "coordinates": [-174, -84]}}, {"type": "Feature", "properties": {"name": "p1447", "val": 1447}, "geometry": {"type": "Point", "coordinates": [-173, -83]}}, {"type": "Feature", "properties": {"name": "p1448", "val": 1448}, "geometry": {"type": "Point", "coordinates": [-172, -82]}}, {"type": "Feature", "properties": {"name": "p1449", "val": 1449}, "geometry": {"type": "Point", "coordinates": [-171, -81]}}, {"type": "Feature", "properties": {"name": "p1450", "val": 1450}, "geometry": {"type": "Point", "coordinates": [-170, -80]}}, {"type": "Feature", "properties": {"name": "p1451", "val": 1451}, "geometry": {"type": "Point", "coordinates": [-169, -79]}}, {"type": "Feature", "properties": {"name": "p1452", "val": 1452}, "geometry": {"type": "Point", "coordinates": [-168, -78]}}, {"type": "Feature", "properties": {"name": "p1453", "val": 1453}, "geometry": {"type": "Point", "coordinates": [-167, -77]}}, {"type": "Feature", "properties": {"name": "p1454", "val": 1454}, "geometry": {"type": "Point", "coordinates": [-166, -76]}}, {"type": "Feature", "properties": {"name": "p1455", "val": 1455}, "geometry": {"type": "Point", "coordinates": [-165, -75]}}, {"type": "Feature", "properties": {"name": "p1456", "val": 1456}, "geometry": {"type": "Point", "coordinates": [-164, -74]}}, {"type": "Feature", "properties": {"name": "p1457", "val": 1457}, "geometry": {"type": "Point", "coordinates": [-163, -73]}}, {"type": "Feature", "properties": {"name": "p1458", "val": 1458}, "geometry": {"type": "Point", "coordinates": [-162, -72]}}, {"type": "Feature", "properties": {"name": "p1459", "val": 1459}, "geometry": {"type": "Point", "coordinates": [-161, -71]}}, {"type": "Feature", "properties": {"name": "p1460", "val": 1460}, "geometry": {"type": "Point", "coordinates": [-160, -70]}}, {"type": "Feature", "properties": {"name": "p1461", "val": 1461}, "geometry": {"type": "Point", "coordinates": [-159, -69]}}, {"type": "Feature", "properties": {"name": "p1462", "val": 1462}, "geometry": {"type": "Point", "coordinates": [-158, -68]}}, {"type": "Feature", "properties": {"name": "p1463", "val": 1463}, "geometry": {"type": "Point", "coordinates": [-157, -67]}}, {"type": "Feature", "properties": {"name": "p1464", "val": 1464}, "geometry": {"type": "Point", "coordinates": [-156, -66]}}, {"type": "Feature", "properties": {"name": "p1465", "val": 1465}, "geometry": {"type": "Point", "coordinates": [-155, -65]}}, {"type": "Feature", "properties": {"name": "p1466", "val": 1466}, "geometry": {"type": "Point", "coordinates": [-154, -64]}}, {"type": "Feature", "properties": {"name": "p1467", "val": 1467}, "geometry": {"type": "Point", "coordinates": [-153, -63]}}, {"type": "Feature", "properties": {"name": "p1468", "val": 1468}, "geometry": {"type": "Point", "coordinates": [-152, -62]}}, {"type": "Feature", "properties": {"name": "p1469", "val": 1469}, "geometry": {"type": "Point", "coordinates": [-151, -61]}}, {"type": "Feature", "properties": {"name": "p1470", "val": 1470}, "geometry": {"type": "Point", "coordinates": [-150, -60]}}, {"type": "Feature", "properties": {"name": "p1471", "val": 1471}, "geometry": {"type": "Point", "coordinates": [-149, -59]}}, {"type": "Feature", "properties": {"name": "p1472", "val": 1472}, "geometry": {"type": "Point", "coordinates": [-148, -58]}}, {"type": "Feature", "properties": {"name": "p1473", "val": 1473}, "geometry": {"type": "Point", "coordinates": [-147, -57]}}, {"type": "Feature", "properties": {"name": "p1474", "val": 1474}, "geometry": {"type": "Point", "coordinates": [-146, -56]}}, {"type": "Feature", "properties": {"name": "p1475", "val": 1475}, "geometry": {"type": "Point", "coordinates": [-145, -55]}}, {"type": "Feature", "properties": {"name": "p1476", "val": 1476}, "geometry": {"type": "Point", "coordinates": [-144, -54]}}, {"type": "Feature", "properties": {"name": "p1477", "val": 1477}, "geometry": {"type": "Point", "coordinates": [-143, -53]}}, {"type": "Feature", "properties": {"name": "p1478", "val": 1478}, "geometry": {"type": "Point", "coordinates": [-142, -52]}}, {"type": "Feature", "properties": {"name": "p1479", "val": 1479}, "geometry": {"type": "Point", "coordinates": [-141, -51]}}, {"type": "Feature", "properties": {"name": "p1480", "val": 1480}, "geometry": {"type": "Point", "coordinates": [-140, -50]}}, {"type": "Feature", "properties": {"name": "p1481", "val": 1481}, "geometry": {"type": "Point", "coordinates": [-139, -49]}}, {"type": "Feature", "properties": {"name": "p1482", "val": 1482}, "geometry": {"type": "Point", "coordinates": [-138, -48]}}, {"type": "Feature", "properties": {"name": "p1483", "val": 1483}, "geometry": {"type": "Point", "coordinates": [-137, -47]}}, {"type": "Feature", "properties": {"name": "p1484", "val": 1484}, "geometry": {"type": "Point", "coordinates": [-136, -46]}}, {"type": "Feature", "properties": {"name": "p1485", "val": 1485}, "geometry": {"type": "Point", "coordinates": [-135, -45]}}, {"type": "Feature", "properties": {"name": "p1486", "val": 1486}, "geometry": {"type": "Point", "coordinates": [-134, -44]}}, {"type": "Feature", "properties": {"name": "p1487", "val": 1487}, "geometry": {"type": "Point", "coordinates": [-133, -43]}}, {"type": "Feature", "properties": {"name": "p1488", "val": 1488}, "geometry": {"type": "Point", "coordinates": [-132, -42]}}, {"type": "Feature", "properties": {"name": "p1489", "val": 1489}, "geometry": {"type": "Point", "coordinates": [-131, -41]}}, {"type": "Feature", "properties": {"name": "p1490", "val": 1490}, "geometry": {"type": "Point", "coordinates": [-130, -40]}}, {"type": "Feature", "properties": {"name": "p1491", "val": 1491}, "geometry": {"type": "Point", "coordinates": [-129, -39]}}, {"type": "Feature", "properties": {"name": "p1492", "val": 1492}, "geometry": {"type": "Point", "coordinates": [-128, -38]}}, {"type": "Feature", "properties": {"name": "p1493", "val": 1493}, "geometry": {"type": "Point", "coordinates": [-127, -37]}}, {"type": "Feature", "properties": {"name": "p1494", "val": 1494}, "geometry": {"type": "Point", "coordinates": [-126, -36]}}, {"type": "Feature", "properties": {"name": "p1495", "val": 1495}, "geometry": {"type": "Point", "coordinates": [-125, -35]}}, {"type": "Feature", "properties": {"name": "p1496", "val": 1496}, "geometry": {"type": "Point", "coordinates": [-124, -34]}}, {"type": "Feature", "properties": {"name": "p1497", "val": 1497}, "geometry": {"type": "Point", "coordinates": [-123, -33]}}, {"type": "Feature", "properties": {"name": "p1498", "val": 1498}, "geometry": {"type": "Point", "coordinates": [-122, -32]}}, {"type": "Feature", "properties": {"name": "p1499", "val": 1499}, "geometry": {"type": "Point", "coordinates": [-121, -31]}}, {"type": "Feature", "properties": {"name": "p1500", "val": 1500}, "geometry": {"type": "Point", "coordinates": [-120, -30]}}, {"type": "Feature", "properties": {"name": "p1501", "val": 1501}, "geometry": {"type": "Point", "coordinates": [-119, -29]}}, {"type": "Feature", "properties": {"name": "p1502", "val": 1502}, "geometry": {"type": "Point", "coordinates": [-118, -28]}}, {"type": "Feature", "properties": {"name": "p1503", "val": 1503}, "geometry": {"type": "Point", "coordinates": [-117, -27]}}, {"type": "Feature", "properties": {"name": "p1504", "val": 1504}, "geometry": {"type": "Point", "coordinates": [-116, -26]}}, {"type": "Feature", "properties": {"name": "p1505", "val": 1505}, "geometry": {"type": "Point", "coordinates": [-115, -25]}}, {"type": "Feature", "properties": {"name": "p1506", "val": 1506}, "geometry": {"type": "Point", "coordinates": [-114, -24]}}, {"type": "Feature", "properties": {"name": "p1507", "val": 1507}, "geometry": {"type": "Point", "coordinates": [-113, -23]}}, {"type": "Feature", "properties": {"name": "p1508", "val": 1508}, "geometry": {"type": "Point", "coordinates": [-112, -22]}}, {"type": "Feature", "properties": {"name": "p1509", "val": 1509}, "geometry": {"type": "Point", "coordinates": [-111, -21]}}, {"type": "Feature", "properties": {"name": "p1510", "val": 1510}, "geometry": {"type": "Point", "coordinates": [-110, -20]}}, {"type": "Feature", "properties": {"name": "p1511", "val": 1511}, "geometry": {"type": "Point", "coordinates": [-109, -19]}}, {"type": "Feature", "properties": {"name": "p1512", "val": 1512}, "geometry": {"type": "Point", "coordinates": [-108, -18]}}, {"type": "Feature", "properties": {"name": "p1513", "val": 1513}, "geometry": {"type": "Point", "coordinates": [-107, -17]}}, {"type": "Feature", "properties": {"name": "p1514", "val": 1514}, "geometry": {"type": "Point", "coordinates": [-106, -16]}}, {"type": "Feature", "properties": {"name": "p1515", "val": 1515}, "geometry": {"type": "Point", "coordinates": [-105, -15]}}, {"type": "Feature", "properties": {"name": "p1516", "val": 1516}, "geometry": {"type": "Point", "coordinates": [-104, -14]}}, {"type": "Feature", "properties": {"name": "p1517", "val": 1517}, "geometry": {"type": "Point", "coordinates": [-103, -13]}}, {"type": "Feature", "properties": {"name": "p1518", "val": 1518}, "geometry": {"type": "Point", "coordinates": [-102, -12]}}, {"type": "Feature", "properties": {"name": "p1519", "val": 1519}, "geometry": {"type": "Point", "coordinates": [-101, -11]}}, {"type": "Feature", "properties": {"name": "p1520", "val": 1520}, "geometry": {"type": "Point", "coordinates": [-100, -10]}}, {"type": "Feature", "properties": {"name": "p1521", "val": 1521}, "geometry": {"type": "Point", "coordinates": [-99, -9]}}, {"type": "Feature", "properties": {"name": "p1522", "val": 1522}, "geometry": {"type": "Point", "coordinates": [-98, -8]}}, {"type": "Feature", "properties": {"name": "p1523", "val": 1523}, "geometry": {"type": "Point", "coordinates": [-97, -7]}}, {"type": "Feature", "properties": {"name": "p1524", "val": 1524}, "geometry": {"type": "Point", "coordinates": [-96, -6]}}, {"type": "Feature", "properties": {"name": "p1525", "val": 1525}, "geometry": {"type": "Point", "coordinates": [-95, -5]}}, {"type": "Feature", "properties": {"name": "p1526", "val": 1526}, "geometry": {"type": "Point", "coordinates": [-94, -4]}}, {"type": "Feature", "properties": {"name": "p1527", "val": 1527}, "geometry": {"type": "Point", "coordinates": [-93, -3]}}, {"type": "Feature", "properties": {"name": "p1528", "val": 1528}, "geometry": {"type": "Point", "coordinates": [-92, -2]}}, {"type": "Feature", "properties": {"name": "p1529", "val": 1529}, "geometry": {"type": "Point", "coordinates": [-91, -1]}}, {"type": "Feature", "properties": {"name": "p1530", "val": 1530}, "geometry": {"type": "Point", "coordinates": [-90, 0]}}, {"type": "Feature", "properties": {"name": "p1531", "val": 1531}, "geometry": {"type": "Point", "coordinates": [-89, 1]}}, {"type": "Feature", "properties": {"name": "p1532", "val": 1532}, "geometry": {"type": "Point", "coordinates": [-88, 2]}}, {"type": "Feature", "properties": {"name": "p1533", "val": 1533}, "geometry": {"type": "Point", "coordinates": [-87, 3]}}, {"type": "Feature", "properties": {"name": "p1534", "val": 1534}, "geometry": {"type": "Point", "coordinates": [-86, 4]}}, {"type": "Feature", "properties": {"name": "p1535", "val": 1535}, "geometry": {"type": "Point", "coordinates": [-85, 5]}}, {"type": "Feature", "properties": {"name": "p1536", "val": 1536}, "geometry": {"type": "Point", "coordinates": [-84, 6]}}, {"type": "Feature", "properties": {"name": "p1537", "val": 1537}, "geometry": {"type": "Point", "coordinates": [-83, 7]}}, {"type": "Feature", "properties": {"name": "p1538", "val": 1538}, "geometry": {"type": "Point", "coordinates": [-82, 8]}}, {"type": "Feature", "properties": {"name": "p1539", "val": 1539}, "geometry": {"type": "Point", "coordinates": [-81, 9]}}, {"type": "Feature", "properties": {"name": "p1540", "val": 1540}, "geometry": {"type": "Point", "coordinates": [-80, 10]}}, {"type": "Feature", "properties": {"name": "p1541", "val": 1541}, "geometry": {"type": "Point", "coordinates": [-79, 11]}}, {"type": "Feature", "properties": {"name": "p1542", "val": 1542}, "geometry": {"type": "Point", "coordinates": [-78, 12]}}, {"type": "Feature", "properties": {"name": "p1543", "val": 1543}, "geometry": {"type": "Point", "coordinates": [-77, 13]}}, {"type": "Feature", "properties": {"name": "p1544", "val": 1544}, "geometry": {"type": "Point", "coordinates": [-76, 14]}}, {"type": "Feature", "properties": {"name": "p1545", "val": 1545}, "geometry": {"type": "Point", "coordinates": [-75, 15]}}, {"type": "Feature", "properties": {"name": "p1546", "val": 1546}, "geometry": {"type": "Point", "coordinates": [-74, 16]}}, {"type": "Feature", "properties": {"name": "p1547", "val": 1547}, "geometry": {"type": "Point", "coordinates": [-73, 17]}}, {"type": "Feature", "properties": {"name": "p1548", "val": 1548}, "geometry": {"type": "Point", "coordinates": [-72, 18]}}, {"type": "Feature", "properties": {"name": "p1549", "val": 1549}, "geometry": {"type": "Point", "coordinates": [-71, 19]}}, {"type": "Feature", "properties": {"name": "p1550", "val": 1550}, "geometry": {"type": "Point", "coordinates": [-70, 20]}}, {"type": "Feature", "properties": {"name": "p1551", "val": 1551}, "geometry": {"type": "Point", "coordinates": [-69, 21]}}, {"type": "Feature", "properties": {"name": "p1552", "val": 1552}, "geometry": {"type": "Point", "coordinates": [-68, 22]}}, {"type": "Feature", "properties": {"name": "p1553", "val": 1553}, "geometry": {"type": "Point", "coordinates": [-67, 23]}}, {"type": "Feature", "properties": {"name": "p1554", "val": 1554}, "geometry": {"type": "Point", "coordinates": [-66, 24]}}, {"type": "Feature", "properties": {"name": "p1555", "val": 1555}, "geometry": {"type": "Point", "coordinates": [-65, 25]}}, {"type": "Feature", "properties": {"name": "p1556", "val": 1556}, "geometry": {"type": "Point", "coordinates": [-64, 26]}}, {"type": "Feature", "properties": {"name": "p1557", "val": 1557}, "geometry": {"type": "Point", "coordinates": [-63, 27]}}, {"type": "Feature", "properties": {"name": "p1558", "val": 1558}, "geometry": {"type": "Point", "coordinates": [-62, 28]}}, {"type": "Feature", "properties": {"name": "p1559", "val": 1559}, "geometry": {"type": "Point", "coordinates": [-61, 29]}}, {"type": "Feature", "properties": {"name": "p1560", "val": 1560}, "geometry": {"type": "Point", "coordinates": [-60, 30]}}, {"type": "Feature", "properties": {"name": "p1561", "val": 1561}, "geometry": {"type": "Point", "coordinates": [-59, 31]}}, {"type": "Feature", "properties": {"name": "p1562", "val": 1562}, "geometry": {"type": "Point", "coordinates": [-58, 32]}}, {"type": "Feature", "properties": {"name": "p1563", "val": 1563}, "geometry": {"type": "Point", "coordinates": [-57, 33]}}, {"type": "Feature", "properties": {"name": "p1564", "val": 1564}, "geometry": {"type": "Point", "coordinates": [-56, 34]}}, {"type": "Feature", "properties": {"name": "p1565", "val": 1565}, "geometry": {"type": "Point", "coordinates": [-55, 35]}}, {"type": "Feature", "properties": {"name": "p1566", "val": 1566}, "geometry": {"type": "Point", "coordinates": [-54, 36]}}, {"type": "Feature", "properties": {"name": "p1567", "val": 1567}, "geometry": {"type": "Point", "coordinates": [-53, 37]}}, {"type": "Feature", "properties": {"name": "p1568", "val": 1568}, "geometry": {"type": "Point", "coordinates": [-52, 38]}}, {"type": "Feature", "properties": {"name": "p1569", "val": 1569}, "geometry": {"type": "Point", "coordinates": [-51, 39]}}, {"type": "Feature", "properties": {"name": "p1570", "val": 1570}, "geometry": {"type": "Point", "coordinates": [-50, 40]}}, {"type": "Feature", "properties": {"name": "p1571", "val": 1571}, "geometry": {"type": "Point", "coordinates": [-49, 41]}}, {"type": "Feature", "properties": {"name": "p1572", "val": 1572}, "geometry": {"type": "Point", "coordinates": [-48, 42]}}, {"type": "Feature", "properties": {"name": "p1573", "val": 1573}, "geometry": {"type": "Point", "coordinates": [-47, 43]}}, {"type": "Feature", "properties": {"name": "p1574", "val": 1574}, "geometry": {"type": "Point", "coordinates": [-46, 44]}}, {"type": "Feature", "properties": {"name": "p1575", "val": 1575}, "geometry": {"type": "Point", "coordinates": [-45, 45]}}, {"type": "Feature", "properties": {"name": "p1576", "val": 1576}, "geometry": {"type": "Point", "coordinates": [-44, 46]}}, {"type": "Feature", "properties": {"name": "p1577", "val": 1577}, "geometry": {"type": "Point", "coordinates": [-43, 47]}}, {"type": "Feature", "properties": {"name": "p1578", "val": 1578}, "geometry": {"type": "Point", "coordinates": [-42, 48]}}, {"type": "Feature", "properties": {"name": "p1579", "val": 1579}, "geometry": {"type": "Point", "coordinates": [-41, 49]}}, {"type": "Feature", "properties": {"name": "p1580", "val": 1580}, "geometry": {"type": "Point", "coordinates": [-40, 50]}}, {"type": "Feature", "properties": {"name": "p1581", "val": 1581}, "geometry": {"type": "Point", "coordinates": [-39, 51]}}, {"type": "Feature", "properties": {"name": "p1582", "val": 1582}, "geometry": {"type": "Point", "coordinates": [-38, 52]}}, {"type": "Feature", "properties": {"name": "p1583", "val": 1583}, "geometry": {"type": "Point", "coordinates": [-37, 53]}}, {"type": "Feature", "properties": {"name": "p1584", "val": 1584}, "geometry": {"type": "Point", "coordinates": [-36, 54]}}, {"type": "Feature", "properties": {"name": "p1585", "val": 1585}, "geometry": {"type": "Point", "coordinates": [-35, 55]}}, {"type": "Feature", "properties": {"name": "p1586", "val": 1586}, "geometry": {"type": "Point", "coordinates": [-34, 56]}}, {"type": "Feature", "properties": {"name": "p1587", "val": 1587}, "geometry": {"type": "Point", "coordinates": [-33, 57]}}, {"type": "Feature", "properties": {"name": "p1588", "val": 1588}, "geometry": {"type": "Point", "coordinates": [-32, 58]}}, {"type": "Feature", "properties": {"name": "p1589", "val": 1589}, "geometry": {"type": "Point", "coordinates": [-31, 59]}}, {"type": "Feature", "properties": {"name": "p1590", "val": 1590}, "geometry": {"type": "Point", "coordinates": [-30, 60]}}, {"type": "Feature", "properties": {"name": "p1591", "val": 1591}, "geometry": {"type": "Point", "coordinates": [-29, 61]}}, {"type": "Feature", "properties": {"name": "p1592", "val": 1592}, "geometry": {"type": "Point", "coordinates": [-28, 62]}}, {"type": "Feature", "properties": {"name": "p1593", "val": 1593}, "geometry": {"type": "Point", "coordinates": [-27, 63]}}, {"type": "Feature", "properties": {"name": "p1594", "val": 1594}, "geometry": {"type": "Point", "coordinates": [-26, 64]}}, {"type": "Feature", "properties": {"name": "p1595", "val": 1595}, "geometry": {"type": "Point", "coordinates": [-25, 65]}}, {"type": "Feature", "properties": {"name": "p1596", "val": 1596}, "geometry": {"type": "Point", "coordinates": [-24, 66]}}, {"type": "Feature", "properties": {"name": "p1597", "val": 1597}, "geometry": {"type": "Point", "coordinates": [-23, 67]}}, {"type": "Feature", "properties": {"name": "p1598", "val": 1598}, "geometry": {"type": "Point", "coordinates": [-22, 68]}}, {"type": "Feature", "properties": {"name": "p1599", "val": 1599}, "geometry": {"type": "Point", "coordinates": [-21, 69]}}, {"type": "Feature", "properties": {"name": "p1600", "val": 1600}, "geometry": {"type": "Point", "coordinates": [-20, 70]}}, {"type": "Feature", "properties": {"name": "p1601", "val": 1601}, "geometry": {"type": "Point", "coordinates": [-19, 71]}}, {"type": "Feature", "properties": {"name": "p1602", "val": 1602}, "geometry": {"type": "Point", "coordinates": [-18, 72]}}, {"type": "Feature", "properties": {"name": "p1603", "val": 1603}, "geometry": {"type": "Point", "coordinates": [-17, 73]}}, {"type": "Feature", "properties": {"name": "p1604", "val": 1604}, "geometry": {"type": "Point", "coordinates": [-16, 74]}}, {"type": "Feature", "properties": {"name": "p1605", "val": 1605}, "geometry": {"type": "Point", "coordinates": [-15, 75]}}, {"type": "Feature", "properties": {"name": "p1606", "val": 1606}, "geometry": {"type": "Point", "coordinates": [-14, 76]}}, {"type": "Feature", "properties": {"name": "p1607", "val": 1607}, "geometry": {"type": "Point", "coordinates": [-13, 77]}}, {"type": "Feature", "properties": {"name": "p1608", "val": 1608}, "geometry": {"type": "Point", "coordinates": [-12, 78]}}, {"type": "Feature", "properties": {"name": "p1609", "val": 1609}, "geometry": {"type": "Point", "coordinates": [-11, 79]}}, {"type": "Feature", "properties": {"name": "p1610", "val": 1610}, "geometry": {"type": "Point", "coordinates": [-10, 80]}}, {"type": "Feature", "properties": {"name": "p1611", "val": 1611}, "geometry": {"type": "Point", "coordinates": [-9, 81]}}, {"type": "Feature", "properties": {"name": "p1612", "val": 1612}, "geometry": {"type": "Point", "coordinates": [-8, 82]}}, {"type": "Feature", "properties": {"name": "p1613", "val": 1613}, "geometry": {"type": "Point", "coordinates": [-7, 83]}}, {"type": "Feature", "properties": {"name": "p1614", "val": 1614}, "geometry": {"type": "Point", "coordinates": [-6, 84]}}, {"type": "Feature", "properties": {"name": "p1615", "val": 1615}, "geometry": {"type": "Point", "coordinates": [-5, 85]}}, {"type": "Feature", "properties": {"name": "p1616", "val": 1616}, "geometry": {"type": "Point", "coordinates": [-4, 86]}}, {"type": "Feature", "properties": {"name": "p1617", "val": 1617}, "geometry": {"type": "Point", "coordinates": [-3, 87]}}, {"type": "Feature", "properties": {"name": "p1618", "val": 1618}, "geometry": {"type": "Point", "coordinates": [-2, 88]}}, {"type": "Feature", "properties": {"name": "p1619", "val": 1619}, "geometry": {"type": "Point", "coordinates": [-1, 89]}}, {"type": "Feature", "properties": {"name": "p1620", "val": 1620}, "geometry": {"type": "Point", "coordinates": [0, -90]}}, {"type": "Feature", "properties": {"name": "p1621", "val": 1621}, "geometry": {"type": "Point", "coordinates": [1, -89]}}, {"type": "Feature", "properties": {"name": "p1622", "val": 1622}, "geometry": {"type": "Point", "coordinates": [2, -88]}}, {"type": "Feature", "properties": {"name": "p1623", "val": 1623}, "geometry": {"type": "Point", "coordinates": [3, -87]}}, {"type": "Feature", "properties": {"name": "p1624", "val": 1624}, "geometry": {"type": "Point", "coordinates": [4, -86]}}, {"type": "Feature", "properties": {"name": "p1625", "val": 1625}, "geometry": {"type": "Point", "coordinates": [5, -85]}}, {"type": "Feature", "properties": {"name": "p1626", "val": 1626}, "geometry": {"type": "Point", "coordinates": [6, -84]}}, {"type": "Feature", "properties": {"name": "p1627", "val": 1627}, "geometry": {"type": "Point", "coordinates": [7, -83]}}, {"type": "Feature", "properties": {"name": "p1628", "val": 1628}, "geometry": {"type": "Point", "coordinates": [8, -82]}}, {"type": "Feature", "properties": {"name": "p1629", "val": 1629}, "geometry": {"type": "Point", "coordinates": [9, -81]}}, {"type": "Feature", "properties": {"name": "p1630", "val": 1630}, "geometry": {"type": "Point", "coordinates": [10, -80]}}, {"type": "Feature", "properties": {"name": "p1631", "val": 1631}, "geometry": {"type": "Point", "coordinates": [11, -79]}}, {"type": "Feature", "properties": {"name": "p1632", "val": 1632}, "geometry": {"type": "Point", "coordinates": [12, -78]}}, {"type": "Feature", "properties": {"name": "p1633", "val": 1633}, "geometry": {"type": "Point", "coordinates": [13, -77]}}, {"type": "Feature", "properties": {"name": "p1634", "val": 1634}, "geometry": {"type": "Point", "coordinates": [14, -76]}}, {"type": "Feature", "properties": {"name": "p1635", "val": 1635}, "geometry": {"type": "Point", "coordinates": [15, -75]}}, {"type": "Feature", "properties": {"name": "p1636", "val": 1636}, "geometry": {"type": "Point", "coordinates": [16, -74]}}, {"type": "Feature", "properties": {"name": "p1637", "val": 1637}, "geometry": {"type": "Point", "coordinates": [17, -73]}}, {"type": "Feature", "properties": {"name": "p1638", "val": 1638}, "geometry": {"type": "Point", "coordinates": [18, -72]}}, {"type": "Feature", "properties": {"name": "p1639", "val": 1639}, "geometry": {"type": "Point", "coordinates": [19, -71]}}, {"type": "Feature", "properties": {"name": "p1640", "val": 1640}, "geometry": {"type": "Point", "coordinates": [20, -70]}}, {"type": "Feature", "properties": {"name": "p1641", "val": 1641}, "geometry": {"type": "Point", "coordinates": [21, -69]}}, {"type": "Feature", "properties": {"name": "p1642", "val": 1642}, "geometry": {"type": "Point", "coordinates": [22, -68]}}, {"type": "Feature", "properties": {"name": "p1643", "val": 1643}, "geometry": {"type": "Point", "coordinates": [23, -67]}}, {"type": "Feature", "properties": {"name": "p1644", "val": 1644}, "geometry": {"type": "Point", "coordinates": [24, -66]}}, {"type": "Feature", "properties": {"name": "p1645", "val": 1645}, "geometry": {"type": "Point", "coordinates": [25, -65]}}, {"type": "Feature", "properties": {"name": "p1646", "val": 1646}, "geometry": {"type": "Point", "coordinates": [26, -64]}}, {"type": "Feature", "properties": {"name": "p1647", "val": 1647}, "geometry": {"type": "Point", "coordinates": [27, -63]}}, {"type": "Feature", "properties": {"name": "p1648", "val": 1648}, "geometry": {"type": "Point", "coordinates": [28, -62]}}, {"type": "Feature", "properties": {"name": "p1649", "val": 1649}, "geometry": {"type": "Point", "coordinates": [29, -61]}}, {"type": "Feature", "properties": {"name": "p1650", "val": 1650}, "geometry": {"type": "Point", "coordinates": [30, -60]}}, {"type": "Feature", "properties": {"name": "p1651", "val": 1651}, "geometry": {"type": "Point", "coordinates": [31, -59]}}, {"type": "Feature", "properties": {"name": "p1652", "val": 1652}, "geometry": {"type": "Point", "coordinates": [32, -58]}}, {"type": "Feature", "properties": {"name": "p1653", "val": 1653}, "geometry": {"type": "Point", "coordinates": [33, -57]}}, {"type": "Feature", "properties": {"name": "p1654", "val": 1654}, "geometry": {"type": "Point", "coordinates": [34, -56]}}, {"type": "Feature", "properties": {"name": "p1655", "val": 1655}, "geometry": {"type": "Point", "coordinates": [35, -55]}}, {"type": "Feature", "properties": {"name": "p1656", "val": 1656}, "geometry": {"type": "Point", "coordinates": [36, -54]}}, {"type": "Feature", "properties": {"name": "p1657", "val": 1657}, "geometry": {"type": "Point", "coordinates": [37, -53]}}, {"type": "Feature", "properties": {"name": "p1658", "val": 1658}, "geometry": {"type": "Point", "coordinates": [38, -52]}}, {"type": "Feature", "properties": {"name": "p1659", "val": 1659}, "geometry": {"type": "Point", "coordinates": [39, -51]}}, {"type": "Feature", "properties": {"name": "p1660", "val": 1660}, "geometry": {"type": "Point", "coordinates": [40, -50]}}, {"type": "Feature", "properties": {"name": "p1661", "val": 1661}, "geometry": {"type": "Point", "coordinates": [41, -49]}}, {"type": "Feature", "properties": {"name": "p1662", "val": 1662}, "geometry": {"type": "Point", "coordinates": [42, -48]}}, {"type": "Feature", "properties": {"name": "p1663", "val": 1663}, "geometry": {"type": "Point", "coordinates": [43, -47]}}, {"type": "Feature", "properties": {"name": "p1664", "val": 1664}, "geometry": {"type": "Point", "coordinates": [44, -46]}}, {"type": "Feature", "properties": {"name": "p1665", "val": 1665}, "geometry": {"type": "Point", "coordinates": [45, -45]}}, {"type": "Feature", "properties": {"name": "p1666", "val": 1666}, "geometry": {"type": "Point", "coordinates": [46, -44]}}, {"type": "Feature", "properties": {"name": "p1667", "val": 1667}, "geometry": {"type": "Point", "coordinates": [47, -43]}}, {"type": "Feature", "properties": {"name": "p1668", "val": 1668}, "geometry": {"type": "Point", "coordinates": [48, -42]}}, {"type": "Feature", "properties": {"name": "p1669", "val": 1669}, "geometry": {"type": "Point", "coordinates": [49, -41]}}, {"type": "Feature", "properties": {"name": "p1670", "val": 1670}, "geometry": {"type": "Point", "coordinates": [50, -40]}}, {"type": "Feature", "properties": {"name": "p1671", "val": 1671}, "geometry": {"type": "Point", "coordinates": [51, -39]}}, {"type": "Feature", "properties": {"name": "p1672", "val": 1672}, "geometry": {"type": "Point", "coordinates": [52, -38]}}, {"type": "Feature", "properties": {"name": "p1673", "val": 1673}, "geometry": {"type": "Point", "coordinates": [53, -37]}}, {"type": "Feature", "properties": {"name": "p1674", "val": 1674}, "geometry": {"type": "Point", "coordinates": [54, -36]}}, {"type": "Feature", "properties": {"name": "p1675", "val": 1675}, "geometry": {"type": "Point", "coordinates": [55, -35]}}, {"type": "Feature", "properties": {"name": "p1676", "val": 1676}, "geometry": {"type": "Point", "coordinates": [56, -34]}}, {"type": "Feature", "properties": {"name": "p1677", "val": 1677}, "geometry": {"type": "Point", "coordinates": [57, -33]}}, {"type": "Feature", "properties": {"name": "p1678", "val": 1678}, "geometry": {"type": "Point", "coordinates": [58, -32]}}, {"type": "Feature", "properties": {"name": "p1679", "val": 1679}, "geometry": {"type": "Point", "coordinates": [59, -31]}}, {"type": "Feature", "properties": {"name": "p1680", "val": 1680}, "geometry": {"type": "Point", "coordinates": [60, -30]}}, {"type": "Feature", "properties": {"name": "p1681", "val": 1681}, "geometry": {"type": "Point", "coordinates": [61, -29]}}, {"type": "Feature", "properties": {"name": "p1682", "val": 1682}, "geometry": {"type": "Point", "coordinates": [62, -28]}}, {"type": "Feature", "properties": {"name": "p1683", "val": 1683}, "geometry": {"type": "Point", "coordinates": [63, -27]}}, {"type": "Feature", "properties": {"name": "p1684", "val": 1684}, "geometry": {"type": "Point", "coordinates": [64, -26]}}, {"type": "Feature", "properties": {"name": "p1685", "val": 1685}, "geometry": {"type": "Point", "coordinates": [65, -25]}}, {"type": "Feature", "properties": {"name": "p1686", "val": 1686}, "geometry": {"type": "Point", "coordinates": [66, -24]}}, {"type": "Feature", "properties": {"name": "p1687", "val": 1687}, "geometry": {"type": "Point", "coordinates": [67, -23]}}, {"type": "Feature", "properties": {"name": "p1688", "val": 1688}, "geometry": {"type": "Point", "coordinates": [68, -22]}}, {"type": "Feature", "properties": {"name": "p1689", "val": 1689}, "geometry": {"type": "Point", "coordinates": [69, -21]}}, {"type": "Feature", "properties": {"name": "p1690", "val": 1690}, "geometry": {"type": "Point", "coordinates": [70, -20]}}, {"type": "Feature", "properties": {"name": "p1691", "val": 1691}, "geometry": {"type": "Point", "coordinates": [71, -19]}}, {"type": "Feature", "properties": {"name": "p1692", "val": 1692}, "geometry": {"type": "Point", "coordinates": [72, -18]}}, {"type": "Feature", "properties": {"name": "p1693", "val": 1693}, "geometry": {"type": "Point", "coordinates": [73, -17]}}, {"type": "Feature", "properties": {"name": "p1694", "val": 1694}, "geometry": {"type": "Point", "coordinates": [74, -16]}}, {"type": "Feature", "properties": {"name": "p1695", "val": 1695}, "geometry": {"type": "Point", "coordinates": [75, -15]}}, {"type": "Feature", "properties": {"name": "p1696", "val": 1696}, "geometry": {"type": "Point", "coordinates": [76, -14]}}, {"type": "Feature", "properties": {"name": "p1697", "val": 1697}, "geometry": {"type": "Point", "coordinates": [77, -13]}}, {"type": "Feature", "properties": {"name": "p1698", "val": 1698}, "geometry": {"type": "Point", "coordinates": [78, -12]}}, {"type": "Feature", "properties": {"name": "p1699", "val": 1699}, "geometry": {"type": "Point", "coordinates": [79, -11]}}, {"type": "Feature", "properties": {"name": "p1700", "val": 1700}, "geometry": {"type": "Point", "coordinates": [80, -10]}}, {"type": "Feature", "properties": {"name": "p1701", "val": 1701}, "geometry": {"type": "Point", "coordinates": [81, -9]}}, {"type": "Feature", "properties": {"name": "p1702", "val": 1702}, "geometry": {"type": "Point", "coordinates": [82, -8]}}, {"type": "Feature", "properties": {"name": "p1703", "val": 1703}, "geometry": {"type": "Point", "coordinates": [83, -7]}}, {"type": "Feature", "properties": {"name": "p1704", "val": 1704}, "geometry": {"type": "Point", "coordinates": [84, -6]}}, {"type": "Feature", "properties": {"name": "p1705", "val": 1705}, "geometry": {"type": "Point", "coordinates": [85, -5]}}, {"type": "Feature", "properties": {"name": "p1706", "val": 1706}, "geometry": {"type": "Point", "coordinates": [86, -4]}}, {"type": "Feature", "properties": {"name": "p1707", "val": 1707}, "geometry": {"type": "Point", "coordinates": [87, -3]}}, {"type": "Feature", "properties": {"name": "p1708", "val": 1708}, "geometry": {"type": "Point", "coordinates": [88, -2]}}, {"type": "Feature", "properties": {"name": "p1709", "val": 1709}, "geometry": {"type": "Point", "coordinates": [89, -1]}}, {"type": "Feature", "properties": {"name": "p1710", "val": 1710}, "geometry": {"type": "Point", "coordinates": [90, 0]}}, {"type": "Feature", "properties": {"name": "p1711", "val": 1711}, "geometry": {"type": "Point", "coordinates": [91, 1]}}, {"type": "Feature", "properties": {"name": "p1712", "val": 1712}, "geometry": {"type": "Point", "coordinates": [92, 2]}}, {"type": "Feature", "properties": {"name": "p1713", "val": 1713}, "geometry": {"type": "Point", "coordinates": [93, 3]}}, {"type": "Feature", "properties": {"name": "p1714", "val": 1714}, "geometry": {"type": "Point", "coordinates": [94, 4]}}, {"type": "Feature", "properties": {"name": "p1715", "val": 1715}, "geometry": {"type": "Point", "coordinates": [95, 5]}}, {"type": "Feature", "properties": {"name": "p1716", "val": 1716}, "geometry": {"type": "Point", "coordinates": [96, 6]}}, {"type": "Feature", "properties": {"name": "p1717", "val": 1717}, "geometry": {"type": "Point", "coordinates": [97, 7]}}, {"type": "Feature", "properties": {"name": "p1718", "val": 1718}, "geometry": {"type": "Point", "coordinates": [98, 8]}}, {"type": "Feature", "properties": {"name": "p1719", "val": 1719}, "geometry": {"type": "Point", "coordinates": [99, 9]}}, {"type": "Feature", "properties": {"name": "p1720", "val": 1720}, "geometry": {"type": "Point", "coordinates": [100, 10]}}, {"type": "Feature", "properties": {"name": "p1721", "val": 1721}, "geometry": {"type": "Point", "coordinates": [101, 11]}}, {"type": "Feature", "properties": {"name": "p1722", "val": 1722}, "geometry": {"type": "Point", "coordinates": [102, 12]}}, {"type": "Feature", "properties": {"name": "p1723", "val": 1723}, "geometry": {"type": "Point", "coordinates": [103, 13]}}, {"type": "Feature", "properties": {"name": "p1724", "val": 1724}, "geometry": {"type": "Point", "coordinates": [104, 14]}}, {"type": "Feature", "properties": {"name": "p1725", "val": 1725}, "geometry": {"type": "Point", "coordinates": [105, 15]}}, {"type": "Feature", "properties": {"name": "p1726", "val": 1726}, "geometry": {"type": "Point", "coordinates": [106, 16]}}, {"type": "Feature", "properties": {"name": "p1727", "val": 1727}, "geometry": {"type": "Point", "coordinates": [107, 17]}}, {"type": "Feature", "properties": {"name": "p1728", "val": 1728}, "geometry": {"type": "Point", "coordinates": [108, 18]}}, {"type": "Feature", "properties": {"name": "p1729", "val": 1729}, "geometry": {"type": "Point", "coordinates": [109, 19]}}, {"type": "Feature", "properties": {"name": "p1730", "val": 1730}, "geometry": {"type": "Point", "coordinates": [110, 20]}}, {"type": "Feature", "properties": {"name": "p1731", "val": 1731}, "geometry": {"type": "Point", "coordinates": [111, 21]}}, {"type": "Feature", "properties": {"name": "p1732", "val": 1732}, "geometry": {"type": "Point", "coordinates": [112, 22]}}, {"type": "Feature", "properties": {"name": "p1733", "val": 1733}, "geometry": {"type": "Point", "coordinates": [113, 23]}}, {"type": "Feature", "properties": {"name": "p1734", "val": 1734}, "geometry": {"type": "Point", "coordinates": [114, 24]}}, {"type": "Feature", "properties": {"name": "p1735", "val": 1735}, "geometry": {"type": "Point", "coordinates": [115, 25]}}, {"type": "Feature", "properties": {"name": "p1736", "val": 1736}, "geometry": {"type": "Point", "coordinates": [116, 26]}}, {"type": "Feature", "properties": {"name": "p1737", "val": 1737}, "geometry": {"type": "Point", "coordinates": [117, 27]}}, {"type": "Feature", "properties": {"name": "p1738", "val": 1738}, "geometry": {"type": "Point", "coordinates": [118, 28]}}, {"type": "Feature", "properties": {"name": "p1739", "val": 1739}, "geometry": {"type": "Point", "coordinates": [119, 29]}}, {"type": "Feature", "properties": {"name": "p1740", "val": 1740}, "geometry": {"type": "Point", "coordinates": [120, 30]}}, {"type": "Feature", "properties": {"name": "p1741", "val": 1741}, "geometry": {"type": "Point", "coordinates": [121, 31]}}, {"type": "Feature", "properties": {"name": "p1742", "val": 1742}, "geometry": {"type": "Point", "coordinates": [122, 32]}}, {"type": "Feature", "properties": {"name": "p1743", "val": 1743}, "geometry": {"type": "Point", "coordinates": [123, 33]}}, {"type": "Feature", "properties": {"name": "p1744", "val": 1744}, "geometry": {"type": "Point", "coordinates": [124, 34]}}, {"type": "Feature", "properties": {"name": "p1745", "val": 1745}, "geometry": {"type": "Point", "coordinates": [125, 35]}}, {"type": "Feature", "properties": {"name": "p1746", "val": 1746}, "geometry": {"type": "Point", "coordinates": [126, 36]}}, {"type": "Feature", "properties": {"name": "p1747", "val": 1747}, "geometry": {"type": "Point", "coordinates": [127, 37]}}, {"type": "Feature", "properties": {"name": "p1748", "val": 1748}, "geometry": {"type": "Point", "coordinates": [128, 38]}}, {"type": "Feature", "properties": {"name": "p1749", "val": 1749}, "geometry": {"type": "Point", "coordinates": [129, 39]}}, {"type": "Feature", "properties": {"name": "p1750", "val": 1750}, "geometry": {"type": "Point", "coordinates": [130, 40]}}, {"type": "Feature", "properties": {"name": "p1751", "val": 1751}, "geometry": {"type": "Point", "coordinates": [131, 41]}}, {"type": "Feature", "properties": {"name": "p1752", "val": 1752}, "geometry": {"type": "Point", "coordinates": [132, 42]}}, {"type": "Feature", "properties": {"name": "p1753", "val": 1753}, "geometry": {"type": "Point", "coordinates": [133, 43]}}, {"type": "Feature", "properties": {"name": "p1754", "val": 1754}, "geometry": {"type": "Point", "coordinates": [134, 44]}}, {"type": "Feature", "properties": {"name": "p1755", "val": 1755}, "geometry": {"type": "Point", "coordinates": [135, 45]}}, {"type": "Feature", "properties": {"name": "p1756", "val": 1756}, "geometry": {"type": "Point", "coordinates": [136, 46]}}, {"type": "Feature", "properties": {"name": "p1757", "val": 1757}, "geometry": {"type": "Point", "coordinates": [137, 47]}}, {"type": "Feature", "properties": {"name": "p1758", "val": 1758}, "geometry": {"type": "Point", "coordinates": [138, 48]}}, {"type": "Feature", "properties": {"name": "p1759", "val": 1759}, "geometry": {"type": "Point", "coordinates": [139, 49]}}, {"type": "Feature", "properties": {"name": "p1760", "val": 1760}, "geometry": {"type": "Point", "coordinates": [140, 50]}}, {"type": "Feature", "properties": {"name": "p1761", "val": 1761}, "geometry": {"type": "Point", "coordinates": [141, 51]}}, {"type": "Feature", "properties": {"name": "p1762", "val": 1762}, "geometry": {"type": "Point", "coordinates": [142, 52]}}, {"type": "Feature", "properties": {"name": "p1763", "val": 1763}, "geometry": {"type": "Point", "coordinates": [143, 53]}}, {"type": "Feature", "properties": {"name": "p1764", "val": 1764}, "geometry": {"type": "Point", "coordinates": [144, 54]}}, {"type": "Feature", "properties": {"name": "p1765", "val": 1765}, "geometry": {"type": "Point", "coordinates": [145, 55]}}, {"type": "Feature", "properties": {"name": "p1766", "val": 1766}, "geometry": {"type": "Point", "coordinates": [146, 56]}}, {"type": "Feature", "properties": {"name": "p1767", "val": 1767}, "geometry": {"type": "Point", "coordinates": [147, 57]}}, {"type": "Feature", "properties": {"name": "p1768", "val": 1768}, "geometry": {"type": "Point", "coordinates": [148, 58]}}, {"type": "Feature", "properties": {"name": "p1769", "val": 1769}, "geometry": {"type": "Point", "coordinates": [149, 59]}}, {"type": "Feature", "properties": {"name": "p1770", "val": 1770}, "geometry": {"type": "Point", "coordinates": [150, 60]}}, {"type": "Feature", "properties": {"name": "p1771", "val": 1771}, "geometry": {"type": "Point", "coordinates": [151, 61]}}, {"type": "Feature", "properties": {"name": "p1772", "val": 1772}, "geometry": {"type": "Point", "coordinates": [152, 62]}}, {"type": "Feature", "properties": {"name": "p1773", "val": 1773}, "geometry": {"type": "Point", "coordinates": [153, 63]}}, {"type": "Feature", "properties": {"name": "p1774", "val": 1774}, "geometry": {"type": "Point", "coordinates": [154, 64]}}, {"type": "Feature", "properties": {"name": "p1775", "val": 1775}, "geometry": {"type": "Point", "coordinates": [155, 65]}}, {"type": "Feature", "properties": {"name": "p1776", "val": 1776}, "geometry": {"type": "Point", "coordinates": [156, 66]}}, {"type": "Feature", "properties": {"name": "p1777", "val": 1777}, "geometry": {"type": "Point", "coordinates": [157, 67]}}, {"type": "Feature", "properties": {"name": "p1778", "val": 1778}, "geometry": {"type": "Point", "coordinates": [158, 68]}}, {"type": "Feature", "properties": {"name": "p1779", "val": 1779}, "geometry": {"type": "Point", "coordinates": [159, 69]}}, {"type": "Feature", "properties": {"name": "p1780", "val": 1780}, "geometry": {"type": "Point", "coordinates": [160, 70]}}, {"type": "Feature", "properties": {"name": "p1781", "val": 1781}, "geometry": {"type": "Point", "coordinates": [161, 71]}}, {"type": "Feature", "properties": {"name": "p1782", "val": 1782}, "geometry": {"type": "Point", "coordinates": [162, 72]}}, {"type": "Feature", "properties": {"name": "p1783", "val": 1783}, "geometry": {"type": "Point", "coordinates": [163, 73]}}, {"type": "Feature", "properties": {"name": "p1784", "val": 1784}, "geometry": {"type": "Point", "coordinates": [164, 74]}}, {"type": "Feature", "properties": {"name": "p1785", "val": 1785}, "geometry": {"type": "Point", "coordinates": [165, 75]}}, {"type": "Feature", "properties": {"name": "p1786", "val": 1786}, "geometry": {"type": "Point", "coordinates": [166, 76]}}, {"type": "Feature", "properties": {"name": "p1787", "val": 1787}, "geometry": {"type": "Point", "coordinates": [167, 77]}}, {"type": "Feature", "properties": {"name": "p1788", "val": 1788}, "geometry": {"type": "Point", "coordinates": [168, 78]}}, {"type": "Feature", "properties": {"name": "p1789", "val": 1789}, "geometry": {"type": "Point", "coordinates": [169, 79]}}, {"type": "Feature", "properties": {"name": "p1790", "val": 1790}, "geometry": {"type": "Point", "coordinates": [170, 80]}}, {"type": "Feature", "properties": {"name": "p1791", "val": 1791}, "geometry": {"type": "Point", "coordinates": [171, 81]}}, {"type": "Feature", "properties": {"name": "p1792", "val": 1792}, "geometry": {"type": "Point", "coordinates": [172, 82]}}, {"type": "Feature", "properties": {"name": "p1793", "val": 1793}, "geometry": {"type": "Point", "coordinates": [173, 83]}}, {"type": "Feature", "properties": {"name": "p1794", "val": 1794}, "geometry": {"type": "Point", "coordinates": [174, 84]}}, {"type": "Feature", "properties": {"name": "p1795", "val": 1795}, "geometry": {"type": "Point", "coordinates": [175, 85]}}, {"type": "Feature", "properties": {"name": "p1796", "val": 1796}, "geometry": {"type": "Point", "coordinates": [176, 86]}}, {"type": "Feature", "properties": {"name": "p1797", "val": 1797}, "geometry": {"type": "Point", "coordinates": [177, 87]}}, {"type": "Feature", "properties": {"name": "p1798", "val": 1798}, "geometry": {"type": "Point", "coordinates": [178, 88]}}, {"type": "Feature", "properties": {"name": "p1799", "val": 1799}, "geometry": {"type": "Point", "coordinates": [179, 89]}}, {"type": "Feature", "properties": {"name": "p1800", "val": 1800}, "geometry": {"type": "Point", "coordinates": [-180, -90]}}, {"type": "Feature", "properties": {"name": "p1801", "val": 1801}, "geometry": {"type": "Point", "coordinates": [-179, -89]}}, {"type": "Feature", "properties": {"name": "p1802", "val": 1802}, "geometry": {"type": "Point", "coordinates": [-178, -88]}}, {"type": "Feature", "properties": {"name": "p1803", "val": 1803}, "geometry": {"type": "Point", "coordinates": [-177, -87]}}, {"type": "Feature", "properties": {"name": "p1804", "val": 1804}, "geometry": {"type": "Point", "coordinates": [-176, -86]}}, {"type": "Feature", "properties": {"name": "p1805", "val": 1805}, "geometry": {"type": "Point", "coordinates": [-175, -85]}}, {"type": "Feature", "properties": {"name": "p1806", "val": 1806}, "geometry": {"type": "Point", "coordinates": [-174, -84]}}, {"type": "Feature", "properties": {"name": "p1807", "val": 1807}, "geometry": {"type": "Point", "coordinates": [-173, -83]}}, {"type": "Feature", "properties": {"name": "p1808", "val": 1808}, "geometry": {"type": "Point", "coordinates": [-172, -82]}}, {"type": "Feature", "properties": {"name": "p1809", "val": 1809}, "geometry": {"type": "Point", "coordinates": [-171, -81]}}, {"type": "Feature", "properties": {"name": "p1810", "val": 1810}, "geometry": {"type": "Point", "coordinates": [-170, -80]}}, {"type": "Feature", "properties": {"name": "p1811", "val": 1811}, "geometry": {"type": "Point", "coordinates": [-169, -79]}}, {"type": "Feature", "properties": {"name": "p1812", "val": 1812}, "geometry": {"type": "Point", "coordinates": [-168, -78]}}, {"type": "Feature", "properties": {"name": "p1813", "val": 1813}, "geometry": {"type": "Point", "coordinates": [-167, -77]}}, {"type": "Feature", "properties": {"name": "p1814", "val": 1814}, "geometry": {"type": "Point", "coordinates": [-166, -76]}}, {"type": "Feature", "properties": {"name": "p1815", "val": 1815}, "geometry": {"type": "Point", "coordinates": [-165, -75]}}, {"type": "Feature", "properties": {"name": "p1816", "val": 1816}, "geometry": {"type": "Point", "coordinates": [-164, -74]}}, {"type": "Feature", "properties": {"name": "p1817", "val": 1817}, "geometry": {"type": "Point", "coordinates": [-163, -73]}}, {"type": "Feature", "properties": {"name": "p1818", "val": 1818}, "geometry": {"type": "Point", "coordinates": [-162, -72]}}, {"type": "Feature", "properties": {"name": "p1819", "val": 1819}, "geometry": {"type": "Point", "coordinates": [-161, -71]}}, {"type": "Feature", "properties": {"name": "p1820", "val": 1820}, "geometry": {"type": "Point", "coordinates": [-160, -70]}}, {"type": "Feature", "properties": {"name": "p1821", "val": 1821}, "geometry": {"type": "Point", "coordinates": [-159, -69]}}, {"type": "Feature", "properties": {"name": "p1822", "val": 1822}, "geometry": {"type": "Point", "coordinates": [-158, -68]}}, {"type": "Feature", "properties": {"name": "p1823", "val": 1823}, "geometry": {"type": "Point", "coordinates": [-157, -67]}}, {"type": "Feature", "properties": {"name": "p1824", "val": 1824}, "geometry": {"type": "Point", "coordinates": [-156, -66]}}, {"type": "Feature", "properties": {"name": "p1825", "val": 1825}, "geometry": {"type": "Point", "coordinates": [-155, -65]}}, {"type": "Feature", "properties": {"name": "p1826", "val": 1826}, "geometry": {"type": "Point", "coordinates": [-154, -64]}}, {"type": "Feature", "properties": {"name": "p1827", "val": 1827}, "geometry": {"type": "Point", "coordinates": [-153, -63]}}, {"type": "Feature", "properties": {"name": "p1828", "val": 1828}, "geometry": {"type": "Point", "coordinates": [-152, -62]}}, {"type": "Feature", "properties": {"name": "p1829", "val": 1829}, "geometry": {"type": "Point", "coordinates": [-151, -61]}}, {"type": "Feature", "properties": {"name": "p1830", "val": 1830}, "geometry": {"type": "Point", "coordinates": [-150, -60]}}, {"type": "Feature", "properties": {"name": "p1831", "val": 1831}, "geometry": {"type": "Point", "coordinates": [-149, -59]}}, {"type": "Feature", "properties": {"name": "p1832", "val": 1832}, "geometry": {"type": "Point", "coordinates": [-148, -58]}}, {"type": "Feature", "properties": {"name": "p1833", "val": 1833}, "geometry": {"type": "Point", "coordinates": [-147, -57]}}, {"type": "Feature", "properties": {"name": "p1834", "val": 1834}, "geometry": {"type": "Point", "coordinates": [-146, -56]}}, {"type": "Feature", "properties": {"name": "p1835", "val": 1835}, "geometry": {"type": "Point", "coordinates": [-145, -55]}}, {"type": "Feature", "properties": {"name": "p1836", "val": 1836}, "geometry": {"type": "Point", "coordinates": [-144, -54]}}, {"type": "Feature", "properties": {"name": "p1837", "val": 1837}, "geometry": {"type": "Point", "coordinates": [-143, -53]}}, {"type": "Feature", "properties": {"name": "p1838", "val": 1838}, "geometry": {"type": "Point", "coordinates": [-142, -52]}}, {"type": "Feature", "properties": {"name": "p1839", "val": 1839}, "geometry": {"type": "Point", "coordinates": [-141, -51]}}, {"type": "Feature", "properties": {"name": "p1840", "val": 1840}, "geometry": {"type": "Point", "coordinates": [-140, -50]}}, {"type": "Feature", "properties": {"name": "p1841", "val": 1841}, "geometry": {"type": "Point", "coordinates": [-139, -49]}}, {"type": "Feature", "properties": {"name": "p1842", "val": 1842}, "geometry": {"type": "Point", "coordinates": [-138, -48]}}, {"type": "Feature", "properties": {"name": "p1843", "val": 1843}, "geometry": {"type": "Point", "coordinates": [-137, -47]}}, {"type": "Feature", "properties": {"name": "p1844", "val": 1844}, "geometry": {"type": "Point", "coordinates": [-136, -46]}}, {"type": "Feature", "properties": {"name": "p1845", "val": 1845}, "geometry": {"type": "Point", "coordinates": [-135, -45]}}, {"type": "Feature", "properties": {"name": "p1846", "val": 1846}, "geometry": {"type": "Point", "coordinates": [-134, -44]}}, {"type": "Feature", "properties": {"name": "p1847", "val": 1847}, "geometry": {"type": "Point", "coordinates": [-133, -43]}}, {"type": "Feature", "properties": {"name": "p1848", "val": 1848}, "geometry": {"type": "Point", "coordinates": [-132, -42]}}, {"type": "Feature", "properties": {"name": "p1849", "val": 1849}, "geometry": {"type": "Point", "coordinates": [-131, -41]}}, {"type": "Feature", "properties": {"name": "p1850", "val": 1850}, "geometry": {"type": "Point", "coordinates": [-130, -40]}}, {"type": "Feature", "properties": {"name": "p1851", "val": 1851}, "geometry": {"type": "Point", "coordinates": [-129, -39]}}, {"type": "Feature", "properties": {"name": "p1852", "val": 1852}, "geometry": {"type": "Point", "coordinates": [-128, -38]}}, {"type": "Feature", "properties": {"name": "p1853", "val": 1853}, "geometry": {"type": "Point", "coordinates": [-127, -37]}}, {"type": "Feature", "properties": {"name": "p1854", "val": 1854}, "geometry": {"type": "Point", "coordinates": [-126, -36]}}, {"type": "Feature", "properties": {"name": "p1855", "val": 1855}, "geometry": {"type": "Point", "coordinates": [-125, -35]}}, {"type": "Feature", "properties": {"name": "p1856", "val": 1856}, "geometry": {"type": "Point", "coordinates": [-124, -34]}}, {"type": "Feature", "properties": {"name": "p1857", "val": 1857}, "geometry": {"type": "Point", "coordinates": [-123, -33]}}, {"type": "Feature", "properties": {"name": "p1858", "val": 1858}, "geometry": {"type": "Point", "coordinates": [-122, -32]}}, {"type": "Feature", "properties": {"name": "p1859", "val": 1859}, "geometry": {"type": "Point", "coordinates": [-121, -31]}}, {"type": "Feature", "properties": {"name": "p1860", "val": 1860}, "geometry": {"type": "Point", "coordinates": [-120, -30]}}, {"type": "Feature", "properties": {"name": "p1861", "val": 1861}, "geometry": {"type": "Point", "coordinates": [-119, -29]}}, {"type": "Feature", "properties": {"name": "p1862", "val": 1862}, "geometry": {"type": "Point", "coordinates": [-118, -28]}}, {"type": "Feature", "properties": {"name": "p1863", "val": 1863}, "geometry": {"type": "Point", "coordinates": [-117, -27]}}, {"type": "Feature", "properties": {"name": "p1864", "val": 1864}, "geometry": {"type": "Point", "coordinates": [-116, -26]}}, {"type": "Feature", "properties": {"name": "p1865", "val": 1865}, "geometry": {"type": "Point", "coordinates": [-115, -25]}}, {"type": "Feature", "properties": {"name": "p1866", "val": 1866}, "geometry": {"type": "Point", "coordinates": [-114, -24]}}, {"type": "Feature", "properties": {"name": "p1867", "val": 1867}, "geometry": {"type": "Point", "coordinates": [-113, -23]}}, {"type": "Feature", "properties": {"name": "p1868", "val": 1868}, "geometry": {"type": "Point", "coordinates": [-112, -22]}}, {"type": "Feature", "properties": {"name": "p1869", "val": 1869}, "geometry": {"type": "Point", "coordinates": [-111, -21]}}, {"type": "Feature", "properties": {"name": "p1870", "val": 1870}, "geometry": {"type": "Point", "coordinates": [-110, -20]}}, {"type": "Feature", "properties": {"name": "p1871", "val": 1871}, "geometry": {"type": "Point", "coordinates": [-109, -19]}}, {"type": "Feature", "properties": {"name": "p1872", "val": 1872}, "geometry": {"type": "Point", "coordinates": [-108, -18]}}, {"type": "Feature", "properties": {"name": "p1873", "val": 1873}, "geometry": {"type": "Point", "coordinates": [-107, -17]}}, {"type": "Feature", "properties": {"name": "p1874", "val": 1874}, "geometry": {"type": "Point", "coordinates": [-106, -16]}}, {"type": "Feature", "properties": {"name": "p1875", "val": 1875}, "geometry": {"type": "Point", "coordinates": [-105, -15]}}, {"type": "Feature", "properties": {"name": "p1876", "val": 1876}, "geometry": {"type": "Point", "coordinates": [-104, -14]}}, {"type": "Feature", "properties": {"name": "p1877", "val": 1877}, "geometry": {"type": "Point", "coordinates": [-103, -13]}}, {"type": "Feature", "properties": {"name": "p1878", "val": 1878}, "geometry": {"type": "Point", "coordinates": [-102, -12]}}, {"type": "Feature", "properties": {"name": "p1879", "val": 1879}, "geometry": {"type": "Point", "coordinates": [-101, -11]}}, {"type": "Feature", "properties": {"name": "p1880", "val": 1880}, "geometry": {"type": "Point", "coordinates": [-100, -10]}}, {"type": "Feature", "properties": {"name": "p1881", "val": 1881}, "geometry": {"type": "Point", "coordinates": [-99, -9]}}, {"type": "Feature", "properties": {"name": "p1882", "val": 1882}, "geometry": {"type": "Point", "coordinates": [-98, -8]}}, {"type": "Feature", "properties": {"name": "p1883", "val": 1883}, "geometry": {"type": "Point", "coordinates": [-97, -7]}}, {"type": "Feature", "properties": {"name": "p1884", "val": 1884}, "geometry": {"type": "Point", "coordinates": [-96, -6]}}, {"type": "Feature", "properties": {"name": "p1885", "val": 1885}, "geometry": {"type": "Point", "coordinates": [-95, -5]}}, {"type": "Feature", "properties": {"name": "p1886", "val": 1886}, "geometry": {"type": "Point", "coordinates": [-94, -4]}}, {"type": "Feature", "properties": {"name": "p1887", "val": 1887}, "geometry": {"type": "Point", "coordinates": [-93, -3]}}, {"type": "Feature", "properties": {"name": "p1888", "val": 1888}, "geometry": {"type": "Point", "coordinates": [-92, -2]}}, {"type": "Feature", "properties": {"name": "p1889", "val": 1889}, "geometry": {"type": "Point", "coordinates": [-91, -1]}}, {"type": "Feature", "properties": {"name": "p1890", "val": 1890}, "geometry": {"type": "Point", "coordinates": [-90, 0]}}, {"type": "Feature", "properties": {"name": "p1891", "val": 1891}, "geometry": {"type": "Point", "coordinates": [-89, 1]}}, {"type": "Feature", "properties": {"name": "p1892", "val": 1892}, "geometry": {"type": "Point", "coordinates": [-88, 2]}}, {"type": "Feature", "properties": {"name": "p1893", "val": 1893}, "geometry": {"type": "Point", "coordinates": [-87, 3]}}, {"type": "Feature", "properties": {"name": "p1894", "val": 1894}, "geometry": {"type": "Point", "coordinates": [-86, 4]}}, {"type": "Feature", "properties": {"name": "p1895", "val": 1895}, "geometry": {"type": "Point", "coordinates": [-85, 5]}}, {"type": "Feature", "properties": {"name": "p1896", "val": 1896}, "geometry": {"type": "Point", "coordinates": [-84, 6]}}, {"type": "Feature", "properties": {"name": "p1897", "val": 1897}, "geometry": {"type": "Point", "coordinates": [-83, 7]}}, {"type": "Feature", "properties": {"name": "p1898", "val": 1898}, "geometry": {"type": "Point", "coordinates": [-82, 8]}}, {"type": "Feature", "properties": {"name": "p1899", "val": 1899}, "geometry": {"type": "Point", "coordinates": [-81, 9]}}, {"type": "Feature", "properties": {"name": "p1900", "val": 1900}, "geometry": {"type": "Point", "coordinates": [-80, 10]}}, {"type": "Feature", "properties": {"name": "p1901", "val": 1901}, "geometry": {"type": "Point", "coordinates": [-79, 11]}}, {"type": "Feature", "properties": {"name": "p1902", "val": 1902}, "geometry": {"type": "Point", "coordinates": [-78, 12]}}, {"type": "Feature", "properties": {"name": "p1903", "val": 1903}, "geometry": {"type": "Point", "coordinates": [-77, 13]}}, {"type": "Feature", "properties": {"name": "p1904", "val": 1904}, "geometry": {"type": "Point", "coordinates": [-76, 14]}}, {"type": "Feature", "properties": {"name": "p1905", "val": 1905}, "geometry": {"type": "Point", "coordinates": [-75, 15]}}, {"type": "Feature", "properties": {"name": "p1906", "val": 1906}, "geometry": {"type": "Point", "coordinates": [-74, 16]}}, {"type": "Feature", "properties": {"name": "p1907", "val": 1907}, "geometry": {"type": "Point", "coordinates": [-73, 17]}}, {"type": "Feature", "properties": {"name": "p1908", "val": 1908}, "geometry": {"type": "Point", "coordinates": [-72, 18]}}, {"type": "Feature", "properties": {"name": "p1909", "val": 1909}, "geometry": {"type": "Point", "coordinates": [-71, 19]}}, {"type": "Feature", "properties": {"name": "p1910", "val": 1910}, "geometry": {"type": "Point", "coordinates": [-70, 20]}}, {"type": "Feature", "properties": {"name": "p1911", "val": 1911}, "geometry": {"type": "Point", "coordinates": [-69, 21]}}, {"type": "Feature", "properties": {"name": "p1912", "val": 1912}, "geometry": {"type": "Point", "coordinates": [-68, 22]}}, {"type": "Feature", "properties": {"name": "p1913", "val": 1913}, "geometry": {"type": "Point", "coordinates": [-67, 23]}}, {"type": "Feature", "properties": {"name": "p1914", "val": 1914}, "geometry": {"type": "Point", "coordinates": [-66, 24]}}, {"type": "Feature", "properties": {"name": "p1915", "val": 1915}, "geometry": {"type": "Point", "coordinates": [-65, 25]}}, {"type": "Feature", "properties": {"name": "p1916", "val": 1916}, "geometry": {"type": "Point", "coordinates": [-64, 26]}}, {"type": "Feature", "properties": {"name": "p1917", "val": 1917}, "geometry": {"type": "Point", "coordinates": [-63, 27]}}, {"type": "Feature", "properties": {"name": "p1918", "val": 1918}, "geometry": {"type": "Point", "coordinates": [-62, 28]}}, {"type": "Feature", "properties": {"name": "p1919", "val": 1919}, "geometry": {"type": "Point", "coordinates": [-61, 29]}}, {"type": "Feature", "properties": {"name": "p1920", "val": 1920}, "geometry": {"type": "Point", "coordinates": [-60, 30]}}, {"type": "Feature", "properties": {"name": "p1921", "val": 1921}, "geometry": {"type": "Point", "coordinates": [-59, 31]}}, {"type": "Feature", "properties": {"name": "p1922", "val": 1922}, "geometry": {"type": "Point", "coordinates": [-58, 32]}}, {"type": "Feature", "properties": {"name": "p1923", "val": 1923}, "geometry": {"type": "Point", "coordinates": [-57, 33]}}, {"type": "Feature", "properties": {"name": "p1924", "val": 1924}, "geometry": {"type": "Point", "coordinates": [-56, 34]}}, {"type": "Feature", "properties": {"name": "p1925", "val": 1925}, "geometry": {"type": "Point", "coordinates": [-55, 35]}}, {"type": "Feature", "properties": {"name": "p1926", "val": 1926}, "geometry": {"type": "Point", "coordinates": [-54, 36]}}, {"type": "Feature", "properties": {"name": "p1927", "val": 1927}, "geometry": {"type": "Point", "coordinates": [-53, 37]}}, {"type": "Feature", "properties": {"name": "p1928", "val": 1928}, "geometry": {"type": "Point", "coordinates": [-52, 38]}}, {"type": "Feature", "properties": {"name": "p1929", "val": 1929}, "geometry": {"type": "Point", "coordinates": [-51, 39]}}, {"type": "Feature", "properties": {"name": "p1930", "val": 1930}, "geometry": {"type": "Point", "coordinates": [-50, 40]}}, {"type": "Feature", "properties": {"name": "p1931", "val": 1931}, "geometry": {"type": "Point", "coordinates": [-49, 41]}}, {"type": "Feature", "properties": {"name": "p1932", "val": 1932}, "geometry": {"type": "Point", "coordinates": [-48, 42]}}, {"type": "Feature", "properties": {"name": "p1933", "val": 1933}, "geometry": {"type": "Point", "coordinates": [-47, 43]}}, {"type": "Feature", "properties": {"name": "p1934", "val": 1934}, "geometry": {"type": "Point", "coordinates": [-46, 44]}}, {"type": "Feature", "properties": {"name": "p1935", "val": 1935}, "geometry": {"type": "Point", "coordinates": [-45, 45]}}, {"type": "Feature", "properties": {"name": "p1936", "val": 1936}, "geometry": {"type": "Point", "coordinates": [-44, 46]}}, {"type": "Feature", "properties": {"name": "p1937", "val": 1937}, "geometry": {"type": "Point", "coordinates": [-43, 47]}}, {"type": "Feature", "properties": {"name": "p1938", "val": 1938}, "geometry": {"type": "Point", "coordinates": [-42, 48]}}, {"type": "Feature", "properties": {"name": "p1939", "val": 1939}, "geometry": {"type": "Point", "coordinates": [-41, 49]}}, {"type": "Feature", "properties": {"name": "p1940", "val": 1940}, "geometry": {"type": "Point", "coordinates": [-40, 50]}}, {"type": "Feature", "properties": {"name": "p1941", "val": 1941}, "geometry": {"type": "Point", "coordinates": [-39, 51]}}, {"type": "Feature", "properties": {"name": "p1942", "val": 1942}, "geometry": {"type": "Point", "coordinates": [-38, 52]}}, {"type": "Feature", "properties": {"name": "p1943", "val": 1943}, "geometry": {"type": "Point", "coordinates": [-37, 53]}}, {"type": "Feature", "properties": {"name": "p1944", "val": 1944}, "geometry": {"type": "Point", "coordinates": [-36, 54]}}, {"type": "Feature", "properties": {"name": "p1945", "val": 1945}, "geometry": {"type": "Point", "coordinates": [-35, 55]}}, {"type": "Feature", "properties": {"name": "p1946", "val": 1946}, "geometry": {"type": "Point", "coordinates": [-34, 56]}}, {"type": "Feature", "properties": {"name": "p1947", "val": 1947}, "geometry": {"type": "Point", "coordinates": [-33, 57]}}, {"type": "Feature", "properties": {"name": "p1948", "val": 1948}, "geometry": {"type": "Point", "coordinates": [-32, 58]}}, {"type": "Feature", "properties": {"name": "p1949", "val": 1949}, "geometry": {"type": "Point", "coordinates": [-31, 59]}}, {"type": "Feature", "properties": {"name": "p1950", "val": 1950}, "geometry": {"type": "Point", "coordinates": [-30, 60]}}, {"type": "Feature", "properties": {"name": "p1951", "val": 1951}, "geometry": {"type": "Point", "coordinates": [-29, 61]}}, {"type": "Feature", "properties": {"name": "p1952", "val": 1952}, "geometry": {"type": "Point", "coordinates": [-28, 62]}}, {"type": "Feature", "properties": {"name": "p1953", "val": 1953}, "geometry": {"type": "Point", "coordinates": [-27, 63]}}, {"type": "Feature", "properties": {"name": "p1954", "val": 1954}, "geometry": {"type": "Point", "coordinates": [-26, 64]}}, {"type": "Feature", "properties": {"name": "p1955", "val": 1955}, "geometry": {"type": "Point", "coordinates": [-25, 65]}}, {"type": "Feature", "properties": {"name": "p1956", "val": 1956}, "geometry": {"type": "Point", "coordinates": [-24, 66]}}, {"type": "Feature", "properties": {"name": "p1957", "val": 1957}, "geometry": {"type": "Point", "coordinates": [-23, 67]}}, {"type": "Feature", "properties": {"name": "p1958", "val": 1958}, "geometry": {"type": "Point", "coordinates": [-22, 68]}}, {"type": "Feature", "properties": {"name": "p1959", "val": 1959}, "geometry": {"type": "Point", "coordinates": [-21, 69]}}, {"type": "Feature", "properties": {"name": "p1960", "val": 1960}, "geometry": {"type": "Point", "coordinates": [-20, 70]}}, {"type": "Feature", "properties": {"name": "p1961", "val": 1961}, "geometry": {"type": "Point", "coordinates": [-19, 71]}}, {"type": "Feature", "properties": {"name": "p1962", "val": 1962}, "geometry": {"type": "Point", "coordinates": [-18, 72]}}, {"type": "Feature", "properties": {"name": "p1963", "val": 1963}, "geometry": {"type": "Point", "coordinates": [-17, 73]}}, {"type": "Feature", "properties": {"name": "p1964", "val": 1964}, "geometry": {"type": "Point", "coordinates": [-16, 74]}}, {"type": "Feature", "properties": {"name": "p1965", "val": 1965}, "geometry": {"type": "Point", "coordinates": [-15, 75]}}, {"type": "Feature", "properties": {"name": "p1966", "val": 1966}, "geometry": {"type": "Point", "coordinates": [-14, 76]}}, {"type": "Feature", "properties": {"name": "p1967", "val": 1967}, "geometry": {"type": "Point", "coordinates": [-13, 77]}}, {"type": "Feature", "properties": {"name": "p1968", "val": 1968}, "geometry": {"type": "Point", "coordinates": [-12, 78]}}, {"type": "Feature", "properties": {"name": "p1969", "val": 1969}, "geometry": {"type": "Point", "coordinates": [-11, 79]}}, {"type": "Feature", "properties": {"name": "p1970", "val": 1970}, "geometry": {"type": "Point", "coordinates": [-10, 80]}}, {"type": "Feature", "properties": {"name": "p1971", "val": 1971}, "geometry": {"type": "Point", "coordinates": [-9, 81]}}, {"type": "Feature", "properties": {"name": "p1972", "val": 1972}, "geometry": {"type": "Point", "coordinates": [-8, 82]}}, {"type": "Feature", "properties": {"name": "p1973", "val": 1973}, "geometry": {"type": "Point", "coordinates": [-7, 83]}}, {"type": "Feature", "properties": {"name": "p1974", "val": 1974}, "geometry": {"type": "Point", "coordinates": [-6, 84]}}, {"type": "Feature", "properties": {"name": "p1975", "val": 1975}, "geometry": {"type": "Point", "coordinates": [-5, 85]}}, {"type": "Feature", "properties": {"name": "p1976", "val": 1976}, "geometry": {"type": "Point", "coordinates": [-4, 86]}}, {"type": "Feature", "properties": {"name": "p1977", "val": 1977}, "geometry": {"type": "Point", "coordinates": [-3, 87]}}, {"type": "Feature", "properties": {"name": "p1978", "val": 1978}, "geometry": {"type": "Point", "coordinates": [-2, 88]}}, {"type": "Feature", "properties": {"name": "p1979", "val": 1979}, "geometry": {"type": "Point", "coordinates": [-1, 89]}}, {"type": "Feature", "properties": {"name": "p1980", "val": 1980}, "geometry": {"type": "Point", "coordinates": [0, -90]}}, {"type": "Feature", "properties": {"name": "p1981", "val": 1981}, "geometry": {"type": "Point", "coordinates": [1, -89]}}, {"type": "Feature", "properties": {"name": "p1982", "val": 1982}, "geometry": {"type": "Point", "coordinates": [2, -88]}}, {"type": "Feature", "properties": {"name": "p1983", "val": 1983}, "geometry": {"type": "Point", "coordinates": [3, -87]}}, {"type": "Feature", "properties": {"name": "p1984", "val": 1984}, "geometry": {"type": "Point", "coordinates": [4, -86]}}, {"type": "Feature", "properties": {"name": "p1985", "val": 1985}, "geometry": {"type": "Point", "coordinates": [5, -85]}}, {"type": "Feature", "properties": {"name": "p1986", "val": 1986}, "geometry": {"type": "Point", "coordinates": [6, -84]}}, {"type": "Feature", "properties": {"name": "p1987", "val": 1987}, "geometry": {"type": "Point", "coordinates": [7, -83]}}, {"type": "Feature", "properties": {"name": "p1988", "val": 1988}, "geometry": {"type": "Point", "coordinates": [8, -82]}}, {"type": "Feature", "properties": {"name": "p1989", "val": 1989}, "geometry": {"type": "Point", "coordinates": [9, -81]}}, {"type": "Feature", "properties": {"name": "p1990", "val": 1990}, "geometry": {"type": "Point", "coordinates": [10, -80]}}, {"type": "Feature", "properties": {"name": "p1991", "val": 1991}, "geometry": {"type": "Point", "coordinates": [11, -79]}}, {"type": "Feature", "properties": {"name": "p1992", "val": 1992}, "geometry": {"type": "Point", "coordinates": [12, -78]}}, {"type": "Feature", "properties": {"name": "p1993", "val": 1993}, "geometry": {"type": "Point", "coordinates": [13, -77]}}, {"type": "Feature", "properties": {"name": "p1994", "val": 1994}, "geometry": {"type": "Point", "coordinates": [14, -76]}}, {"type": "Feature", "properties": {"name": "p1995", "val": 1995}, "geometry": {"type": "Point", "coordinates": [15, -75]}}, {"type": "Feature", "properties": {"name": "p1996", "val": 1996}, "geometry": {"type": "Point", "coordinates": [16, -74]}}, {"type": "Feature", "properties": {"name": "p1997", "val": 1997}, "geometry": {"type": "Point", "coordinates": [17, -73]}}, {"type": "Feature", "properties": {"name": "p1998", "val": 1998}, "geometry": {"type": "Point", "coordinates": [18, -72]}}, {"type": "Feature", "properties": {"name": "p1999", "val": 1999}, "geometry": {"type": "Point", "coordinates": [19, -71]}}, {"type": "Feature", "properties": {"name": "p2000", "val": 2000}, "geometry": {"type": "Point", "coordinates": [20, -70]}}, {"type": "Feature", "properties": {"name": "p2001", "val": 2001}, "geometry": {"type": "Point", "coordinates": [21, -69]}}, {"type": "Feature", "properties": {"name": "p2002", "val": 2002}, "geometry": {"type": "Point", "coordinates": [22, -68]}}, {"type": "Feature", "properties": {"name": "p2003", "val": 2003}, "geometry": {"type": "Point", "coordinates": [23, -67]}}, {"type": "Feature", "properties": {"name": "p2004", "val": 2004}, "geometry": {"type": "Point", "coordinates": [24, -66]}}, {"type": "Feature", "properties": {"name": "p2005", "val": 2005}, "geometry": {"type": "Point", "coordinates": [25, -65]}}, {"type": "Feature", "properties": {"name": "p2006", "val": 2006}, "geometry": {"type": "Point", "coordinates": [26, -64]}}, {"type": "Feature", "properties": {"name": "p2007", "val": 2007}, "geometry": {"type": "Point", "coordinates": [27, -63]}}, {"type": "Feature", "properties": {"name": "p2008", "val": 2008}, "geometry": {"type": "Point", "coordinates": [28, -62]}}, {"type": "Feature", "properties": {"name": "p2009", "val": 2009}, "geometry": {"type": "Point", "coordinates": [29, -61]}}, {"type": "Feature", "properties": {"name": "p2010", "val": 2010}, "geometry": {"type": "Point", "coordinates": [30, -60]}}, {"type": "Feature", "properties": {"name": "p2011", "val": 2011}, "geometry": {"type": "Point", "coordinates": [31, -59]}}, {"type": "Feature", "properties": {"name": "p2012", "val": 2012}, "geometry": {"type": "Point", "coordinates": [32, -58]}}, {"type": "Feature", "properties": {"name": "p2013", "val": 2013}, "geometry": {"type": "Point", "coordinates": [33, -57]}}, {"type": "Feature", "properties": {"name": "p2014", "val": 2014}, "geometry": {"type": "Point", "coordinates": [34, -56]}}, {"type": "Feature", "properties": {"name": "p2015", "val": 2015}, "geometry": {"type": "Point", "coordinates": [35, -55]}}, {"type": "Feature", "properties": {"name": "p2016", "val": 2016}, "geometry": {"type": "Point", "coordinates": [36, -54]}}, {"type": "Feature", "properties": {"name": "p2017", "val": 2017}, "geometry": {"type": "Point", "coordinates": [37, -53]}}, {"type": "Feature", "properties": {"name": "p2018", "val": 2018}, "geometry": {"type": "Point", "coordinates": [38, -52]}}, {"type": "Feature", "properties": {"name": "p2019", "val": 2019}, "geometry": {"type": "Point", "coordinates": [39, -51]}}, {"type": "Feature", "properties": {"name": "p2020", "val": 2020}, "geometry": {"type": "Point", "coordinates": [40, -50]}}, {"type": "Feature", "properties": {"name": "p2021", "val": 2021}, "geometry": {"type": "Point", "coordinates": [41, -49]}}, {"type": "Feature", "properties": {"name": "p2022", "val": 2022}, "geometry": {"type": "Point", "coordinates": [42, -48]}}, {"type": "Feature", "properties": {"name": "p2023", "val": 2023}, "geometry": {"type": "Point", "coordinates": [43, -47]}}, {"type": "Feature", "properties": {"name": "p2024", "val": 2024}, "geometry": {"type": "Point", "coordinates": [44, -46]}}, {"type": "Feature", "properties": {"name": "p2025", "val": 2025}, "geometry": {"type": "Point", "coordinates": [45, -45]}}, {"type": "Feature", "properties": {"name": "p2026", "val": 2026}, "geometry": {"type": "Point", "coordinates": [46, -44]}}, {"type": "Feature", "properties": {"name": "p2027", "val": 2027}, "geometry": {"type": "Point", "coordinates": [47, -43]}}, {"type": "Feature", "properties": {"name": "p2028", "val": 2028}, "geometry": {"type": "Point", "coordinates": [48, -42]}}, {"type": "Feature", "properties": {"name": "p2029", "val": 2029}, "geometry": {"type": "Point", "coordinates": [49, -41]}}, {"type": "Feature", "properties": {"name": "p2030", "val": 2030}, "geometry": {"type": "Point", "coordinates": [50, -40]}}, {"type": "Feature", "properties": {"name": "p2031", "val": 2031}, "geometry": {"type": "Point", "coordinates": [51, -39]}}, {"type": "Feature", "properties": {"name": "p2032", "val": 2032}, "geometry": {"type": "Point", "coordinates": [52, -38]}}, {"type": "Feature", "properties": {"name": "p2033", "val": 2033}, "geometry": {"type": "Point", "coordinates": [53, -37]}}, {"type": "Feature", "properties": {"name": "p2034", "val": 2034}, "geometry": {"type": "Point", "coordinates": [54, -36]}}, {"type": "Feature", "properties": {"name": "p2035", "val": 2035}, "geometry": {"type": "Point", "coordinates": [55, -35]}}, {"type": "Feature", "properties": {"name": "p2036", "val": 2036}, "geometry": {"type": "Point", "coordinates": [56, -34]}}, {"type": "Feature", "properties": {"name": "p2037", "val": 2037}, "geometry": {"type": "Point", "coordinates": [57, -33]}}, {"type": "Feature", "properties": {"name": "p2038", "val": 2038}, "geometry": {"type": "Point", "coordinates": [58, -32]}}, {"type": "Feature", "properties": {"name": "p2039", "val": 2039}, "geometry": {"type": "Point", "coordinates": [59, -31]}}, {"type": "Feature", "properties": {"name": "p2040", "val": 2040}, "geometry": {"type": "Point", "coordinates": [60, -30]}}, {"type": "Feature", "properties": {"name": "p2041", "val": 2041}, "geometry": {"type": "Point", "coordinates": [61, -29]}}, {"type": "Feature", "properties": {"name": "p2042", "val": 2042}, "geometry": {"type": "Point", "coordinates": [62, -28]}}, {"type": "Feature", "properties": {"name": "p2043", "val": 2043}, "geometry": {"type": "Point", "coordinates": [63, -27]}}, {"type": "Feature", "properties": {"name": "p2044", "val": 2044}, "geometry": {"type": "Point", "coordinates": [64, -26]}}, {"type": "Feature", "properties": {"name": "p2045", "val": 2045}, "geometry": {"type": "Point", "coordinates": [65, -25]}}, {"type": "Feature", "properties": {"name": "p2046", "val": 2046}, "geometry": {"type": "Point", "coordinates": [66, -24]}}, {"type": "Feature", "properties": {"name": "p2047", "val": 2047}, "geometry": {"type": "Point", "coordinates": [67, -23]}}, {"type": "Feature", "properties": {"name": "p2048", "val": 2048}, "geometry": {"type": "Point", "coordinates": [68, -22]}}, {"type": "Feature", "properties": {"name": "p2049", "val": 2049}, "geometry": {"type": "Point", "coordinates": [69, -21]}}, {"type": "Feature", "properties": {"name": "p2050", "val": 2050}, "geometry": {"type": "Point", "coordinates": [70, -20]}}, {"type": "Feature", "properties": {"name": "p2051", "val": 2051}, "geometry": {"type": "Point", "coordinates": [71, -19]}}, {"type": "Feature", "properties": {"name": "p2052", "val": 2052}, "geometry": {"type": "Point", "coordinates": [72, -18]}}, {"type": "Feature", "properties": {"name": "p2053", "val": 2053}, "geometry": {"type": "Point", "coordinates": [73, -17]}}, {"type": "Feature", "properties": {"name": "p2054", "val": 2054}, "geometry": {"type": "Point", "coordinates": [74, -16]}}, {"type": "Feature", "properties": {"name": "p2055", "val": 2055}, "geometry": {"type": "Point", "coordinates": [75, -15]}}, {"type": "Feature", "properties": {"name": "p2056", "val": 2056}, "geometry": {"type": "Point", "coordinates": [76, -14]}}, {"type": "Feature", "properties": {"name": "p2057", "val": 2057}, "geometry": {"type": "Point", "coordinates": [77, -13]}}, {"type": "Feature", "properties": {"name": "p2058", "val": 2058}, "geometry": {"type": "Point", "coordinates": [78, -12]}}, {"type": "Feature", "properties": {"name": "p2059", "val": 2059}, "geometry": {"type": "Point", "coordinates": [79, -11]}}, {"type": "Feature", "properties": {"name": "p2060", "val": 2060}, "geometry": {"type": "Point", "coordinates": [80, -10]}}, {"type": "Feature", "properties": {"name": "p2061", "val": 2061}, "geometry": {"type": "Point", "coordinates": [81, -9]}}, {"type": "Feature", "properties": {"name": "p2062", "val": 2062}, "geometry": {"type": "Point", "coordinates": [82, -8]}}, {"type": "Feature", "properties": {"name": "p2063", "val": 2063}, "geometry": {"type": "Point", "coordinates": [83, -7]}}, {"type": "Feature", "properties": {"name": "p2064", "val": 2064}, "geometry": {"type": "Point", "coordinates": [84, -6]}}, {"type": "Feature", "properties": {"name": "p2065", "val": 2065}, "geometry": {"type": "Point", "coordinates": [85, -5]}}, {"type": "Feature", "properties": {"name": "p2066", "val": 2066}, "geometry": {"type": "Point", "coordinates": [86, -4]}}, {"type": "Feature", "properties": {"name": "p2067", "val": 2067}, "geometry": {"type": "Point", "coordinates": [87, -3]}}, {"type": "Feature", "properties": {"name": "p2068", "val": 2068}, "geometry": {"type": "Point", "coordinates": [88, -2]}}, {"type": "Feature", "properties": {"name": "p2069", "val": 2069}, "geometry": {"type": "Point", "coordinates": [89, -1]}}, {"type": "Feature", "properties": {"name": "p2070", "val": 2070}, "geometry": {"type": "Point", "coordinates": [90, 0]}}, {"type": "Feature", "properties": {"name": "p2071", "val": 2071}, "geometry": {"type": "Point", "coordinates": [91, 1]}}, {"type": "Feature", "properties": {"name": "p2072", "val": 2072}, "geometry": {"type": "Point", "coordinates": [92, 2]}}, {"type": "Feature", "properties": {"name": "p2073", "val": 2073}, "geometry": {"type": "Point", "coordinates": [93, 3]}}, {"type": "Feature", "properties": {"name": "p2074", "val": 2074}, "geometry": {"type": "Point", "coordinates": [94, 4]}}, {"type": "Feature", "properties": {"name": "p2075", "val": 2075}, "geometry": {"type": "Point", "coordinates": [95, 5]}}, {"type": "Feature", "properties": {"name": "p2076", "val": 2076}, "geometry": {"type": "Point", "coordinates": [96, 6]}}, {"type": "Feature", "properties": {"name": "p2077", "val": 2077}, "geometry": {"type": "Point", "coordinates": [97, 7]}}, {"type": "Feature", "properties": {"name": "p2078", "val": 2078}, "geometry": {"type": "Point", "coordinates": [98, 8]}}, {"type": "Feature", "properties": {"name": "p2079", "val": 2079}, "geometry": {"type": "Point", "coordinates": [99, 9]}}, {"type": "Feature", "properties": {"name": "p2080", "val": 2080}, "geometry": {"type": "Point", "coordinates": [100, 10]}}, {"type": "Feature", "properties": {"name": "p2081", "val": 2081}, "geometry": {"type": "Point", "coordinates": [101, 11]}}, {"type": "Feature", "properties": {"name": "p2082", "val": 2082}, "geometry": {"type": "Point", "coordinates": [102, 12]}}, {"type": "Feature", "properties": {"name": "p2083", "val": 2083}, "geometry": {"type": "Point", "coordinates": [103, 13]}}, {"type": "Feature", "properties": {"name": "p2084", "val": 2084}, "geometry": {"type": "Point", "coordinates": [104, 14]}}, {"type": "Feature", "properties": {"name": "p2085", "val": 2085}, "geometry": {"type": "Point", "coordinates": [105, 15]}}, {"type": "Feature", "properties": {"name": "p2086", "val": 2086}, "geometry": {"type": "Point", "coordinates": [106, 16]}}, {"type": "Feature", "properties": {"name": "p2087", "val": 2087}, "geometry": {"type": "Point", "coordinates": [107, 17]}}, {"type": "Feature", "properties": {"name": "p2088", "val": 2088}, "geometry": {"type": "Point", "coordinates": [108, 18]}}, {"type": "Feature", "properties": {"name": "p2089", "val": 2089}, "geometry": {"type": "Point", "coordinates": [109, 19]}}, {"type": "Feature", "properties": {"name": "p2090", "val": 2090}, "geometry": {"type": "Point", "coordinates": [110, 20]}}, {"type": "Feature", "properties": {"name": "p2091", "val": 2091}, "geometry": {"type": "Point", "coordinates": [111, 21]}}, {"type": "Feature", "properties": {"name": "p2092", "val": 2092}, "geometry": {"type": "Point", "coordinates": [112, 22]}}, {"type": "Feature", "properties": {"name": "p2093", "val": 2093}, "geometry": {"type": "Point", "coordinates": [113, 23]}}, {"type": "Feature", "properties": {"name": "p2094", "val": 2094}, "geometry": {"type": "Point", "coordinates": [114, 24]}}, {"type": "Feature", "properties": {"name": "p2095", "val": 2095}, "geometry": {"type": "Point", "coordinates": [115, 25]}}, {"type": "Feature", "properties": {"name": "p2096", "val": 2096}, "geometry": {"type": "Point", "coordinates": [116, 26]}}, {"type": "Feature", "properties": {"name": "p2097", "val": 2097}, "geometry": {"type": "Point", "coordinates": [117, 27]}}, {"type": "Feature", "properties": {"name": "p2098", "val": 2098}, "geometry": {"type": "Point", "coordinates": [118, 28]}}, {"type": "Feature", "properties": {"name": "p2099", "val": 2099}, "geometry": {"type": "Point", "coordinates": [119, 29]}}, {"type": "Feature", "properties": {"name": "p2100", "val": 2100}, "geometry": {"type": "Point", "coordinates": [120, 30]}}, {"type": "Feature", "properties": {"name": "p2101", "val": 2101}, "geometry": {"type": "Point", "coordinates": [121, 31]}}, {"type": "Feature", "properties": {"name": "p2102", "val": 2102}, "geometry": {"type": "Point", "coordinates": [122, 32]}}, {"type": "Feature", "properties": {"name": "p2103", "val": 2103}, "geometry": {"type": "Point", "coordinates": [123, 33]}}, {"type": "Feature", "properties": {"name": "p2104", "val": 2104}, "geometry": {"type": "Point", "coordinates": [124, 34]}}, {"type": "Feature", "properties": {"name": "p2105", "val": 2105}, "geometry": {"type": "Point", "coordinates": [125, 35]}}, {"type": "Feature", "properties": {"name": "p2106", "val": 2106}, "geometry": {"type": "Point", "coordinates": [126, 36]}}, {"type": "Feature", "properties": {"name": "p2107", "val": 2107}, "geometry": {"type": "Point", "coordinates": [127, 37]}}, {"type": "Feature", "properties": {"name": "p2108", "val": 2108}, "geometry": {"type": "Point", "coordinates": [128, 38]}}, {"type": "Feature", "properties": {"name": "p2109", "val": 2109}, "geometry": {"type": "Point", "coordinates": [129, 39]}}, {"type": "Feature", "properties": {"name": "p2110", "val": 2110}, "geometry": {"type": "Point", "coordinates": [130, 40]}}, {"type": "Feature", "properties": {"name": "p2111", "val": 2111}, "geometry": {"type": "Point", "coordinates": [131, 41]}}, {"type": "Feature", "properties": {"name": "p2112", "val": 2112}, "geometry": {"type": "Point", "coordinates": [132, 42]}}, {"type": "Feature", "properties": {"name": "p2113", "val": 2113}, "geometry": {"type": "Point", "coordinates": [133, 43]}}, {"type": "Feature", "properties": {"name": "p2114", "val": 2114}, "geometry": {"type": "Point", "coordinates": [134, 44]}}, {"type": "Feature", "properties": {"name": "p2115", "val": 2115}, "geometry": {"type": "Point", "coordinates": [135, 45]}}, {"type": "Feature", "properties": {"name": "p2116", "val": 2116}, "geometry": {"type": "Point", "coordinates": [136, 46]}}, {"type": "Feature", "properties": {"name": "p2117", "val": 2117}, "geometry": {"type": "Point", "coordinates": [137, 47]}}, {"type": "Feature", "properties": {"name": "p2118", "val": 2118}, "geometry": {"type": "Point", "coordinates": [138, 48]}}, {"type": "Feature", "properties": {"name": "p2119", "val": 2119}, "geometry": {"type": "Point", "coordinates": [139, 49]}}, {"type": "Feature", "properties": {"name": "p2120", "val": 2120}, "geometry": {"type": "Point", "coordinates": [140, 50]}}, {"type": "Feature", "properties": {"name": "p2121", "val": 2121}, "geometry": {"type": "Point", "coordinates": [141, 51]}}, {"type": "Feature", "properties": {"name": "p2122", "val": 2122}, "geometry": {"type": "Point", "coordinates": [142, 52]}}, {"type": "Feature", "properties": {"name": "p2123", "val": 2123}, "geometry": {"type": "Point", "coordinates": [143, 53]}}, {"type": "Feature", "properties": {"name": "p2124", "val": 2124}, "geometry": {"type": "Point", "coordinates": [144, 54]}}, {"type": "Feature", "properties": {"name": "p2125", "val": 2125}, "geometry": {"type": "Point", "coordinates": [145, 55]}}, {"type": "Feature", "properties": {"name": "p2126", "val": 2126}, "geometry": {"type": "Point", "coordinates": [146, 56]}}, {"type": "Feature", "properties": {"name": "p2127", "val": 2127}, "geometry": {"type": "Point", "coordinates": [147, 57]}}, {"type": "Feature", "properties": {"name": "p2128", "val": 2128}, "geometry": {"type": "Point", "coordinates": [148, 58]}}, {"type": "Feature", "properties": {"name": "p2129", "val": 2129}, "geometry": {"type": "Point", "coordinates": [149, 59]}}, {"type": "Feature", "properties": {"name": "p2130", "val": 2130}, "geometry": {"type": "Point", "coordinates": [150, 60]}}, {"type": "Feature", "properties": {"name": "p2131", "val": 2131}, "geometry": {"type": "Point", "coordinates": [151, 61]}}, {"type": "Feature", "properties": {"name": "p2132", "val": 2132}, "geometry": {"type": "Point", "coordinates": [152, 62]}}, {"type": "Feature", "properties": {"name": "p2133", "val": 2133}, "geometry": {"type": "Point", "coordinates": [153, 63]}}, {"type": "Feature", "properties": {"name": "p2134", "val": 2134}, "geometry": {"type": "Point", "coordinates": [154, 64]}}, {"type": "Feature", "properties": {"name": "p2135", "val": 2135}, "geometry": {"type": "Point", "coordinates": [155, 65]}}, {"type": "Feature", "properties": {"name": "p2136", "val": 2136}, "geometry": {"type": "Point", "coordinates": [156, 66]}}, {"type": "Feature", "properties": {"name": "p2137", "val": 2137}, "geometry": {"type": "Point", "coordinates": [157, 67]}}, {"type": "Feature", "properties": {"name": "p2138", "val": 2138}, "geometry": {"type": "Point", "coordinates": [158, 68]}}, {"type": "Feature", "properties": {"name": "p2139", "val": 2139}, "geometry": {"type": "Point", "coordinates": [159, 69]}}, {"type": "Feature", "properties": {"name": "p2140", "val": 2140}, "geometry": {"type": "Point", "coordinates": [160, 70]}}, {"type": "Feature", "properties": {"name": "p2141", "val": 2141}, "geometry": {"type": "Point", "coordinates": [161, 71]}}, {"type": "Feature", "properties": {"name": "p2142", "val": 2142}, "geometry": {"type": "Point", "coordinates": [162, 72]}}, {"type": "Feature", "properties": {"name": "p2143", "val": 2143}, "geometry": {"type": "Point", "coordinates": [163, 73]}}, {"type": "Feature", "properties": {"name": "p2144", "val": 2144}, "geometry": {"type": "Point", "coordinates": [164, 74]}}, {"type": "Feature", "properties": {"name": "p2145", "val": 2145}, "geometry": {"type": "Point", "coordinates": [165, 75]}}, {"type": "Feature", "properties": {"name": "p2146", "val": 2146}, "geometry": {"type": "Point", "coordinates": [166, 76]}}, {"type": "Feature", "properties": {"name": "p2147", "val": 2147}, "geometry": {"type": "Point", "coordinates": [167, 77]}}, {"type": "Feature", "properties": {"name": "p2148", "val": 2148}, "geometry": {"type": "Point", "coordinates": [168, 78]}}, {"type": "Feature", "properties": {"name": "p2149", "val": 2149}, "geometry": {"type": "Point", "coordinates": [169, 79]}}, {"type": "Feature", "properties": {"name": "p2150", "val": 2150}, "geometry": {"type": "Point", "coordinates": [170, 80]}}, {"type": "Feature", "properties": {"name": "p2151", "val": 2151}, "geometry": {"type": "Point", "coordinates": [171, 81]}}, {"type": "Feature", "properties": {"name": "p2152", "val": 2152}, "geometry": {"type": "Point", "coordinates": [172, 82]}}, {"type": "Feature", "properties": {"name": "p2153", "val": 2153}, "geometry": {"type": "Point", "coordinates": [173, 83]}}, {"type": "Feature", "properties": {"name": "p2154", "val": 2154}, "geometry": {"type": "Point", "coordinates": [174, 84]}}, {"type": "Feature", "properties": {"name": "p2155", "val": 2155}, "geometry": {"type": "Point", "coordinates": [175, 85]}}, {"type": "Feature", "properties": {"name": "p2156", "val": 2156}, "geometry": {"type": "Point", "coordinates": [176, 86]}}, {"type": "Feature", "properties": {"name": "p2157", "val": 2157}, "geometry": {"type": "Point", "coordinates": [177, 87]}}, {"type": "Feature", "properties": {"name": "p2158", "val": 2158}, "geometry": {"type": "Point", "coordinates": [178, 88]}}, {"type": "Feature", "properties": {"name": "p2159", "val": 2159}, "geometry": {"type": "Point", "coordinates": [179, 89]}}, {"type": "Feature", "properties": {"name": "p2160", "val": 2160}, "geometry": {"type": "Point", "coordinates": [-180, -90]}}, {"type": "Feature", "properties": {"name": "p2161", "val": 2161}, "geometry": {"type": "Point", "coordinates": [-179, -89]}}, {"type": "Feature", "properties": {"name": "p2162", "val": 2162}, "geometry": {"type": "Point", "coordinates": [-178, -88]}}, {"type": "Feature", "properties": {"name": "p2163", "val": 2163}, "geometry": {"type": "Point", "coordinates": [-177, -87]}}, {"type": "Feature", "properties": {"name": "p2164", "val": 2164}, "geometry": {"type": "Point", "coordinates": [-176, -86]}}, {"type": "Feature", "properties": {"name": "p2165", "val": 2165}, "geometry": {"type": "Point", "coordinates": [-175, -85]}}, {"type": "Feature", "properties": {"name": "p2166", "val": 2166}, "geometry": {"type": "Point", "coordinates": [-174, -84]}}, {"type": "Feature", "properties": {"name": "p2167", "val": 2167}, "geometry": {"type": "Point", "coordinates": [-173, -83]}}, {"type": "Feature", "properties": {"name": "p2168", "val": 2168}, "geometry": {"type": "Point", "coordinates": [-172, -82]}}, {"type": "Feature", "properties": {"name": "p2169", "val": 2169}, "geometry": {"type": "Point", "coordinates": [-171, -81]}}, {"type": "Feature", "properties": {"name": "p2170", "val": 2170}, "geometry": {"type": "Point", "coordinates": [-170, -80]}}, {"type": "Feature", "properties": {"name": "p2171", "val": 2171}, "geometry": {"type": "Point", "coordinates": [-169, -79]}}, {"type": "Feature", "properties": {"name": "p2172", "val": 2172}, "geometry": {"type": "Point", "coordinates": [-168, -78]}}, {"type": "Feature", "properties": {"name": "p2173", "val": 2173}, "geometry": {"type": "Point", "coordinates": [-167, -77]}}, {"type": "Feature", "properties": {"name": "p2174", "val": 2174}, "geometry": {"type": "Point", "coordinates": [-166, -76]}}, {"type": "Feature", "properties": {"name": "p2175", "val": 2175}, "geometry": {"type": "Point", "coordinates": [-165, -75]}}, {"type": "Feature", "properties": {"name": "p2176", "val": 2176}, "geometry": {"type": "Point", "coordinates": [-164, -74]}}, {"type": "Feature", "properties": {"name": "p2177", "val": 2177}, "geometry": {"type": "Point", "coordinates": [-163, -73]}}, {"type": "Feature", "properties": {"name": "p2178", "val": 2178}, "geometry": {"type": "Point", "coordinates": [-162, -72]}}, {"type": "Feature", "properties": {"name": "p2179", "val": 2179}, "geometry": {"type": "Point", "coordinates": [-161, -71]}}, {"type": "Feature", "properties": {"name": "p2180", "val": 2180}, "geometry": {"type": "Point", "coordinates": [-160, -70]}}, {"type": "Feature", "properties": {"name": "p2181", "val": 2181}, "geometry": {"type": "Point", "coordinates": [-159, -69]}}, {"type": "Feature", "properties": {"name": "p2182", "val": 2182}, "geometry": {"type": "Point", "coordinates": [-158, -68]}}, {"type": "Feature", "properties": {"name": "p2183", "val": 2183}, "geometry": {"type": "Point", "coordinates": [-157, -67]}}, {"type": "Feature", "properties": {"name": "p2184", "val": 2184}, "geometry": {"type": "Point", "coordinates": [-156, -66]}}, {"type": "Feature", "properties": {"name": "p2185", "val": 2185}, "geometry": {"type": "Point", "coordinates": [-155, -65]}}, {"type": "Feature", "properties": {"name": "p2186", "val": 2186}, "geometry": {"type": "Point", "coordinates": [-154, -64]}}, {"type": "Feature", "properties": {"name": "p2187", "val": 2187}, "geometry": {"type": "Point", "coordinates": [-153, -63]}}, {"type": "Feature", "properties": {"name": "p2188", "val": 2188}, "geometry": {"type": "Point", "coordinates": [-152, -62]}}, {"type": "Feature", "properties": {"name": "p2189", "val": 2189}, "geometry": {"type": "Point", "coordinates": [-151, -61]}}, {"type": "Feature", "properties": {"name": "p2190", "val": 2190}, "geometry": {"type": "Point", "coordinates": [-150, -60]}}, {"type": "Feature", "properties": {"name": "p2191", "val": 2191}, "geometry": {"type": "Point", "coordinates": [-149, -59]}}, {"type": "Feature", "properties": {"name": "p2192", "val": 2192}, "geometry": {"type": "Point", "coordinates": [-148, -58]}}, {"type": "Feature", "properties": {"name": "p2193", "val": 2193}, "geometry": {"type": "Point", "coordinates": [-147, -57]}}, {"type": "Feature", "properties": {"name": "p2194", "val": 2194}, "geometry": {"type": "Point", "coordinates": [-146, -56]}}, {"type": "Feature", "properties": {"name": "p2195", "val": 2195}, "geometry": {"type": "Point", "coordinates": [-145, -55]}}, {"type": "Feature", "properties": {"name": "p2196", "val": 2196}, "geometry": {"type": "Point", "coordinates": [-144, -54]}}, {"type": "Feature", "properties": {"name": "p2197", "val": 2197}, "geometry": {"type": "Point", "coordinates": [-143, -53]}}, {"type": "Feature", "properties": {"name": "p2198", "val": 2198}, "geometry": {"type": "Point", "coordinates": [-142, -52]}}, {"type": "Feature", "properties": {"name": "p2199", "val": 2199}, "geometry": {"type": "Point", "coordinates": [-141, -51]}}, {"type": "Feature", "properties": {"name": "p2200", "val": 2200}, "geometry": {"type": "Point", "coordinates": [-140, -50]}}, {"type": "Feature", "properties": {"name": "p2201", "val": 2201}, "geometry": {"type": "Point", "coordinates": [-139, -49]}}, {"type": "Feature", "properties": {"name": "p2202", "val": 2202}, "geometry": {"type": "Point", "coordinates": [-138, -48]}}, {"type": "Feature", "properties": {"name": "p2203", "val": 2203}, "geometry": {"type": "Point", "coordinates": [-137, -47]}}, {"type": "Feature", "properties": {"name": "p2204", "val": 2204}, "geometry": {"type": "Point", "coordinates": [-136, -46]}}, {"type": "Feature", "properties": {"name": "p2205", "val": 2205}, "geometry": {"type": "Point", "coordinates": [-135, -45]}}, {"type": "Feature", "properties": {"name": "p2206", "val": 2206}, "geometry": {"type": "Point", "coordinates": [-134, -44]}}, {"type": "Feature", "properties": {"name": "p2207", "val": 2207}, "geometry": {"type": "Point", "coordinates": [-133, -43]}}, {"type": "Feature", "properties": {"name": "p2208", "val": 2208}, "geometry": {"type": "Point", "coordinates": [-132, -42]}}, {"type": "Feature", "properties": {"name": "p2209", "val": 2209}, "geometry": {"type": "Point", "coordinates": [-131, -41]}}, {"type": "Feature", "properties": {"name": "p2210", "val": 2210}, "geometry": {"type": "Point", "coordinates": [-130, -40]}}, {"type": "Feature", "properties": {"name": "p2211", "val": 2211}, "geometry": {"type": "Point", "coordinates": [-129, -39]}}, {"type": "Feature", "properties": {"name": "p2212", "val": 2212}, "geometry": {"type": "Point", "coordinates": [-128, -38]}}, {"type": "Feature", "properties": {"name": "p2213", "val": 2213}, "geometry": {"type": "Point", "coordinates": [-127, -37]}}, {"type": "Feature", "properties": {"name": "p2214", "val": 2214}, "geometry": {"type": "Point", "coordinates": [-126, -36]}}, {"type": "Feature", "properties": {"name": "p2215", "val": 2215}, "geometry": {"type": "Point", "coordinates": [-125, -35]}}, {"type": "Feature", "properties": {"name": "p2216", "val": 2216}, "geometry": {"type": "Point", "coordinates": [-124, -34]}}, {"type": "Feature", "properties": {"name": "p2217", "val": 2217}, "geometry": {"type": "Point", "coordinates": [-123, -33]}}, {"type": "Feature", "properties": {"name": "p2218", "val": 2218}, "geometry": {"type": "Point", "coordinates": [-122, -32]}}, {"type": "Feature", "properties": {"name": "p2219", "val": 2219}, "geometry": {"type": "Point", "coordinates": [-121, -31]}}, {"type": "Feature", "properties": {"name": "p2220", "val": 2220}, "geometry": {"type": "Point", "coordinates": [-120, -30]}}, {"type": "Feature", "properties": {"name": "p2221", "val": 2221}, "geometry": {"type": "Point", "coordinates": [-119, -29]}}, {"type": "Feature", "properties": {"name": "p2222", "val": 2222}, "geometry": {"type": "Point", "coordinates": [-118, -28]}}, {"type": "Feature", "properties": {"name": "p2223", "val": 2223}, "geometry": {"type": "Point", "coordinates": [-117, -27]}}, {"type": "Feature", "properties": {"name": "p2224", "val": 2224}, "geometry": {"type": "Point", "coordinates": [-116, -26]}}, {"type": "Feature", "properties": {"name": "p2225", "val": 2225}, "geometry": {"type": "Point", "coordinates": [-115, -25]}}, {"type": "Feature", "properties": {"name": "p2226", "val": 2226}, "geometry": {"type": "Point", "coordinates": [-114, -24]}}, {"type": "Feature", "properties": {"name": "p2227", "val": 2227}, "geometry": {"type": "Point", "coordinates": [-113, -23]}}, {"type": "Feature", "properties": {"name": "p2228", "val": 2228}, "geometry": {"type": "Point", "coordinates": [-112, -22]}}, {"type": "Feature", "properties": {"name": "p2229", "val": 2229}, "geometry": {"type": "Point", "coordinates": [-111, -21]}}, {"type": "Feature", "properties": {"name": "p2230", "val": 2230}, "geometry": {"type": "Point", "coordinates": [-110, -20]}}, {"type": "Feature", "properties": {"name": "p2231", "val": 2231}, "geometry": {"type": "Point", "coordinates": [-109, -19]}}, {"type": "Feature", "properties": {"name": "p2232", "val": 2232}, "geometry": {"type": "Point", "coordinates": [-108, -18]}}, {"type": "Feature", "properties": {"name": "p2233", "val": 2233}, "geometry": {"type": "Point", "coordinates": [-107, -17]}}, {"type": "Feature", "properties": {"name": "p2234", "val": 2234}, "geometry": {"type": "Point", "coordinates": [-106, -16]}}, {"type": "Feature", "properties": {"name": "p2235", "val": 2235}, "geometry": {"type": "Point", "coordinates": [-105, -15]}}, {"type": "Feature", "properties": {"name": "p2236", "val": 2236}, "geometry": {"type": "Point", "coordinates": [-104, -14]}}, {"type": "Feature", "properties": {"name": "p2237", "val": 2237}, "geometry": {"type": "Point", "coordinates": [-103, -13]}}, {"type": "Feature", "properties": {"name": "p2238", "val": 2238}, "geometry": {"type": "Point", "coordinates": [-102, -12]}}, {"type": "Feature", "properties": {"name": "p2239", "val": 2239}, "geometry": {"type": "Point", "coordinates": [-101, -11]}}, {"type": "Feature", "properties": {"name": "p2240", "val": 2240}, "geometry": {"type": "Point", "coordinates": [-100, -10]}}, {"type": "Feature", "properties": {"name": "p2241", "val": 2241}, "geometry": {"type": "Point", "coordinates": [-99, -9]}}, {"type": "Feature", "properties": {"name": "p2242", "val": 2242}, "geometry": {"type": "Point", "coordinates": [-98, -8]}}, {"type": "Feature", "properties": {"name": "p2243", "val": 2243}, "geometry": {"type": "Point", "coordinates": [-97, -7]}}, {"type": "Feature", "properties": {"name": "p2244", "val": 2244}, "geometry": {"type": "Point", "coordinates": [-96, -6]}}, {"type": "Feature", "properties": {"name": "p2245", "val": 2245}, "geometry": {"type": "Point", "coordinates": [-95, -5]}}, {"type": "Feature", "properties": {"name": "p2246", "val": 2246}, "geometry": {"type": "Point", "coordinates": [-94, -4]}}, {"type": "Feature", "properties": {"name": "p2247", "val": 2247}, "geometry": {"type": "Point", "coordinates": [-93, -3]}}, {"type": "Feature", "properties": {"name": "p2248", "val": 2248}, "geometry": {"type": "Point", "coordinates": [-92, -2]}}, {"type": "Feature", "properties": {"name": "p2249", "val": 2249}, "geometry": {"type": "Point", "coordinates": [-91, -1]}}, {"type": "Feature", "properties": {"name": "p2250", "val": 2250}, "geometry": {"type": "Point", "coordinates": [-90, 0]}}, {"type": "Feature", "properties": {"name": "p2251", "val": 2251}, "geometry": {"type": "Point", "coordinates": [-89, 1]}}, {"type": "Feature", "properties": {"name": "p2252", "val": 2252}, "geometry": {"type": "Point", "coordinates": [-88, 2]}}, {"type": "Feature", "properties": {"name": "p2253", "val": 2253}, "geometry": {"type": "Point", "coordinates": [-87, 3]}}, {"type": "Feature", "properties": {"name": "p2254", "val": 2254}, "geometry": {"type": "Point", "coordinates": [-86, 4]}}, {"type": "Feature", "properties": {"name": "p2255", "val": 2255}, "geometry": {"type": "Point", "coordinates": [-85, 5]}}, {"type": "Feature", "properties": {"name": "p2256", "val": 2256}, "geometry": {"type": "Point", "coordinates": [-84, 6]}}, {"type": "Feature", "properties": {"name": "p2257", "val": 2257}, "geometry": {"type": "Point", "coordinates": [-83, 7]}}, {"type": "Feature", "properties": {"name": "p2258", "val": 2258}, "geometry": {"type": "Point", "coordinates": [-82, 8]}}, {"type": "Feature", "properties": {"name": "p2259", "val": 2259}, "geometry": {"type": "Point", "coordinates": [-81, 9]}}, {"type": "Feature", "properties": {"name": "p2260", "val": 2260}, "geometry": {"type": "Point", "coordinates": [-80, 10]}}, {"type": "Feature", "properties": {"name": "p2261", "val": 2261}, "geometry": {"type": "Point", "coordinates": [-79, 11]}}, {"type": "Feature", "properties": {"name": "p2262", "val": 2262}, "geometry": {"type": "Point", "coordinates": [-78, 12]}}, {"type": "Feature", "properties": {"name": "p2263", "val": 2263}, "geometry": {"type": "Point", "coordinates": [-77, 13]}}, {"type": "Feature", "properties": {"name": "p2264", "val": 2264}, "geometry": {"type": "Point", "coordinates": [-76, 14]}}, {"type": "Feature", "properties": {"name": "p2265", "val": 2265}, "geometry": {"type": "Point", "coordinates": [-75, 15]}}, {"type": "Feature", "properties": {"name": "p2266", "val": 2266}, "geometry": {"type": "Point", "coordinates": [-74, 16]}}, {"type": "Feature", "properties": {"name": "p2267", "val": 2267}, "geometry": {"type": "Point", "coordinates": [-73, 17]}}, {"type": "Feature", "properties": {"name": "p2268", "val": 2268}, "geometry": {"type": "Point", "coordinates": [-72, 18]}}, {"type": "Feature", "properties": {"name": "p2269", "val": 2269}, "geometry": {"type": "Point", "coordinates": [-71, 19]}}, {"type": "Feature", "properties": {"name": "p2270", "val": 2270}, "geometry": {"type": "Point", "coordinates": [-70, 20]}}, {"type": "Feature", "properties": {"name": "p2271", "val": 2271}, "geometry": {"type": "Point", "coordinates": [-69, 21]}}, {"type": "Feature", "properties": {"name": "p2272", "val": 2272}, "geometry": {"type": "Point", "coordinates": [-68, 22]}}, {"type": "Feature", "properties": {"name": "p2273", "val": 2273}, "geometry": {"type": "Point", "coordinates": [-67, 23]}}, {"type": "Feature", "properties": {"name": "p2274", "val": 2274}, "geometry": {"type": "Point", "coordinates": [-66, 24]}}, {"type": "Feature", "properties": {"name": "p2275", "val": 2275}, "geometry": {"type": "Point", "coordinates": [-65, 25]}}, {"type": "Feature", "properties": {"name": "p2276", "val": 2276}, "geometry": {"type": "Point", "coordinates": [-64, 26]}}, {"type": "Feature", "properties": {"name": "p2277", "val": 2277}, "geometry": {"type": "Point", "coordinates": [-63, 27]}}, {"type": "Feature", "properties": {"name": "p2278", "val": 2278}, "geometry": {"type": "Point", "coordinates": [-62, 28]}}, {"type": "Feature", "properties": {"name": "p2279", "val": 2279}, "geometry": {"type": "Point", "coordinates": [-61, 29]}}, {"type": "Feature", "properties": {"name": "p2280", "val": 2280}, "geometry": {"type": "Point", "coordinates": [-60, 30]}}, {"type": "Feature", "properties": {"name": "p2281", "val": 2281}, "geometry": {"type": "Point", "coordinates": [-59, 31]}}, {"type": "Feature", "properties": {"name": "p2282", "val": 2282}, "geometry": {"type": "Point", "coordinates": [-58, 32]}}, {"type": "Feature", "properties": {"name": "p2283", "val": 2283}, "geometry": {"type": "Point", "coordinates": [-57, 33]}}, {"type": "Feature", "properties": {"name": "p2284", "val": 2284}, "geometry": {"type": "Point", "coordinates": [-56, 34]}}, {"type": "Feature", "properties": {"name": "p2285", "val": 2285}, "geometry": {"type": "Point", "coordinates": [-55, 35]}}, {"type": "Feature", "properties": {"name": "p2286", "val": 2286}, "geometry": {"type": "Point", "coordinates": [-54, 36]}}, {"type": "Feature", "properties": {"name": "p2287", "val": 2287}, "geometry": {"type": "Point", "coordinates": [-53, 37]}}, {"type": "Feature", "properties": {"name": "p2288", "val": 2288}, "geometry": {"type": "Point", "coordinates": [-52, 38]}}, {"type": "Feature", "properties": {"name": "p2289", "val": 2289}, "geometry": {"type": "Point", "coordinates": [-51, 39]}}, {"type": "Feature", "properties": {"name": "p2290", "val": 2290}, "geometry": {"type": "Point", "coordinates": [-50, 40]}}, {"type": "Feature", "properties": {"name": "p2291", "val": 2291}, "geometry": {"type": "Point", "coordinates": [-49, 41]}}, {"type": "Feature", "properties": {"name": "p2292", "val": 2292}, "geometry": {"type": "Point", "coordinates": [-48, 42]}}, {"type": "Feature", "properties": {"name": "p2293", "val": 2293}, "geometry": {"type": "Point", "coordinates": [-47, 43]}}, {"type": "Feature", "properties": {"name": "p2294", "val": 2294}, "geometry": {"type": "Point", "coordinates": [-46, 44]}}, {"type": "Feature", "properties": {"name": "p2295", "val": 2295}, "geometry": {"type": "Point", "coordinates": [-45, 45]}}, {"type": "Feature", "properties": {"name": "p2296", "val": 2296}, "geometry": {"type": "Point", "coordinates": [-44, 46]}}, {"type": "Feature", "properties": {"name": "p2297", "val": 2297}, "geometry": {"type": "Point", "coordinates": [-43, 47]}}, {"type": "Feature", "properties": {"name": "p2298", "val": 2298}, "geometry": {"type": "Point", "coordinates": [-42, 48]}}, {"type": "Feature", "properties": {"name": "p2299", "val": 2299}, "geometry": {"type": "Point", "coordinates": [-41, 49]}}, {"type": "Feature", "properties": {"name": "p2300", "val": 2300}, "geometry": {"type": "Point", "coordinates": [-40, 50]}}, {"type": "Feature", "properties": {"name": "p2301", "val": 2301}, "geometry": {"type": "Point", "coordinates": [-39, 51]}}, {"type": "Feature", "properties": {"name": "p2302", "val": 2302}, "geometry": {"type": "Point", "coordinates": [-38, 52]}}, {"type": "Feature", "properties": {"name": "p2303", "val": 2303}, "geometry": {"type": "Point", "coordinates": [-37, 53]}}, {"type": "Feature", "properties": {"name": "p2304", "val": 2304}, "geometry": {"type": "Point", "coordinates": [-36, 54]}}, {"type": "Feature", "properties": {"name": "p2305", "val": 2305}, "geometry": {"type": "Point", "coordinates": [-35, 55]}}, {"type": "Feature", "properties": {"name": "p2306", "val": 2306}, "geometry": {"type": "Point", "coordinates": [-34, 56]}}, {"type": "Feature", "properties": {"name": "p2307", "val": 2307}, "geometry": {"type": "Point", "coordinates": [-33, 57]}}, {"type": "Feature", "properties": {"name": "p2308", "val": 2308}, "geometry": {"type": "Point", "coordinates": [-32, 58]}}, {"type": "Feature", "properties": {"name": "p2309", "val": 2309}, "geometry": {"type": "Point", "coordinates": [-31, 59]}}, {"type": "Feature", "properties": {"name": "p2310", "val": 2310}, "geometry": {"type": "Point", "coordinates": [-30, 60]}}, {"type": "Feature", "properties": {"name": "p2311", "val": 2311}, "geometry": {"type": "Point", "coordinates": [-29, 61]}}, {"type": "Feature", "properties": {"name": "p2312", "val": 2312}, "geometry": {"type": "Point", "coordinates": [-28, 62]}}, {"type": "Feature", "properties": {"name": "p2313", "val": 2313}, "geometry": {"type": "Point", "coordinates": [-27, 63]}}, {"type": "Feature", "properties": {"name": "p2314", "val": 2314}, "geometry": {"type": "Point", "coordinates": [-26, 64]}}, {"type": "Feature", "properties": {"name": "p2315", "val": 2315}, "geometry": {"type": "Point", "coordinates": [-25, 65]}}, {"type": "Feature", "properties": {"name": "p2316", "val": 2316}, "geometry": {"type": "Point", "coordinates": [-24, 66]}}, {"type": "Feature", "properties": {"name": "p2317", "val": 2317}, "geometry": {"type": "Point", "coordinates": [-23, 67]}}, {"type": "Feature", "properties": {"name": "p2318", "val": 2318}, "geometry": {"type": "Point", "coordinates": [-22, 68]}}, {"type": "Feature", "properties": {"name": "p2319", "val": 2319}, "geometry": {"type": "Point", "coordinates": [-21, 69]}}, {"type": "Feature", "properties": {"name": "p2320", "val": 2320}, "geometry": {"type": "Point", "coordinates": [-20, 70]}}, {"type": "Feature", "properties": {"name": "p2321", "val": 2321}, "geometry": {"type": "Point", "coordinates": [-19, 71]}}, {"type": "Feature", "properties": {"name": "p2322", "val": 2322}, "geometry": {"type": "Point", "coordinates": [-18, 72]}}, {"type": "Feature", "properties": {"name": "p2323", "val": 2323}, "geometry": {"type": "Point", "coordinates": [-17, 73]}}, {"type": "Feature", "properties": {"name": "p2324", "val": 2324}, "geometry": {"type": "Point", "coordinates": [-16, 74]}}, {"type": "Feature", "properties": {"name": "p2325", "val": 2325}, "geometry": {"type": "Point", "coordinates": [-15, 75]}}, {"type": "Feature", "properties": {"name": "p2326", "val": 2326}, "geometry": {"type": "Point", "coordinates": [-14, 76]}}, {"type": "Feature", "properties": {"name": "p2327", "val": 2327}, "geometry": {"type": "Point", "coordinates": [-13, 77]}}, {"type": "Feature", "properties": {"name": "p2328", "val": 2328}, "geometry": {"type": "Point", "coordinates": [-12, 78]}}, {"type": "Feature", "properties": {"name": "p2329", "val": 2329}, "geometry": {"type": "Point", "coordinates": [-11, 79]}}, {"type": "Feature", "properties": {"name": "p2330", "val": 2330}, "geometry": {"type": "Point", "coordinates": [-10, 80]}}, {"type": "Feature", "properties": {"name": "p2331", "val": 2331}, "geometry": {"type": "Point", "coordinates": [-9, 81]}}, {"type": "Feature", "properties": {"name": "p2332", "val": 2332}, "geometry": {"type": "Point", "coordinates": [-8, 82]}}, {"type": "Feature", "properties": {"name": "p2333", "val": 2333}, "geometry": {"type": "Point", "coordinates": [-7, 83]}}, {"type": "Feature", "properties": {"name": "p2334", "val": 2334}, "geometry": {"type": "Point", "coordinates": [-6, 84]}}, {"type": "Feature", "properties": {"name": "p2335", "val": 2335}, "geometry": {"type": "Point", "coordinates": [-5, 85]}}, {"type": "Feature", "properties": {"name": "p2336", "val": 2336}, "geometry": {"type": "Point", "coordinates": [-4, 86]}}, {"type": "Feature", "properties": {"name": "p2337", "val": 2337}, "geometry": {"type": "Point", "coordinates": [-3, 87]}}, {"type": "Feature", "properties": {"name": "p2338", "val": 2338}, "geometry": {"type": "Point", "coordinates": [-2, 88]}}, {"type": "Feature", "properties": {"name": "p2339", "val": 2339}, "geometry": {"type": "Point", "coordinates": [-1, 89]}}, {"type": "Feature", "properties": {"name": "p2340", "val": 2340}, "geometry": {"type": "Point", "coordinates": [0, -90]}}, {"type": "Feature", "properties": {"name": "p2341", "val": 2341}, "geometry": {"type": "Point", "coordinates": [1, -89]}}, {"type": "Feature", "properties": {"name": "p2342", "val": 2342}, "geometry": {"type": "Point", "coordinates": [2, -88]}}, {"type": "Feature", "properties": {"name": "p2343", "val": 2343}, "geometry": {"type": "Point", "coordinates": [3, -87]}}, {"type": "Feature", "properties": {"name": "p2344", "val": 2344}, "geometry": {"type": "Point", "coordinates": [4, -86]}}, {"type": "Feature", "properties": {"name": "p2345", "val": 2345}, "geometry": {"type": "Point", "coordinates": [5, -85]}}, {"type": "Feature", "properties": {"name": "p2346", "val": 2346}, "geometry": {"type": "Point", "coordinates": [6, -84]}}, {"type": "Feature", "properties": {"name": "p2347", "val": 2347}, "geometry": {"type": "Point", "coordinates": [7, -83]}}, {"type": "Feature", "properties": {"name": "p2348", "val": 2348}, "geometry": {"type": "Point", "coordinates": [8, -82]}}, {"type": "Feature", "properties": {"name": "p2349", "val": 2349}, "geometry": {"type": "Point", "coordinates": [9, -81]}}, {"type": "Feature", "properties": {"name": "p2350", "val": 2350}, "geometry": {"type": "Point", "coordinates": [10, -80]}}, {"type": "Feature", "properties": {"name": "p2351", "val": 2351}, "geometry": {"type": "Point", "coordinates": [11, -79]}}, {"type": "Feature", "properties": {"name": "p2352", "val": 2352}, "geometry": {"type": "Point", "coordinates": [12, -78]}}, {"type": "Feature", "properties": {"name": "p2353", "val": 2353}, "geometry": {"type": "Point", "coordinates": [13, -77]}}, {"type": "Feature", "properties": {"name": "p2354", "val": 2354}, "geometry": {"type": "Point", "coordinates": [14, -76]}}, {"type": "Feature", "properties": {"name": "p2355", "val": 2355}, "geometry": {"type": "Point", "coordinates": [15, -75]}}, {"type": "Feature", "properties": {"name": "p2356", "val": 2356}, "geometry": {"type": "Point", "coordinates": [16, -74]}}, {"type": "Feature", "properties": {"name": "p2357", "val": 2357}, "geometry": {"type": "Point", "coordinates": [17, -73]}}, {"type": "Feature", "properties": {"name": "p2358", "val": 2358}, "geometry": {"type": "Point", "coordinates": [18, -72]}}, {"type": "Feature", "properties": {"name": "p2359", "val": 2359}, "geometry": {"type": "Point", "coordinates": [19, -71]}}, {"type": "Feature", "properties": {"name": "p2360", "val": 2360}, "geometry": {"type": "Point", "coordinates": [20, -70]}}, {"type": "Feature", "properties": {"name": "p2361", "val": 2361}, "geometry": {"type": "Point", "coordinates": [21, -69]}}, {"type": "Feature", "properties": {"name": "p2362", "val": 2362}, "geometry": {"type": "Point", "coordinates": [22, -68]}}, {"type": "Feature", "properties": {"name": "p2363", "val": 2363}, "geometry": {"type": "Point", "coordinates": [23, -67]}}, {"type": "Feature", "properties": {"name": "p2364", "val": 2364}, "geometry": {"type": "Point", "coordinates": [24, -66]}}, {"type": "Feature", "properties": {"name": "p2365", "val": 2365}, "geometry": {"type": "Point", "coordinates": [25, -65]}}, {"type": "Feature", "properties": {"name": "p2366", "val": 2366}, "geometry": {"type": "Point", "coordinates": [26, -64]}}, {"type": "Feature", "properties": {"name": "p2367", "val": 2367}, "geometry": {"type": "Point", "coordinates": [27, -63]}}, {"type": "Feature", "properties": {"name": "p2368", "val": 2368}, "geometry": {"type": "Point", "coordinates": [28, -62]}}, {"type": "Feature", "properties": {"name": "p2369", "val": 2369}, "geometry": {"type": "Point", "coordinates": [29, -61]}}, {"type": "Feature", "properties": {"name": "p2370", "val": 2370}, "geometry": {"type": "Point", "coordinates": [30, -60]}}, {"type": "Feature", "properties": {"name": "p2371", "val": 2371}, "geometry": {"type": "Point", "coordinates": [31, -59]}}, {"type": "Feature", "properties": {"name": "p2372", "val": 2372}, "geometry": {"type": "Point", "coordinates": [32, -58]}}, {"type": "Feature", "properties": {"name": "p2373", "val": 2373}, "geometry": {"type": "Point", "coordinates": [33, -57]}}, {"type": "Feature", "properties": {"name": "p2374", "val": 2374}, "geometry": {"type": "Point", "coordinates": [34, -56]}}, {"type": "Feature", "properties": {"name": "p2375", "val": 2375}, "geometry": {"type": "Point", "coordinates": [35, -55]}}, {"type": "Feature", "properties": {"name": "p2376", "val": 2376}, "geometry": {"type": "Point", "coordinates": [36, -54]}}, {"type": "Feature", "properties": {"name": "p2377", "val": 2377}, "geometry": {"type": "Point", "coordinates": [37, -53]}}, {"type": "Feature", "properties": {"name": "p2378", "val": 2378}, "geometry": {"type": "Point", "coordinates": [38, -52]}}, {"type": "Feature", "properties": {"name": "p2379", "val": 2379}, "geometry": {"type": "Point", "coordinates": [39, -51]}}, {"type": "Feature", "properties": {"name": "p2380", "val": 2380}, "geometry": {"type": "Point", "coordinates": [40, -50]}}, {"type": "Feature", "properties": {"name": "p2381", "val": 2381}, "geometry": {"type": "Point", "coordinates": [41, -49]}}, {"type": "Feature", "properties": {"name": "p2382", "val": 2382}, "geometry": {"type": "Point", "coordinates": [42, -48]}}, {"type": "Feature", "properties": {"name": "p2383", "val": 2383}, "geometry": {"type": "Point", "coordinates": [43, -47]}}, {"type": "Feature", "properties": {"name": "p2384", "val": 2384}, "geometry": {"type": "Point", "coordinates": [44, -46]}}, {"type": "Feature", "properties": {"name": "p2385", "val": 2385}, "geometry": {"type": "Point", "coordinates": [45, -45]}}, {"type": "Feature", "properties": {"name": "p2386", "val": 2386}, "geometry": {"type": "Point", "coordinates": [46, -44]}}, {"type": "Feature", "properties": {"name": "p2387", "val": 2387}, "geometry": {"type": "Point", "coordinates": [47, -43]}}, {"type": "Feature", "properties": {"name": "p2388", "val": 2388}, "geometry": {"type": "Point", "coordinates": [48, -42]}}, {"type": "Feature", "properties": {"name": "p2389", "val": 2389}, "geometry": {"type": "Point", "coordinates": [49, -41]}}, {"type": "Feature", "properties": {"name": "p2390", "val": 2390}, "geometry": {"type": "Point", "coordinates": [50, -40]}}, {"type": "Feature", "properties": {"name": "p2391", "val": 2391}, "geometry": {"type": "Point", "coordinates": [51, -39]}}, {"type": "Feature", "properties": {"name": "p2392", "val": 2392}, "geometry": {"type": "Point", "coordinates": [52, -38]}}, {"type": "Feature", "properties": {"name": "p2393", "val": 2393}, "geometry": {"type": "Point", "coordinates": [53, -37]}}, {"type": "Feature", "properties": {"name": "p2394", "val": 2394}, "geometry": {"type": "Point", "coordinates": [54, -36]}}, {"type": "Feature", "properties": {"name": "p2395", "val": 2395}, "geometry": {"type": "Point", "coordinates": [55, -35]}}, {"type": "Feature", "properties": {"name": "p2396", "val": 2396}, "geometry": {"type": "Point", "coordinates": [56, -34]}}, {"type": "Feature", "properties": {"name": "p2397", "val": 2397}, "geometry": {"type": "Point", "coordinates": [57, -33]}}, {"type": "Feature", "properties": {"name": "p2398", "val": 2398}, "geometry": {"type": "Point", "coordinates": [58, -32]}}, {"type": "Feature", "properties": {"name": "p2399", "val": 2399}, "geometry": {"type": "Point", "coordinates": [59, -31]}}, {"type": "Feature", "properties": {"name": "p2400", "val": 2400}, "geometry": {"type": "Point", "coordinates": [60, -30]}}, {"type": "Feature", "properties": {"name": "p2401", "val": 2401}, "geometry": {"type": "Point", "coordinates": [61, -29]}}, {"type": "Feature", "properties": {"name": "p2402", "val": 2402}, "geometry": {"type": "Point", "coordinates": [62, -28]}}, {"type": "Feature", "properties": {"name": "p2403", "val": 2403}, "geometry": {"type": "Point", "coordinates": [63, -27]}}, {"type": "Feature", "properties": {"name": "p2404", "val": 2404}, "geometry": {"type": "Point", "coordinates": [64, -26]}}, {"type": "Feature", "properties": {"name": "p2405", "val": 2405}, "geometry": {"type": "Point", "coordinates": [65, -25]}}, {"type": "Feature", "properties": {"name": "p2406", "val": 2406}, "geometry": {"type": "Point", "coordinates": [66, -24]}}, {"type": "Feature", "properties": {"name": "p2407", "val": 2407}, "geometry": {"type": "Point", "coordinates": [67, -23]}}, {"type": "Feature", "properties": {"name": "p2408", "val": 2408}, "geometry": {"type": "Point", "coordinates": [68, -22]}}, {"type": "Feature", "properties": {"name": "p2409", "val": 2409}, "geometry": {"type": "Point", "coordinates": [69, -21]}}, {"type": "Feature", "properties": {"name": "p2410", "val": 2410}, "geometry": {"type": "Point", "coordinates": [70, -20]}}, {"type": "Feature", "properties": {"name": "p2411", "val": 2411}, "geometry": {"type": "Point", "coordinates": [71, -19]}}, {"type": "Feature", "properties": {"name": "p2412", "val": 2412}, "geometry": {"type": "Point", "coordinates": [72, -18]}}, {"type": "Feature", "properties": {"name": "p2413", "val": 2413}, "geometry": {"type": "Point", "coordinates": [73, -17]}}, {"type": "Feature", "properties": {"name": "p2414", "val": 2414}, "geometry": {"type": "Point", "coordinates": [74, -16]}}, {"type": "Feature", "properties": {"name": "p2415", "val": 2415}, "geometry": {"type": "Point", "coordinates": [75, -15]}}, {"type": "Feature", "properties": {"name": "p2416", "val": 2416}, "geometry": {"type": "Point", "coordinates": [76, -14]}}, {"type": "Feature", "properties": {"name": "p2417", "val": 2417}, "geometry": {"type": "Point", "coordinates": [77, -13]}}, {"type": "Feature", "properties": {"name": "p2418", "val": 2418}, "geometry": {"type": "Point", "coordinates": [78, -12]}}, {"type": "Feature", "properties": {"name": "p2419", "val": 2419}, "geometry": {"type": "Point", "coordinates": [79, -11]}}, {"type": "Feature", "properties": {"name": "p2420", "val": 2420}, "geometry": {"type": "Point", "coordinates": [80, -10]}}, {"type": "Feature", "properties": {"name": "p2421", "val": 2421}, "geometry": {"type": "Point", "coordinates": [81, -9]}}, {"type": "Feature", "properties": {"name": "p2422", "val": 2422}, "geometry": {"type": "Point", "coordinates": [82, -8]}}, {"type": "Feature", "properties": {"name": "p2423", "val": 2423}, "geometry": {"type": "Point", "coordinates": [83, -7]}}, {"type": "Feature", "properties": {"name": "p2424", "val": 2424}, "geometry": {"type": "Point", "coordinates": [84, -6]}}, {"type": "Feature", "properties": {"name": "p2425", "val": 2425}, "geometry": {"type": "Point", "coordinates": [85, -5]}}, {"type": "Feature", "properties": {"name": "p2426", "val": 2426}, "geometry": {"type": "Point", "coordinates": [86, -4]}}, {"type": "Feature", "properties": {"name": "p2427", "val": 2427}, "geometry": {"type": "Point", "coordinates": [87, -3]}}, {"type": "Feature", "properties": {"name": "p2428", "val": 2428}, "geometry": {"type": "Point", "coordinates": [88, -2]}}, {"type": "Feature", "properties": {"name": "p2429", "val": 2429}, "geometry": {"type": "Point", "coordinates": [89, -1]}}, {"type": "Feature", "properties": {"name": "p2430", "val": 2430}, "geometry": {"type": "Point", "coordinates": [90, 0]}}, {"type": "Feature", "properties": {"name": "p2431", "val": 2431}, "geometry": {"type": "Point", "coordinates": [91, 1]}}, {"type": "Feature", "properties": {"name": "p2432", "val": 2432}, "geometry": {"type": "Point", "coordinates": [92, 2]}}, {"type": "Feature", "properties": {"name": "p2433", "val": 2433}, "geometry": {"type": "Point", "coordinates": [93, 3]}}, {"type": "Feature", "properties": {"name": "p2434", "val": 2434}, "geometry": {"type": "Point", "coordinates": [94, 4]}}, {"type": "Feature", "properties": {"name": "p2435", "val": 2435}, "geometry": {"type": "Point", "coordinates": [95, 5]}}, {"type": "Feature", "properties": {"name": "p2436", "val": 2436}, "geometry": {"type": "Point", "coordinates": [96, 6]}}, {"type": "Feature", "properties": {"name": "p2437", "val": 2437}, "geometry": {"type": "Point", "coordinates": [97, 7]}}, {"type": "Feature", "properties": {"name": "p2438", "val": 2438}, "geometry": {"type": "Point", "coordinates": [98, 8]}}, {"type": "Feature", "properties": {"name": "p2439", "val": 2439}, "geometry": {"type": "Point", "coordinates": [99, 9]}}, {"type": "Feature", "properties": {"name": "p2440", "val": 2440}, "geometry": {"type": "Point", "coordinates": [100, 10]}}, {"type": "Feature", "properties": {"name": "p2441", "val": 2441}, "geometry": {"type": "Point", "coordinates": [101, 11]}}, {"type": "Feature", "properties": {"name": "p2442", "val": 2442}, "geometry": {"type": "Point", "coordinates": [102, 12]}}, {"type": "Feature", "properties": {"name": "p2443", "val": 2443}, "geometry": {"type": "Point", "coordinates": [103, 13]}}, {"type": "Feature", "properties": {"name": "p2444", "val": 2444}, "geometry": {"type": "Point", "coordinates": [104, 14]}}, {"type": "Feature", "properties": {"name": "p2445", "val": 2445}, "geometry": {"type": "Point", "coordinates": [105, 15]}}, {"type": "Feature", "properties": {"name": "p2446", "val": 2446}, "geometry": {"type": "Point", "coordinates": [106, 16]}}, {"type": "Feature", "properties": {"name": "p2447", "val": 2447}, "geometry": {"type": "Point", "coordinates": [107, 17]}}, {"type": "Feature", "properties": {"name": "p2448", "val": 2448}, "geometry": {"type": "Point", "coordinates": [108, 18]}}, {"type": "Feature", "properties": {"name": "p2449", "val": 2449}, "geometry": {"type": "Point", "coordinates": [109, 19]}}, {"type": "Feature", "properties": {"name": "p2450", "val": 2450}, "geometry": {"type": "Point", "coordinates": [110, 20]}}, {"type": "Feature", "properties": {"name": "p2451", "val": 2451}, "geometry": {"type": "Point", "coordinates": [111, 21]}}, {"type": "Feature", "properties": {"name": "p2452", "val": 2452}, "geometry": {"type": "Point", "coordinates": [112, 22]}}, {"type": "Feature", "properties": {"name": "p2453", "val": 2453}, "geometry": {"type": "Point", "coordinates": [113, 23]}}, {"type": "Feature", "properties": {"name": "p2454", "val": 2454}, "geometry": {"type": "Point", "coordinates": [114, 24]}}, {"type": "Feature", "properties": {"name": "p2455", "val": 2455}, "geometry": {"type": "Point", "coordinates": [115, 25]}}, {"type": "Feature", "properties": {"name": "p2456", "val": 2456}, "geometry": {"type": "Point", "coordinates": [116, 26]}}, {"type": "Feature", "properties": {"name": "p2457", "val": 2457}, "geometry": {"type": "Point", "coordinates": [117, 27]}}, {"type": "Feature", "properties": {"name": "p2458", "val": 2458}, "geometry": {"type": "Point", "coordinates": [118, 28]}}, {"type": "Feature", "properties": {"name": "p2459", "val": 2459}, "geometry": {"type": "Point", "coordinates": [119, 29]}}, {"type": "Feature", "properties": {"name": "p2460", "val": 2460}, "geometry": {"type": "Point", "coordinates": [120, 30]}}, {"type": "Feature", "properties": {"name": "p2461", "val": 2461}, "geometry": {"type": "Point", "coordinates": [121, 31]}}, {"type": "Feature", "properties": {"name": "p2462", "val": 2462}, "geometry": {"type": "Point", "coordinates": [122, 32]}}, {"type": "Feature", "properties": {"name": "p2463", "val": 2463}, "geometry": {"type": "Point", "coordinates": [123, 33]}}, {"type": "Feature", "properties": {"name": "p2464", "val": 2464}, "geometry": {"type": "Point", "coordinates": [124, 34]}}, {"type": "Feature", "properties": {"name": "p2465", "val": 2465}, "geometry": {"type": "Point", "coordinates": [125, 35]}}, {"type": "Feature", "properties": {"name": "p2466", "val": 2466}, "geometry": {"type": "Point", "coordinates": [126, 36]}}, {"type": "Feature", "properties": {"name": "p2467", "val": 2467}, "geometry": {"type": "Point", "coordinates": [127, 37]}}, {"type": "Feature", "properties": {"name": "p2468", "val": 2468}, "geometry": {"type": "Point", "coordinates": [128, 38]}}, {"type": "Feature", "properties": {"name": "p2469", "val": 2469}, "geometry": {"type": "Point", "coordinates": [129, 39]}}, {"type": "Feature", "properties": {"name": "p2470", "val": 2470}, "geometry": {"type": "Point", "coordinates": [130, 40]}}, {"type": "Feature", "properties": {"name": "p2471", "val": 2471}, "geometry": {"type": "Point", "coordinates": [131, 41]}}, {"type": "Feature", "properties": {"name": "p2472", "val": 2472}, "geometry": {"type": "Point", "coordinates": [132, 42]}}, {"type": "Feature", "properties": {"name": "p2473", "val": 2473}, "geometry": {"type": "Point", "coordinates": [133, 43]}}, {"type": "Feature", "properties": {"name": "p2474", "val": 2474}, "geometry": {"type": "Point", "coordinates": [134, 44]}}, {"type": "Feature", "properties": {"name": "p2475", "val": 2475}, "geometry": {"type": "Point", "coordinates": [135, 45]}}, {"type": "Feature", "properties": {"name": "p2476", "val": 2476}, "geometry": {"type": "Point", "coordinates": [136, 46]}}, {"type": "Feature", "properties": {"name": "p2477", "val": 2477}, "geometry": {"type": "Point", "coordinates": [137, 47]}}, {"type": "Feature", "properties": {"name": "p2478", "val": 2478}, "geometry": {"type": "Point", "coordinates": [138, 48]}}, {"type": "Feature", "properties": {"name": "p2479", "val": 2479}, "geometry": {"type": "Point", "coordinates": [139, 49]}}, {"type": "Feature", "properties": {"name": "p2480", "val": 2480}, "geometry": {"type": "Point", "coordinates": [140, 50]}}, {"type": "Feature", "properties": {"name": "p2481", "val": 2481}, "geometry": {"type": "Point", "coordinates": [141, 51]}}, {"type": "Feature", "properties": {"name": "p2482", "val": 2482}, "geometry": {"type": "Point", "coordinates": [142, 52]}}, {"type": "Feature", "properties": {"name": "p2483", "val": 2483}, "geometry": {"type": "Point", "coordinates": [143, 53]}}, {"type": "Feature", "properties": {"name": "p2484", "val": 2484}, "geometry": {"type": "Point", "coordinates": [144, 54]}}, {"type": "Feature", "properties": {"name": "p2485", "val": 2485}, "geometry": {"type": "Point", "coordinates": [145, 55]}}, {"type": "Feature", "properties": {"name": "p2486", "val": 2486}, "geometry": {"type": "Point", "coordinates": [146, 56]}}, {"type": "Feature", "properties": {"name": "p2487", "val": 2487}, "geometry": {"type": "Point", "coordinates": [147, 57]}}, {"type": "Feature", "properties": {"name": "p2488", "val": 2488}, "geometry": {"type": "Point", "coordinates": [148, 58]}}, {"type": "Feature", "properties": {"name": "p2489", "val": 2489}, "geometry": {"type": "Point", "coordinates": [149, 59]}}, {"type": "Feature", "properties": {"name": "p2490", "val": 2490}, "geometry": {"type": "Point", "coordinates": [150, 60]}}, {"type": "Feature", "properties": {"name": "p2491", "val": 2491}, "geometry": {"type": "Point", "coordinates": [151, 61]}}, {"type": "Feature", "properties": {"name": "p2492", "val": 2492}, "geometry": {"type": "Point", "coordinates": [152, 62]}}, {"type": "Feature", "properties": {"name": "p2493", "val": 2493}, "geometry": {"type": "Point", "coordinates": [153, 63]}}, {"type": "Feature", "properties": {"name": "p2494", "val": 2494}, "geometry": {"type": "Point", "coordinates": [154, 64]}}, {"type": "Feature", "properties": {"name": "p2495", "val": 2495}, "geometry": {"type": "Point", "coordinates": [155, 65]}}, {"type": "Feature", "properties": {"name": "p2496", "val": 2496}, "geometry": {"type": "Point", "coordinates": [156, 66]}}, {"type": "Feature", "properties": {"name": "p2497", "val": 2497}, "geometry": {"type": "Point", "coordinates": [157, 67]}}, {"type": "Feature", "properties": {"name": "p2498", "val": 2498}, "geometry": {"type": "Point", "coordinates": [158, 68]}}, {"type": "Feature", "properties": {"name": "p2499", "val": 2499}, "geometry": {"type": "Point", "coordinates": [159, 69]}}, {"type": "Feature", "properties": {"name": "p2500", "val": 2500}, "geometry": {"type": "Point", "coordinates": [160, 70]}}, {"type": "Feature", "properties": {"name": "p2501", "val": 2501}, "geometry": {"type": "Point", "coordinates": [161, 71]}}, {"type": "Feature", "properties": {"name": "p2502", "val": 2502}, "geometry": {"type": "Point", "coordinates": [162, 72]}}, {"type": "Feature", "properties": {"name": "p2503", "val": 2503}, "geometry": {"type": "Point", "coordinates": [163, 73]}}, {"type": "Feature", "properties": {"name": "p2504", "val": 2504}, "geometry": {"type": "Point", "coordinates": [164, 74]}}, {"type": "Feature", "properties": {"name": "p2505", "val": 2505}, "geometry": {"type": "Point", "coordinates": [165, 75]}}, {"type": "Feature", "properties": {"name": "p2506", "val": 2506}, "geometry": {"type": "Point", "coordinates": [166, 76]}}, {"type": "Feature", "properties": {"name": "p2507", "val": 2507}, "geometry": {"type": "Point", "coordinates": [167, 77]}}, {"type": "Feature", "properties": {"name": "p2508", "val": 2508}, "geometry": {"type": "Point", "coordinates": [168, 78]}}, {"type": "Feature", "properties": {"name": "p2509", "val": 2509}, "geometry": {"type": "Point", "coordinates": [169, 79]}}, {"type": "Feature", "properties": {"name": "p2510", "val": 2510}, "geometry": {"type": "Point", "coordinates": [170, 80]}}, {"type": "Feature", "properties": {"name": "p2511", "val": 2511}, "geometry": {"type": "Point", "coordinates": [171, 81]}}, {"type": "Feature", "properties": {"name": "p2512", "val": 2512}, "geometry": {"type": "Point", "coordinates": [172, 82]}}, {"type": "Feature", "properties": {"name": "p2513", "val": 2513}, "geometry": {"type": "Point", "coordinates": [173, 83]}}, {"type": "Feature", "properties": {"name": "p2514", "val": 2514}, "geometry": {"type": "Point", "coordinates": [174, 84]}}, {"type": "Feature", "properties": {"name": "p2515", "val": 2515}, "geometry": {"type": "Point", "coordinates": [175, 85]}}, {"type": "Feature", "properties": {"name": "p2516", "val": 2516}, "geometry": {"type": "Point", "coordinates": [176, 86]}}, {"type": "Feature", "properties": {"name": "p2517", "val": 2517}, "geometry": {"type": "Point", "coordinates": [177, 87]}}, {"type": "Feature", "properties": {"name": "p2518", "val": 2518}, "geometry": {"type": "Point", "coordinates": [178, 88]}}, {"type": "Feature", "properties": {"name": "p2519", "val": 2519}, "geometry": {"type": "Point", "coordinates": [179, 89]}}, {"type": "Feature", "properties": {"name": "p2520", "val": 2520}, "geometry": {"type": "Point", "coordinates": [-180, -90]}}, {"type": "Feature", "properties": {"name": "p2521", "val": 2521}, "geometry": {"type": "Point", "coordinates": [-179, -89]}}, {"type": "Feature", "properties": {"name": "p2522", "val": 2522}, "geometry": {"type": "Point", "coordinates": [-178, -88]}}, {"type": "Feature", "properties": {"name": "p2523", "val": 2523}, "geometry": {"type": "Point", "coordinates": [-177, -87]}}, {"type": "Feature", "properties": {"name": "p2524", "val": 2524}, "geometry": {"type": "Point", "coordinates": [-176, -86]}}, {"type": "Feature", "properties": {"name": "p2525", "val": 2525}, "geometry": {"type": "Point", "coordinates": [-175, -85]}}, {"type": "Feature", "properties": {"name": "p2526", "val": 2526}, "geometry": {"type": "Point", "coordinates": [-174, -84]}}, {"type": "Feature", "properties": {"name": "p2527", "val": 2527}, "geometry": {"type": "Point", "coordinates": [-173, -83]}}, {"type": "Feature", "properties": {"name": "p2528", "val": 2528}, "geometry": {"type": "Point", "coordinates": [-172, -82]}}, {"type": "Feature", "properties": {"name": "p2529", "val": 2529}, "geometry": {"type": "Point", "coordinates": [-171, -81]}}, {"type": "Feature", "properties": {"name": "p2530", "val": 2530}, "geometry": {"type": "Point", "coordinates": [-170, -80]}}, {"type": "Feature", "properties": {"name": "p2531", "val": 2531}, "geometry": {"type": "Point", "coordinates": [-169, -79]}}, {"type": "Feature", "properties": {"name": "p2532", "val": 2532}, "geometry": {"type": "Point", "coordinates": [-168, -78]}}, {"type": "Feature", "properties": {"name": "p2533", "val": 2533}, "geometry": {"type": "Point", "coordinates": [-167, -77]}}, {"type": "Feature", "properties": {"name": "p2534", "val": 2534}, "geometry": {"type": "Point", "coordinates": [-166, -76]}}, {"type": "Feature", "properties": {"name": "p2535", "val": 2535}, "geometry": {"type": "Point", "coordinates": [-165, -75]}}, {"type": "Feature", "properties": {"name": "p2536", "val": 2536}, "geometry": {"type": "Point", "coordinates": [-164, -74]}}, {"type": "Feature", "properties": {"name": "p2537", "val": 2537}, "geometry": {"type": "Point", "coordinates": [-163, -73]}}, {"type": "Feature", "properties": {"name": "p2538", "val": 2538}, "geometry": {"type": "Point", "coordinates": [-162, -72]}}, {"type": "Feature", "properties": {"name": "p2539", "val": 2539}, "geometry": {"type": "Point", "coordinates": [-161, -71]}}, {"type": "Feature", "properties": {"name": "p2540", "val": 2540}, "geometry": {"type": "Point", "coordinates": [-160, -70]}}, {"type": "Feature", "properties": {"name": "p2541", "val": 2541}, "geometry": {"type": "Point", "coordinates": [-159, -69]}}, {"type": "Feature", "properties": {"name": "p2542", "val": 2542}, "geometry": {"type": "Point", "coordinates": [-158, -68]}}, {"type": "Feature", "properties": {"name": "p2543", "val": 2543}, "geometry": {"type": "Point", "coordinates": [-157, -67]}}, {"type": "Feature", "properties": {"name": "p2544", "val": 2544}, "geometry": {"type": "Point", "coordinates": [-156, -66]}}, {"type": "Feature", "properties": {"name": "p2545", "val": 2545}, "geometry": {"type": "Point", "coordinates": [-155, -65]}}, {"type": "Feature", "properties": {"name": "p2546", "val": 2546}, "geometry": {"type": "Point", "coordinates": [-154, -64]}}, {"type": "Feature", "properties": {"name": "p2547", "val": 2547}, "geometry": {"type": "Point", "coordinates": [-153, -63]}}, {"type": "Feature", "properties": {"name": "p2548", "val": 2548}, "geometry": {"type": "Point", "coordinates": [-152, -62]}}, {"type": "Feature", "properties": {"name": "p2549", "val": 2549}, "geometry": {"type": "Point", "coordinates": [-151, -61]}}, {"type": "Feature", "properties": {"name": "p2550", "val": 2550}, "geometry": {"type": "Point", "coordinates": [-150, -60]}}, {"type": "Feature", "properties": {"name": "p2551", "val": 2551}, "geometry": {"type": "Point", "coordinates": [-149, -59]}}, {"type": "Feature", "properties": {"name": "p2552", "val": 2552}, "geometry": {"type": "Point", "coordinates": [-148, -58]}}, {"type": "Feature", "properties": {"name": "p2553", "val": 2553}, "geometry": {"type": "Point", "coordinates": [-147, -57]}}, {"type": "Feature", "properties": {"name": "p2554", "val": 2554}, "geometry": {"type": "Point", "coordinates": [-146, -56]}}, {"type": "Feature", "properties": {"name": "p2555", "val": 2555}, "geometry": {"type": "Point", "coordinates": [-145, -55]}}, {"type": "Feature", "properties": {"name": "p2556", "val": 2556}, "geometry": {"type": "Point", "coordinates": [-144, -54]}}, {"type": "Feature", "properties": {"name": "p2557", "val": 2557}, "geometry": {"type": "Point", "coordinates": [-143, -53]}}, {"type": "Feature", "properties": {"name": "p2558", "val": 2558}, "geometry": {"type": "Point", "coordinates": [-142, -52]}}, {"type": "Feature", "properties": {"name": "p2559", "val": 2559}, "geometry": {"type": "Point", "coordinates": [-141, -51]}}, {"type": "Feature", "properties": {"name": "p2560", "val": 2560}, "geometry": {"type": "Point", "coordinates": [-140, -50]}}, {"type": "Feature", "properties": {"name": "p2561", "val": 2561}, "geometry": {"type": "Point", "coordinates": [-139, -49]}}, {"type": "Feature", "properties": {"name": "p2562", "val": 2562}, "geometry": {"type": "Point", "coordinates": [-138, -48]}}, {"type": "Feature", "properties": {"name": "p2563", "val": 2563}, "geometry": {"type": "Point", "coordinates": [-137, -47]}}, {"type": "Feature", "properties": {"name": "p2564", "val": 2564}, "geometry": {"type": "Point", "coordinates": [-136, -46]}}, {"type": "Feature", "properties": {"name": "p2565", "val": 2565}, "geometry": {"type": "Point", "coordinates": [-135, -45]}}, {"type": "Feature", "properties": {"name": "p2566", "val": 2566}, "geometry": {"type": "Point", "coordinates": [-134, -44]}}, {"type": "Feature", "properties": {"name": "p2567", "val": 2567}, "geometry": {"type": "Point", "coordinates": [-133, -43]}}, {"type": "Feature", "properties": {"name": "p2568", "val": 2568}, "geometry": {"type": "Point", "coordinates": [-132, -42]}}, {"type": "Feature", "properties": {"name": "p2569", "val": 2569}, "geometry": {"type": "Point", "coordinates": [-131, -41]}}, {"type": "Feature", "properties": {"name": "p2570", "val": 2570}, "geometry": {"type": "Point", "coordinates": [-130, -40]}}, {"type": "Feature", "properties": {"name": "p2571", "val": 2571}, "geometry": {"type": "Point", "coordinates": [-129, -39]}}, {"type": "Feature", "properties": {"name": "p2572", "val": 2572}, "geometry": {"type": "Point", "coordinates": [-128, -38]}}, {"type": "Feature", "properties": {"name": "p2573", "val": 2573}, "geometry": {"type": "Point", "coordinates": [-127, -37]}}, {"type": "Feature", "properties": {"name": "p2574", "val": 2574}, "geometry": {"type": "Point", "coordinates": [-126, -36]}}, {"type": "Feature", "properties": {"name": "p2575", "val": 2575}, "geometry": {"type": "Point", "coordinates": [-125, -35]}}, {"type": "Feature", "properties": {"name": "p2576", "val": 2576}, "geometry": {"type": "Point", "coordinates": [-124, -34]}}, {"type": "Feature", "properties": {"name": "p2577", "val": 2577}, "geometry": {"type": "Point", "coordinates": [-123, -33]}}, {"type": "Feature", "properties": {"name": "p2578", "val": 2578}, "geometry": {"type": "Point", "coordinates": [-122, -32]}}, {"type": "Feature", "properties": {"name": "p2579", "val": 2579}, "geometry": {"type": "Point", "coordinates": [-121, -31]}}, {"type": "Feature", "properties": {"name": "p2580", "val": 2580}, "geometry": {"type": "Point", "coordinates": [-120, -30]}}, {"type": "Feature", "properties": {"name": "p2581", "val": 2581}, "geometry": {"type": "Point", "coordinates": [-119, -29]}}, {"type": "Feature", "properties": {"name": "p2582", "val": 2582}, "geometry": {"type": "Point", "coordinates": [-118, -28]}}, {"type": "Feature", "properties": {"name": "p2583", "val": 2583}, "geometry": {"type": "Point", "coordinates": [-117, -27]}}, {"type": "Feature", "properties": {"name": "p2584", "val": 2584}, "geometry": {"type": "Point", "coordinates": [-116, -26]}}, {"type": "Feature", "properties": {"name": "p2585", "val": 2585}, "geometry": {"type": "Point", "coordinates": [-115, -25]}}, {"type": "Feature", "properties": {"name": "p2586", "val": 2586}, "geometry": {"type": "Point", "coordinates": [-114, -24]}}, {"type": "Feature", "properties": {"name": "p2587", "val": 2587}, "geometry": {"type": "Point", "coordinates": [-113, -23]}}, {"type": "Feature", "properties": {"name": "p2588", "val": 2588}, "geometry": {"type": "Point", "coordinates": [-112, -22]}}, {"type": "Feature", "properties": {"name": "p2589", "val": 2589}, "geometry": {"type": "Point", "coordinates": [-111, -21]}}, {"type": "Feature", "properties": {"name": "p2590", "val": 2590}, "geometry": {"type": "Point", "coordinates": [-110, -20]}}, {"type": "Feature", "properties": {"name": "p2591", "val": 2591}, "geometry": {"type": "Point", "coordinates": [-109, -19]}}, {"type": "Feature", "properties": {"name": "p2592", "val": 2592}, "geometry": {"type": "Point", "coordinates": [-108, -18]}}, {"type": "Feature", "properties": {"name": "p2593", "val": 2593}, "geometry": {"type": "Point", "coordinates": [-107, -17]}}, {"type": "Feature", "properties": {"name": "p2594", "val": 2594}, "geometry": {"type": "Point", "coordinates": [-106, -16]}}, {"type": "Feature", "properties": {"name": "p2595", "val": 2595}, "geometry": {"type": "Point", "coordinates": [-105, -15]}}, {"type": "Feature", "properties": {"name": "p2596", "val": 2596}, "geometry": {"type": "Point", "coordinates": [-104, -14]}}, {"type": "Feature", "properties": {"name": "p2597", "val": 2597}, "geometry": {"type": "Point", "coordinates": [-103, -13]}}, {"type": "Feature", "properties": {"name": "p2598", "val": 2598}, "geometry": {"type": "Point", "coordinates": [-102, -12]}}, {"type": "Feature", "properties": {"name": "p2599", "val": 2599}, "geometry": {"type": "Point", "coordinates": [-101, -11]}}, {"type": "Feature", "properties": {"name": "p2600", "val": 2600}, "geometry": {"type": "Point", "coordinates": [-100, -10]}}, {"type": "Feature", "properties": {"name": "p2601", "val": 2601}, "geometry": {"type": "Point", "coordinates": [-99, -9]}}, {"type": "Feature", "properties": {"name": "p2602", "val": 2602}, "geometry": {"type": "Point", "coordinates": [-98, -8]}}, {"type": "Feature", "properties": {"name": "p2603", "val": 2603}, "geometry": {"type": "Point", "coordinates": [-97, -7]}}, {"type": "Feature", "properties": {"name": "p2604", "val": 2604}, "geometry": {"type": "Point", "coordinates": [-96, -6]}}, {"type": "Feature", "properties": {"name": "p2605", "val": 2605}, "geometry": {"type": "Point", "coordinates": [-95, -5]}}, {"type": "Feature", "properties": {"name": "p2606", "val": 2606}, "geometry": {"type": "Point", "coordinates": [-94, -4]}}, {"type": "Feature", "properties": {"name": "p2607", "val": 2607}, "geometry": {"type": "Point", "coordinates": [-93, -3]}}, {"type": "Feature", "properties": {"name": "p2608", "val": 2608}, "geometry": {"type": "Point", "coordinates": [-92, -2]}}, {"type": "Feature", "properties": {"name": "p2609", "val": 2609}, "geometry": {"type": "Point", "coordinates": [-91, -1]}}, {"type": "Feature", "properties": {"name": "p2610", "val": 2610}, "geometry": {"type": "Point", "coordinates": [-90, 0]}}, {"type": "Feature", "properties": {"name": "p2611", "val": 2611}, "geometry": {"type": "Point", "coordinates": [-89, 1]}}, {"type": "Feature", "properties": {"name": "p2612", "val": 2612}, "geometry": {"type": "Point", "coordinates": [-88, 2]}}, {"type": "Feature", "properties": {"name": "p2613", "val": 2613}, "geometry": {"type": "Point", "coordinates": [-87, 3]}}, {"type": "Feature", "properties": {"name": "p2614", "val": 2614}, "geometry": {"type": "Point", "coordinates": [-86, 4]}}, {"type": "Feature", "properties": {"name": "p2615", "val": 2615}, "geometry": {"type": "Point", "coordinates": [-85, 5]}}, {"type": "Feature", "properties": {"name": "p2616", "val": 2616}, "geometry": {"type": "Point", "coordinates": [-84, 6]}}, {"type": "Feature", "properties": {"name": "p2617", "val": 2617}, "geometry": {"type": "Point", "coordinates": [-83, 7]}}, {"type": "Feature", "properties": {"name": "p2618", "val": 2618}, "geometry": {"type": "Point", "coordinates": [-82, 8]}}, {"type": "Feature", "properties": {"name": "p2619", "val": 2619}, "geometry": {"type": "Point", "coordinates": [-81, 9]}}, {"type": "Feature", "properties": {"name": "p2620", "val": 2620}, "geometry": {"type": "Point", "coordinates": [-80, 10]}}, {"type": "Feature", "properties": {"name": "p2621", "val": 2621}, "geometry": {"type": "Point", "coordinates": [-79, 11]}}, {"type": "Feature", "properties": {"name": "p2622", "val": 2622}, "geometry": {"type": "Point", "coordinates": [-78, 12]}}, {"type": "Feature", "properties": {"name": "p2623", "val": 2623}, "geometry": {"type": "Point", "coordinates": [-77, 13]}}, {"type": "Feature", "properties": {"name": "p2624", "val": 2624}, "geometry": {"type": "Point", "coordinates": [-76, 14]}}, {"type": "Feature", "properties": {"name": "p2625", "val": 2625}, "geometry": {"type": "Point", "coordinates": [-75, 15]}}, {"type": "Feature", "properties": {"name": "p2626", "val": 2626}, "geometry": {"type": "Point", "coordinates": [-74, 16]}}, {"type": "Feature", "properties": {"name": "p2627", "val": 2627}, "geometry": {"type": "Point", "coordinates": [-73, 17]}}, {"type": "Feature", "properties": {"name": "p2628", "val": 2628}, "geometry": {"type": "Point", "coordinates": [-72, 18]}}, {"type": "Feature", "properties": {"name": "p2629", "val": 2629}, "geometry": {"type": "Point", "coordinates": [-71, 19]}}, {"type": "Feature", "properties": {"name": "p2630", "val": 2630}, "geometry": {"type": "Point", "coordinates": [-70, 20]}}, {"type": "Feature", "properties": {"name": "p2631", "val": 2631}, "geometry": {"type": "Point", "coordinates": [-69, 21]}}, {"type": "Feature", "properties": {"name": "p2632", "val": 2632}, "geometry": {"type": "Point", "coordinates": [-68, 22]}}, {"type": "Feature", "properties": {"name": "p2633", "val": 2633}, "geometry": {"type": "Point", "coordinates": [-67, 23]}}, {"type": "Feature", "properties": {"name": "p2634", "val": 2634}, "geometry": {"type": "Point", "coordinates": [-66, 24]}}, {"type": "Feature", "properties": {"name": "p2635", "val": 2635}, "geometry": {"type": "Point", "coordinates": [-65, 25]}}, {"type": "Feature", "properties": {"name": "p2636", "val": 2636}, "geometry": {"type": "Point", "coordinates": [-64, 26]}}, {"type": "Feature", "properties": {"name": "p2637", "val": 2637}, "geometry": {"type": "Point", "coordinates": [-63, 27]}}, {"type": "Feature", "properties": {"name": "p2638", "val": 2638}, "geometry": {"type": "Point", "coordinates": [-62, 28]}}, {"type": "Feature", "properties": {"name": "p2639", "val": 2639}, "geometry": {"type": "Point", "coordinates": [-61, 29]}}, {"type": "Feature", "properties": {"name": "p2640", "val": 2640}, "geometry": {"type": "Point", "coordinates": [-60, 30]}}, {"type": "Feature", "properties": {"name": "p2641", "val": 2641}, "geometry": {"type": "Point", "coordinates": [-59, 31]}}, {"type": "Feature", "properties": {"name": "p2642", "val": 2642}, "geometry": {"type": "Point", "coordinates": [-58, 32]}}, {"type": "Feature", "properties": {"name": "p2643", "val": 2643}, "geometry": {"type": "Point", "coordinates": [-57, 33]}}, {"type": "Feature", "properties": {"name": "p2644", "val": 2644}, "geometry": {"type": "Point", "coordinates": [-56, 34]}}, {"type": "Feature", "properties": {"name": "p2645", "val": 2645}, "geometry": {"type": "Point", "coordinates": [-55, 35]}}, {"type": "Feature", "properties": {"name": "p2646", "val": 2646}, "geometry": {"type": "Point", "coordinates": [-54, 36]}}, {"type": "Feature", "properties": {"name": "p2647", "val": 2647}, "geometry": {"type": "Point", "coordinates": [-53, 37]}}, {"type": "Feature", "properties": {"name": "p2648", "val": 2648}, "geometry": {"type": "Point", "coordinates": [-52, 38]}}, {"type": "Feature", "properties": {"name": "p2649", "val": 2649}, "geometry": {"type": "Point", "coordinates": [-51, 39]}}, {"type": "Feature", "properties": {"name": "p2650", "val": 2650}, "geometry": {"type": "Point", "coordinates": [-50, 40]}}, {"type": "Feature", "properties": {"name": "p2651", "val": 2651}, "geometry": {"type": "Point", "coordinates": [-49, 41]}}, {"type": "Feature", "properties": {"name": "p2652", "val": 2652}, "geometry": {"type": "Point", "coordinates": [-48, 42]}}, {"type": "Feature", "properties": {"name": "p2653", "val": 2653}, "geometry": {"type": "Point", "coordinates": [-47, 43]}}, {"type": "Feature", "properties": {"name": "p2654", "val": 2654}, "geometry": {"type": "Point", "coordinates": [-46, 44]}}, {"type": "Feature", "properties": {"name": "p2655", "val": 2655}, "geometry": {"type": "Point", "coordinates": [-45, 45]}}, {"type": "Feature", "properties": {"name": "p2656", "val": 2656}, "geometry": {"type": "Point", "coordinates": [-44, 46]}}, {"type": "Feature", "properties": {"name": "p2657", "val": 2657}, "geometry": {"type": "Point", "coordinates": [-43, 47]}}, {"type": "Feature", "properties": {"name": "p2658", "val": 2658}, "geometry": {"type": "Point", "coordinates": [-42, 48]}}, {"type": "Feature", "properties": {"name": "p2659", "val": 2659}, "geometry": {"type": "Point", "coordinates": [-41, 49]}}, {"type": "Feature", "properties": {"name": "p2660", "val": 2660}, "geometry": {"type": "Point", "coordinates": [-40, 50]}}, {"type": "Feature", "properties": {"name": "p2661", "val": 2661}, "geometry": {"type": "Point", "coordinates": [-39, 51]}}, {"type": "Feature", "properties": {"name": "p2662", "val": 2662}, "geometry": {"type": "Point", "coordinates": [-38, 52]}}, {"type": "Feature", "properties": {"name": "p2663", "val": 2663}, "geometry": {"type": "Point", "coordinates": [-37, 53]}}, {"type": "Feature", "properties": {"name": "p2664", "val": 2664}, "geometry": {"type": "Point", "coordinates": [-36, 54]}}, {"type": "Feature", "properties": {"name": "p2665", "val": 2665}, "geometry": {"type": "Point", "coordinates": [-35, 55]}}, {"type": "Feature", "properties": {"name": "p2666", "val": 2666}, "geometry": {"type": "Point", "coordinates": [-34, 56]}}, {"type": "Feature", "properties": {"name": "p2667", "val": 2667}, "geometry": {"type": "Point", "coordinates": [-33, 57]}}, {"type": "Feature", "properties": {"name": "p2668", "val": 2668}, "geometry": {"type": "Point", "coordinates": [-32, 58]}}, {"type": "Feature", "properties": {"name": "p2669", "val": 2669}, "geometry": {"type": "Point", "coordinates": [-31, 59]}}, {"type": "Feature", "properties": {"name": "p2670", "val": 2670}, "geometry": {"type": "Point", "coordinates": [-30, 60]}}, {"type": "Feature", "properties": {"name": "p2671", "val": 2671}, "geometry": {"type": "Point", "coordinates": [-29, 61]}}, {"type": "Feature", "properties": {"name": "p2672", "val": 2672}, "geometry": {"type": "Point", "coordinates": [-28, 62]}}, {"type": "Feature", "properties": {"name": "p2673", "val": 2673}, "geometry": {"type": "Point", "coordinates": [-27, 63]}}, {"type": "Feature", "properties": {"name": "p2674", "val": 2674}, "geometry": {"type": "Point", "coordinates": [-26, 64]}}, {"type": "Feature", "properties": {"name": "p2675", "val": 2675}, "geometry": {"type": "Point", "coordinates": [-25, 65]}}, {"type": "Feature", "properties": {"name": "p2676", "val": 2676}, "geometry": {"type": "Point", "coordinates": [-24, 66]}}, {"type": "Feature", "properties": {"name": "p2677", "val": 2677}, "geometry": {"type": "Point", "coordinates": [-23, 67]}}, {"type": "Feature", "properties": {"name": "p2678", "val": 2678}, "geometry": {"type": "Point", "coordinates": [-22, 68]}}, {"type": "Feature", "properties": {"name": "p2679", "val": 2679}, "geometry": {"type": "Point", "coordinates": [-21, 69]}}, {"type": "Feature", "properties": {"name": "p2680", "val": 2680}, "geometry": {"type": "Point", "coordinates": [-20, 70]}}, {"type": "Feature", "properties": {"name": "p2681", "val": 2681}, "geometry": {"type": "Point", "coordinates": [-19, 71]}}, {"type": "Feature", "properties": {"name": "p2682", "val": 2682}, "geometry": {"type": "Point", "coordinates": [-18, 72]}}, {"type": "Feature", "properties": {"name": "p2683", "val": 2683}, "geometry": {"type": "Point", "coordinates": [-17, 73]}}, {"type": "Feature", "properties": {"name": "p2684", "val": 2684}, "geometry": {"type": "Point", "coordinates": [-16, 74]}}, {"type": "Feature", "properties": {"name": "p2685", "val": 2685}, "geometry": {"type": "Point", "coordinates": [-15, 75]}}, {"type": "Feature", "properties": {"name": "p2686", "val": 2686}, "geometry": {"type": "Point", "coordinates": [-14, 76]}}, {"type": "Feature", "properties": {"name": "p2687", "val": 2687}, "geometry": {"type": "Point", "coordinates": [-13, 77]}}, {"type": "Feature", "properties": {"name": "p2688", "val": 2688}, "geometry": {"type": "Point", "coordinates": [-12, 78]}}, {"type": "Feature", "properties": {"name": "p2689", "val": 2689}, "geometry": {"type": "Point", "coordinates": [-11, 79]}}, {"type": "Feature", "properties": {"name": "p2690", "val": 2690}, "geometry": {"type": "Point", "coordinates": [-10, 80]}}, {"type": "Feature", "properties": {"name": "p2691", "val": 2691}, "geometry": {"type": "Point", "coordinates": [-9, 81]}}, {"type": "Feature", "properties": {"name": "p2692", "val": 2692}, "geometry": {"type": "Point", "coordinates": [-8, 82]}}, {"type": "Feature", "properties": {"name": "p2693", "val": 2693}, "geometry": {"type": "Point", "coordinates": [-7, 83]}}, {"type": "Feature", "properties": {"name": "p2694", "val": 2694}, "geometry": {"type": "Point", "coordinates": [-6, 84]}}, {"type": "Feature", "properties": {"name": "p2695", "val": 2695}, "geometry": {"type": "Point", "coordinates": [-5, 85]}}, {"type": "Feature", "properties": {"name": "p2696", "val": 2696}, "geometry": {"type": "Point", "coordinates": [-4, 86]}}, {"type": "Feature", "properties": {"name": "p2697", "val": 2697}, "geometry": {"type": "Point", "coordinates": [-3, 87]}}, {"type": "Feature", "properties": {"name": "p2698", "val": 2698}, "geometry": {"type": "Point", "coordinates": [-2, 88]}}, {"type": "Feature", "properties": {"name": "p2699", "val": 2699}, "geometry": {"type": "Point", "coordinates": [-1, 89]}}, {"type": "Feature", "properties": {"name": "p2700", "val": 2700}, "geometry": {"type": "Point", "coordinates": [0, -90]}}, {"type": "Feature", "properties": {"name": "p2701", "val": 2701}, "geometry": {"type": "Point", "coordinates": [1, -89]}}, {"type": "Feature", "properties": {"name": "p2702", "val": 2702}, "geometry": {"type": "Point", "coordinates": [2, -88]}}, {"type": "Feature", "properties": {"name": "p2703", "val": 2703}, "geometry": {"type": "Point", "coordinates": [3, -87]}}, {"type": "Feature", "properties": {"name": "p2704", "val": 2704}, "geometry": {"type": "Point", "coordinates": [4, -86]}}, {"type": "Feature", "properties": {"name": "p2705", "val": 2705}, "geometry": {"type": "Point", "coordinates": [5, -85]}}, {"type": "Feature", "properties": {"name": "p2706", "val": 2706}, "geometry": {"type": "Point", "coordinates": [6, -84]}}, {"type": "Feature", "properties": {"name": "p2707", "val": 2707}, "geometry": {"type": "Point", "coordinates": [7, -83]}}, {"type": "Feature", "properties": {"name": "p2708", "val": 2708}, "geometry": {"type": "Point", "coordinates": [8, -82]}}, {"type": "Feature", "properties": {"name": "p2709", "val": 2709}, "geometry": {"type": "Point", "coordinates": [9, -81]}}, {"type": "Feature", "properties": {"name": "p2710", "val": 2710}, "geometry": {"type": "Point", "coordinates": [10, -80]}}, {"type": "Feature", "properties": {"name": "p2711", "val": 2711}, "geometry": {"type": "Point", "coordinates": [11, -79]}}, {"type": "Feature", "properties": {"name": "p2712", "val": 2712}, "geometry": {"type": "Point", "coordinates": [12, -78]}}, {"type": "Feature", "properties": {"name": "p2713", "val": 2713}, "geometry": {"type": "Point", "coordinates": [13, -77]}}, {"type": "Feature", "properties": {"name": "p2714", "val": 2714}, "geometry": {"type": "Point", "coordinates": [14, -76]}}, {"type": "Feature", "properties": {"name": "p2715", "val": 2715}, "geometry": {"type": "Point", "coordinates": [15, -75]}}, {"type": "Feature", "properties": {"name": "p2716", "val": 2716}, "geometry": {"type": "Point", "coordinates": [16, -74]}}, {"type": "Feature", "properties": {"name": "p2717", "val": 2717}, "geometry": {"type": "Point", "coordinates": [17, -73]}}, {"type": "Feature", "properties": {"name": "p2718", "val": 2718}, "geometry": {"type": "Point", "coordinates": [18, -72]}}, {"type": "Feature", "properties": {"name": "p2719", "val": 2719}, "geometry": {"type": "Point", "coordinates": [19, -71]}}, {"type": "Feature", "properties": {"name": "p2720", "val": 2720}, "geometry": {"type": "Point", "coordinates": [20, -70]}}, {"type": "Feature", "properties": {"name": "p2721", "val": 2721}, "geometry": {"type": "Point", "coordinates": [21, -69]}}, {"type": "Feature", "properties": {"name": "p2722", "val": 2722}, "geometry": {"type": "Point", "coordinates": [22, -68]}}, {"type": "Feature", "properties": {"name": "p2723", "val": 2723}, "geometry": {"type": "Point", "coordinates": [23, -67]}}, {"type": "Feature", "properties": {"name": "p2724", "val": 2724}, "geometry": {"type": "Point", "coordinates": [24, -66]}}, {"type": "Feature", "properties": {"name": "p2725", "val": 2725}, "geometry": {"type": "Point", "coordinates": [25, -65]}}, {"type": "Feature", "properties": {"name": "p2726", "val": 2726}, "geometry": {"type": "Point", "coordinates": [26, -64]}}, {"type": "Feature", "properties": {"name": "p2727", "val": 2727}, "geometry": {"type": "Point", "coordinates": [27, -63]}}, {"type": "Feature", "properties": {"name": "p2728", "val": 2728}, "geometry": {"type": "Point", "coordinates": [28, -62]}}, {"type": "Feature", "properties": {"name": "p2729", "val": 2729}, "geometry": {"type": "Point", "coordinates": [29, -61]}}, {"type": "Feature", "properties": {"name": "p2730", "val": 2730}, "geometry": {"type": "Point", "coordinates": [30, -60]}}, {"type": "Feature", "properties": {"name": "p2731", "val": 2731}, "geometry": {"type": "Point", "coordinates": [31, -59]}}, {"type": "Feature", "properties": {"name": "p2732", "val": 2732}, "geometry": {"type": "Point", "coordinates": [32, -58]}}, {"type": "Feature", "properties": {"name": "p2733", "val": 2733}, "geometry": {"type": "Point", "coordinates": [33, -57]}}, {"type": "Feature", "properties": {"name": "p2734", "val": 2734}, "geometry": {"type": "Point", "coordinates": [34, -56]}}, {"type": "Feature", "properties": {"name": "p2735", "val": 2735}, "geometry": {"type": "Point", "coordinates": [35, -55]}}, {"type": "Feature", "properties": {"name": "p2736", "val": 2736}, "geometry": {"type": "Point", "coordinates": [36, -54]}}, {"type": "Feature", "properties": {"name": "p2737", "val": 2737}, "geometry": {"type": "Point", "coordinates": [37, -53]}}, {"type": "Feature", "properties": {"name": "p2738", "val": 2738}, "geometry": {"type": "Point", "coordinates": [38, -52]}}, {"type": "Feature", "properties": {"name": "p2739", "val": 2739}, "geometry": {"type": "Point", "coordinates": [39, -51]}}, {"type": "Feature", "properties": {"name": "p2740", "val": 2740}, "geometry": {"type": "Point", "coordinates": [40, -50]}}, {"type": "Feature", "properties": {"name": "p2741", "val": 2741}, "geometry": {"type": "Point", "coordinates": [41, -49]}}, {"type": "Feature", "properties": {"name": "p2742", "val": 2742}, "geometry": {"type": "Point", "coordinates": [42, -48]}}, {"type": "Feature", "properties": {"name": "p2743", "val": 2743}, "geometry": {"type": "Point", "coordinates": [43, -47]}}, {"type": "Feature", "properties": {"name": "p2744", "val": 2744}, "geometry": {"type": "Point", "coordinates": [44, -46]}}, {"type": "Feature", "properties": {"name": "p2745", "val": 2745}, "geometry": {"type": "Point", "coordinates": [45, -45]}}, {"type": "Feature", "properties": {"name": "p2746", "val": 2746}, "geometry": {"type": "Point", "coordinates": [46, -44]}}, {"type": "Feature", "properties": {"name": "p2747", "val": 2747}, "geometry": {"type": "Point", "coordinates": [47, -43]}}, {"type": "Feature", "properties": {"name": "p2748", "val": 2748}, "geometry": {"type": "Point", "coordinates": [48, -42]}}, {"type": "Feature", "properties": {"name": "p2749", "val": 2749}, "geometry": {"type": "Point", "coordinates": [49, -41]}}, {"type": "Feature", "properties": {"name": "p2750", "val": 2750}, "geometry": {"type": "Point", "coordinates": [50, -40]}}, {"type": "Feature", "properties": {"name": "p2751", "val": 2751}, "geometry": {"type": "Point", "coordinates": [51, -39]}}, {"type": "Feature", "properties": {"name": "p2752", "val": 2752}, "geometry": {"type": "Point", "coordinates": [52, -38]}}, {"type": "Feature", "properties": {"name": "p2753", "val": 2753}, "geometry": {"type": "Point", "coordinates": [53, -37]}}, {"type": "Feature", "properties": {"name": "p2754", "val": 2754}, "geometry": {"type": "Point", "coordinates": [54, -36]}}, {"type": "Feature", "properties": {"name": "p2755", "val": 2755}, "geometry": {"type": "Point", "coordinates": [55, -35]}}, {"type": "Feature", "properties": {"name": "p2756", "val": 2756}, "geometry": {"type": "Point", "coordinates": [56, -34]}}, {"type": "Feature", "properties": {"name": "p2757", "val": 2757}, "geometry": {"type": "Point", "coordinates": [57, -33]}}, {"type": "Feature", "properties": {"name": "p2758", "val": 2758}, "geometry": {"type": "Point", "coordinates": [58, -32]}}, {"type": "Feature", "properties": {"name": "p2759", "val": 2759}, "geometry": {"type": "Point", "coordinates": [59, -31]}}, {"type": "Feature", "properties": {"name": "p2760", "val": 2760}, "geometry": {"type": "Point", "coordinates": [60, -30]}}, {"type": "Feature", "properties": {"name": "p2761", "val": 2761}, "geometry": {"type": "Point", "coordinates": [61, -29]}}, {"type": "Feature", "properties": {"name": "p2762", "val": 2762}, "geometry": {"type": "Point", "coordinates": [62, -28]}}, {"type": "Feature", "properties": {"name": "p2763", "val": 2763}, "geometry": {"type": "Point", "coordinates": [63, -27]}}, {"type": "Feature", "properties": {"name": "p2764", "val": 2764}, "geometry": {"type": "Point", "coordinates": [64, -26]}}, {"type": "Feature", "properties": {"name": "p2765", "val": 2765}, "geometry": {"type": "Point", "coordinates": [65, -25]}}, {"type": "Feature", "properties": {"name": "p2766", "val": 2766}, "geometry": {"type": "Point", "coordinates": [66, -24]}}, {"type": "Feature", "properties": {"name": "p2767", "val": 2767}, "geometry": {"type": "Point", "coordinates": [67, -23]}}, {"type": "Feature", "properties": {"name": "p2768", "val": 2768}, "geometry": {"type": "Point", "coordinates": [68, -22]}}, {"type": "Feature", "properties": {"name": "p2769", "val": 2769}, "geometry": {"type": "Point", "coordinates": [69, -21]}}, {"type": "Feature", "properties": {"name": "p2770", "val": 2770}, "geometry": {"type": "Point", "coordinates": [70, -20]}}, {"type": "Feature", "properties": {"name": "p2771", "val": 2771}, "geometry": {"type": "Point", "coordinates": [71, -19]}}, {"type": "Feature", "properties": {"name": "p2772", "val": 2772}, "geometry": {"type": "Point", "coordinates": [72, -18]}}, {"type": "Feature", "properties": {"name": "p2773", "val": 2773}, "geometry": {"type": "Point", "coordinates": [73, -17]}}, {"type": "Feature", "properties": {"name": "p2774", "val": 2774}, "geometry": {"type": "Point", "coordinates": [74, -16]}}, {"type": "Feature", "properties": {"name": "p2775", "val": 2775}, "geometry": {"type": "Point", "coordinates": [75, -15]}}, {"type": "Feature", "properties": {"name": "p2776", "val": 2776}, "geometry": {"type": "Point", "coordinates": [76, -14]}}, {"type": "Feature", "properties": {"name": "p2777", "val": 2777}, "geometry": {"type": "Point", "coordinates": [77, -13]}}, {"type": "Feature", "properties": {"name": "p2778", "val": 2778}, "geometry": {"type": "Point", "coordinates": [78, -12]}}, {"type": "Feature", "properties": {"name": "p2779", "val": 2779}, "geometry": {"type": "Point", "coordinates": [79, -11]}}, {"type": "Feature", "properties": {"name": "p2780", "val": 2780}, "geometry": {"type": "Point", "coordinates": [80, -10]}}, {"type": "Feature", "properties": {"name": "p2781", "val": 2781}, "geometry": {"type": "Point", "coordinates": [81, -9]}}, {"type": "Feature", "properties": {"name": "p2782", "val": 2782}, "geometry": {"type": "Point", "coordinates": [82, -8]}}, {"type": "Feature", "properties": {"name": "p2783", "val": 2783}, "geometry": {"type": "Point", "coordinates": [83, -7]}}, {"type": "Feature", "properties": {"name": "p2784", "val": 2784}, "geometry": {"type": "Point", "coordinates": [84, -6]}}, {"type": "Feature", "properties": {"name": "p2785", "val": 2785}, "geometry": {"type": "Point", "coordinates": [85, -5]}}, {"type": "Feature", "properties": {"name": "p2786", "val": 2786}, "geometry": {"type": "Point", "coordinates": [86, -4]}}, {"type": "Feature", "properties": {"name": "p2787", "val": 2787}, "geometry": {"type": "Point", "coordinates": [87, -3]}}, {"type": "Feature", "properties": {"name": "p2788", "val": 2788}, "geometry": {"type": "Point", "coordinates": [88, -2]}}, {"type": "Feature", "properties": {"name": "p2789", "val": 2789}, "geometry": {"type": "Point", "coordinates": [89, -1]}}, {"type": "Feature", "properties": {"name": "p2790", "val": 2790}, "geometry": {"type": "Point", "coordinates": [90, 0]}}, {"type": "Feature", "properties": {"name": "p2791", "val": 2791}, "geometry": {"type": "Point", "coordinates": [91, 1]}}, {"type": "Feature", "properties": {"name": "p2792", "val": 2792}, "geometry": {"type": "Point", "coordinates": [92, 2]}}, {"type": "Feature", "properties": {"name": "p2793", "val": 2793}, "geometry": {"type": "Point", "coordinates": [93, 3]}}, {"type": "Feature", "properties": {"name": "p2794", "val": 2794}, "geometry": {"type": "Point", "coordinates": [94, 4]}}, {"type": "Feature", "properties": {"name": "p2795", "val": 2795}, "geometry": {"type": "Point", "coordinates": [95, 5]}}, {"type": "Feature", "properties": {"name": "p2796", "val": 2796}, "geometry": {"type": "Point", "coordinates": [96, 6]}}, {"type": "Feature", "properties": {"name": "p2797", "val": 2797}, "geometry": {"type": "Point", "coordinates": [97, 7]}}, {"type": "Feature", "properties": {"name": "p2798", "val": 2798}, "geometry": {"type": "Point", "coordinates": [98, 8]}}, {"type": "Feature", "properties": {"name": "p2799", "val": 2799}, "geometry": {"type": "Point", "coordinates": [99, 9]}}, {"type": "Feature", "properties": {"name": "p2800", "val": 2800}, "geometry": {"type": "Point", "coordinates": [100, 10]}}, {"type": "Feature", "properties": {"name": "p2801", "val": 2801}, "geometry": {"type": "Point", "coordinates": [101, 11]}}, {"type": "Feature", "properties": {"name": "p2802", "val": 2802}, "geometry": {"type": "Point", "coordinates": [102, 12]}}, {"type": "Feature", "properties": {"name": "p2803", "val": 2803}, "geometry": {"type": "Point", "coordinates": [103, 13]}}, {"type": "Feature", "properties": {"name": "p2804", "val": 2804}, "geometry": {"type": "Point", "coordinates": [104, 14]}}, {"type": "Feature", "properties": {"name": "p2805", "val": 2805}, "geometry": {"type": "Point", "coordinates": [105, 15]}}, {"type": "Feature", "properties": {"name": "p2806", "val": 2806}, "geometry": {"type": "Point", "coordinates": [106, 16]}}, {"type": "Feature", "properties": {"name": "p2807", "val": 2807}, "geometry": {"type": "Point", "coordinates": [107, 17]}}, {"type": "Feature", "properties": {"name": "p2808", "val": 2808}, "geometry": {"type": "Point", "coordinates": [108, 18]}}, {"type": "Feature", "properties": {"name": "p2809", "val": 2809}, "geometry": {"type": "Point", "coordinates": [109, 19]}}, {"type": "Feature", "properties": {"name": "p2810", "val": 2810}, "geometry": {"type": "Point", "coordinates": [110, 20]}}, {"type": "Feature", "properties": {"name": "p2811", "val": 2811}, "geometry": {"type": "Point", "coordinates": [111, 21]}}, {"type": "Feature", "properties": {"name": "p2812", "val": 2812}, "geometry": {"type": "Point", "coordinates": [112, 22]}}, {"type": "Feature", "properties": {"name": "p2813", "val": 2813}, "geometry": {"type": "Point", "coordinates": [113, 23]}}, {"type": "Feature", "properties": {"name": "p2814", "val": 2814}, "geometry": {"type": "Point", "coordinates": [114, 24]}}, {"type": "Feature", "properties": {"name": "p2815", "val": 2815}, "geometry": {"type": "Point", "coordinates": [115, 25]}}, {"type": "Feature", "properties": {"name": "p2816", "val": 2816}, "geometry": {"type": "Point", "coordinates": [116, 26]}}, {"type": "Feature", "properties": {"name": "p2817", "val": 2817}, "geometry": {"type": "Point", "coordinates": [117, 27]}}, {"type": "Feature", "properties": {"name": "p2818", "val": 2818}, "geometry": {"type": "Point", "coordinates": [118, 28]}}, {"type": "Feature", "properties": {"name": "p2819", "val": 2819}, "geometry": {"type": "Point", "coordinates": [119, 29]}}, {"type": "Feature", "properties": {"name": "p2820", "val": 2820}, "geometry": {"type": "Point", "coordinates": [120, 30]}}, {"type": "Feature", "properties": {"name": "p2821", "val": 2821}, "geometry": {"type": "Point", "coordinates": [121, 31]}}, {"type": "Feature", "properties": {"name": "p2822", "val": 2822}, "geometry": {"type": "Point", "coordinates": [122, 32]}}, {"type": "Feature", "properties": {"name": "p2823", "val": 2823}, "geometry": {"type": "Point", "coordinates": [123, 33]}}, {"type": "Feature", "properties": {"name": "p2824", "val": 2824}, "geometry": {"type": "Point", "coordinates": [124, 34]}}, {"type": "Feature", "properties": {"name": "p2825", "val": 2825}, "geometry": {"type": "Point", "coordinates": [125, 35]}}, {"type": "Feature", "properties": {"name": "p2826", "val": 2826}, "geometry": {"type": "Point", "coordinates": [126, 36]}}, {"type": "Feature", "properties": {"name": "p2827", "val": 2827}, "geometry": {"type": "Point", "coordinates": [127, 37]}}, {"type": "Feature", "properties": {"name": "p2828", "val": 2828}, "geometry": {"type": "Point", "coordinates": [128, 38]}}, {"type": "Feature", "properties": {"name": "p2829", "val": 2829}, "geometry": {"type": "Point", "coordinates": [129, 39]}}, {"type": "Feature", "properties": {"name": "p2830", "val": 2830}, "geometry": {"type": "Point", "coordinates": [130, 40]}}, {"type": "Feature", "properties": {"name": "p2831", "val": 2831}, "geometry": {"type": "Point", "coordinates": [131, 41]}}, {"type": "Feature", "properties": {"name": "p2832", "val": 2832}, "geometry": {"type": "Point", "coordinates": [132, 42]}}, {"type": "Feature", "properties": {"name": "p2833", "val": 2833}, "geometry": {"type": "Point", "coordinates": [133, 43]}}, {"type": "Feature", "properties": {"name": "p2834", "val": 2834}, "geometry": {"type": "Point", "coordinates": [134, 44]}}, {"type": "Feature", "properties": {"name": "p2835", "val": 2835}, "geometry": {"type": "Point", "coordinates": [135, 45]}}, {"type": "Feature", "properties": {"name": "p2836", "val": 2836}, "geometry": {"type": "Point", "coordinates": [136, 46]}}, {"type": "Feature", "properties": {"name": "p2837", "val": 2837}, "geometry": {"type": "Point", "coordinates": [137, 47]}}, {"type": "Feature", "properties": {"name": "p2838", "val": 2838}, "geometry": {"type": "Point", "coordinates": [138, 48]}}, {"type": "Feature", "properties": {"name": "p2839", "val": 2839}, "geometry": {"type": "Point", "coordinates": [139, 49]}}, {"type": "Feature", "properties": {"name": "p2840", "val": 2840}, "geometry": {"type": "Point", "coordinates": [140, 50]}}, {"type": "Feature", "properties": {"name": "p2841", "val": 2841}, "geometry": {"type": "Point", "coordinates": [141, 51]}}, {"type": "Feature", "properties": {"name": "p2842", "val": 2842}, "geometry": {"type": "Point", "coordinates": [142, 52]}}, {"type": "Feature", "properties": {"name": "p2843", "val": 2843}, "geometry": {"type": "Point", "coordinates": [143, 53]}}, {"type": "Feature", "properties": {"name": "p2844", "val": 2844}, "geometry": {"type": "Point", "coordinates": [144, 54]}}, {"type": "Feature", "properties": {"name": "p2845", "val": 2845}, "geometry": {"type": "Point", "coordinates": [145, 55]}}, {"type": "Feature", "properties": {"name": "p2846", "val": 2846}, "geometry": {"type": "Point", "coordinates": [146, 56]}}, {"type": "Feature", "properties": {"name": "p2847", "val": 2847}, "geometry": {"type": "Point", "coordinates": [147, 57]}}, {"type": "Feature", "properties": {"name": "p2848", "val": 2848}, "geometry": {"type": "Point", "coordinates": [148, 58]}}, {"type": "Feature", "properties": {"name": "p2849", "val": 2849}, "geometry": {"type": "Point", "coordinates": [149, 59]}}, {"type": "Feature", "properties": {"name": "p2850", "val": 2850}, "geometry": {"type": "Point", "coordinates": [150, 60]}}, {"type": "Feature", "properties": {"name": "p2851", "val": 2851}, "geometry": {"type": "Point", "coordinates": [151, 61]}}, {"type": "Feature", "properties": {"name": "p2852", "val": 2852}, "geometry": {"type": "Point", "coordinates": [152, 62]}}, {"type": "Feature", "properties": {"name": "p2853", "val": 2853}, "geometry": {"type": "Point", "coordinates": [153, 63]}}, {"type": "Feature", "properties": {"name": "p2854", "val": 2854}, "geometry": {"type": "Point", "coordinates": [154, 64]}}, {"type": "Feature", "properties": {"name": "p2855", "val": 2855}, "geometry": {"type": "Point", "coordinates": [155, 65]}}, {"type": "Feature", "properties": {"name": "p2856", "val": 2856}, "geometry": {"type": "Point", "coordinates": [156, 66]}}, {"type": "Feature", "properties": {"name": "p2857", "val": 2857}, "geometry": {"type": "Point", "coordinates": [157, 67]}}, {"type": "Feature", "properties": {"name": "p2858", "val": 2858}, "geometry": {"type": "Point", "coordinates": [158, 68]}}, {"type": "Feature", "properties": {"name": "p2859", "val": 2859}, "geometry": {"type": "Point", "coordinates": [159, 69]}}, {"type": "Feature", "properties": {"name": "p2860", "val": 2860}, "geometry": {"type": "Point", "coordinates": [160, 70]}}, {"type": "Feature", "properties": {"name": "p2861", "val": 2861}, "geometry": {"type": "Point", "coordinates": [161, 71]}}, {"type": "Feature", "properties": {"name": "p2862", "val": 2862}, "geometry": {"type": "Point", "coordinates": [162, 72]}}, {"type": "Feature", "properties": {"name": "p2863", "val": 2863}, "geometry": {"type": "Point", "coordinates": [163, 73]}}, {"type": "Feature", "properties": {"name": "p2864", "val": 2864}, "geometry": {"type": "Point", "coordinates": [164, 74]}}, {"type": "Feature", "properties": {"name": "p2865", "val": 2865}, "geometry": {"type": "Point", "coordinates": [165, 75]}}, {"type": "Feature", "properties": {"name": "p2866", "val": 2866}, "geometry": {"type": "Point", "coordinates": [166, 76]}}, {"type": "Feature", "properties": {"name": "p2867", "val": 2867}, "geometry": {"type": "Point", "coordinates": [167, 77]}}, {"type": "Feature", "properties": {"name": "p2868", "val": 2868}, "geometry": {"type": "Point", "coordinates": [168, 78]}}, {"type": "Feature", "properties": {"name": "p2869", "val": 2869}, "geometry": {"type": "Point", "coordinates": [169, 79]}}, {"type": "Feature", "properties": {"name": "p2870", "val": 2870}, "geometry": {"type": "Point", "coordinates": [170, 80]}}, {"type": "Feature", "properties": {"name": "p2871", "val": 2871}, "geometry": {"type": "Point", "coordinates": [171, 81]}}, {"type": "Feature", "properties": {"name": "p2872", "val": 2872}, "geometry": {"type": "Point", "coordinates": [172, 82]}}, {"type": "Feature", "properties": {"name": "p2873", "val": 2873}, "geometry": {"type": "Point", "coordinates": [173, 83]}}, {"type": "Feature", "properties": {"name": "p2874", "val": 2874}, "geometry": {"type": "Point", "coordinates": [174, 84]}}, {"type": "Feature", "properties": {"name": "p2875", "val": 2875}, "geometry": {"type": "Point", "coordinates": [175, 85]}}, {"type": "Feature", "properties": {"name": "p2876", "val": 2876}, "geometry": {"type": "Point", "coordinates": [176, 86]}}, {"type": "Feature", "properties": {"name": "p2877", "val": 2877}, "geometry": {"type": "Point", "coordinates": [177, 87]}}, {"type": "Feature", "properties": {"name": "p2878", "val": 2878}, "geometry": {"type": "Point", "coordinates": [178, 88]}}, {"type": "Feature", "properties": {"name": "p2879", "val": 2879}, "geometry": {"type": "Point", "coordinates": [179, 89]}}, {"type": "Feature", "properties": {"name": "p2880", "val": 2880}, "geometry": {"type": "Point", "coordinates": [-180, -90]}}, {"type": "Feature", "properties": {"name": "p2881", "val": 2881}, "geometry": {"type": "Point", "coordinates": [-179, -89]}}, {"type": "Feature", "properties": {"name": "p2882", "val": 2882}, "geometry": {"type": "Point", "coordinates": [-178, -88]}}, {"type": "Feature", "properties": {"name": "p2883", "val": 2883}, "geometry": {"type": "Point", "coordinates": [-177, -87]}}, {"type": "Feature", "properties": {"name": "p2884", "val": 2884}, "geometry": {"type": "Point", "coordinates": [-176, -86]}}, {"type": "Feature", "properties": {"name": "p2885", "val": 2885}, "geometry": {"type": "Point", "coordinates": [-175, -85]}}, {"type": "Feature", "properties": {"name": "p2886", "val": 2886}, "geometry": {"type": "Point", "coordinates": [-174, -84]}}, {"type": "Feature", "properties": {"name": "p2887", "val": 2887}, "geometry": {"type": "Point", "coordinates": [-173, -83]}}, {"type": "Feature", "properties": {"name": "p2888", "val": 2888}, "geometry": {"type": "Point", "coordinates": [-172, -82]}}, {"type": "Feature", "properties": {"name": "p2889", "val": 2889}, "geometry": {"type": "Point", "coordinates": [-171, -81]}}, {"type": "Feature", "properties": {"name": "p2890", "val": 2890}, "geometry": {"type": "Point", "coordinates": [-170, -80]}}, {"type": "Feature", "properties": {"name": "p2891", "val": 2891}, "geometry": {"type": "Point", "coordinates": [-169, -79]}}, {"type": "Feature", "properties": {"name": "p2892", "val": 2892}, "geometry": {"type": "Point", "coordinates": [-168, -78]}}, {"type": "Feature", "properties": {"name": "p2893", "val": 2893}, "geometry": {"type": "Point", "coordinates": [-167, -77]}}, {"type": "Feature", "properties": {"name": "p2894", "val": 2894}, "geometry": {"type": "Point", "coordinates": [-166, -76]}}, {"type": "Feature", "properties": {"name": "p2895", "val": 2895}, "geometry": {"type": "Point", "coordinates": [-165, -75]}}, {"type": "Feature", "properties": {"name": "p2896", "val": 2896}, "geometry": {"type": "Point", "coordinates": [-164, -74]}}, {"type": "Feature", "properties": {"name": "p2897", "val": 2897}, "geometry": {"type": "Point", "coordinates": [-163, -73]}}, {"type": "Feature", "properties": {"name": "p2898", "val": 2898}, "geometry": {"type": "Point", "coordinates": [-162, -72]}}, {"type": "Feature", "properties": {"name": "p2899", "val": 2899}, "geometry": {"type": "Point", "coordinates": [-161, -71]}}, {"type": "Feature", "properties": {"name": "p2900", "val": 2900}, "geometry": {"type": "Point", "coordinates": [-160, -70]}}, {"type": "Feature", "properties": {"name": "p2901", "val": 2901}, "geometry": {"type": "Point", "coordinates": [-159, -69]}}, {"type": "Feature", "properties": {"name": "p2902", "val": 2902}, "geometry": {"type": "Point", "coordinates": [-158, -68]}}, {"type": "Feature", "properties": {"name": "p2903", "val": 2903}, "geometry": {"type": "Point", "coordinates": [-157, -67]}}, {"type": "Feature", "properties": {"name": "p2904", "val": 2904}, "geometry": {"type": "Point", "coordinates": [-156, -66]}}, {"type": "Feature", "properties": {"name": "p2905", "val": 2905}, "geometry": {"type": "Point", "coordinates": [-155, -65]}}, {"type": "Feature", "properties": {"name": "p2906", "val": 2906}, "geometry": {"type": "Point", "coordinates": [-154, -64]}}, {"type": "Feature", "properties": {"name": "p2907", "val": 2907}, "geometry": {"type": "Point", "coordinates": [-153, -63]}}, {"type": "Feature", "properties": {"name": "p2908", "val": 2908}, "geometry": {"type": "Point", "coordinates": [-152, -62]}}, {"type": "Feature", "properties": {"name": "p2909", "val": 2909}, "geometry": {"type": "Point", "coordinates": [-151, -61]}}, {"type": "Feature", "properties": {"name": "p2910", "val": 2910}, "geometry": {"type": "Point", "coordinates": [-150, -60]}}, {"type": "Feature", "properties": {"name": "p2911", "val": 2911}, "geometry": {"type": "Point", "coordinates": [-149, -59]}}, {"type": "Feature", "properties": {"name": "p2912", "val": 2912}, "geometry": {"type": "Point", "coordinates": [-148, -58]}}, {"type": "Feature", "properties": {"name": "p2913", "val": 2913}, "geometry": {"type": "Point", "coordinates": [-147, -57]}}, {"type": "Feature", "properties": {"name": "p2914", "val": 2914}, "geometry": {"type": "Point", "coordinates": [-146, -56]}}, {"type": "Feature", "properties": {"name": "p2915", "val": 2915}, "geometry": {"type": "Point", "coordinates": [-145, -55]}}, {"type": "Feature", "properties": {"name": "p2916", "val": 2916}, "geometry": {"type": "Point", "coordinates": [-144, -54]}}, {"type": "Feature", "properties": {"name": "p2917", "val": 2917}, "geometry": {"type": "Point", "coordinates": [-143, -53]}}, {"type": "Feature", "properties": {"name": "p2918", "val": 2918}, "geometry": {"type": "Point", "coordinates": [-142, -52]}}, {"type": "Feature", "properties": {"name": "p2919", "val": 2919}, "geometry": {"type": "Point", "coordinates": [-141, -51]}}, {"type": "Feature", "properties": {"name": "p2920", "val": 2920}, "geometry": {"type": "Point", "coordinates": [-140, -50]}}, {"type": "Feature", "properties": {"name": "p2921", "val": 2921}, "geometry": {"type": "Point", "coordinates": [-139, -49]}}, {"type": "Feature", "properties": {"name": "p2922", "val": 2922}, "geometry": {"type": "Point", "coordinates": [-138, -48]}}, {"type": "Feature", "properties": {"name": "p2923", "val": 2923}, "geometry": {"type": "Point", "coordinates": [-137, -47]}}, {"type": "Feature", "properties": {"name": "p2924", "val": 2924}, "geometry": {"type": "Point", "coordinates": [-136, -46]}}, {"type": "Feature", "properties": {"name": "p2925", "val": 2925}, "geometry": {"type": "Point", "coordinates": [-135, -45]}}, {"type": "Feature", "properties": {"name": "p2926", "val": 2926}, "geometry": {"type": "Point", "coordinates": [-134, -44]}}, {"type": "Feature", "properties": {"name": "p2927", "val": 2927}, "geometry": {"type": "Point", "coordinates": [-133, -43]}}, {"type": "Feature", "properties": {"name": "p2928", "val": 2928}, "geometry": {"type": "Point", "coordinates": [-132, -42]}}, {"type": "Feature", "properties": {"name": "p2929", "val": 2929}, "geometry": {"type": "Point", "coordinates": [-131, -41]}}, {"type": "Feature", "properties": {"name": "p2930", "val": 2930}, "geometry": {"type": "Point", "coordinates": [-130, -40]}}, {"type": "Feature", "properties": {"name": "p2931", "val": 2931}, "geometry": {"type": "Point", "coordinates": [-129, -39]}}, {"type": "Feature", "properties": {"name": "p2932", "val": 2932}, "geometry": {"type": "Point", "coordinates": [-128, -38]}}, {"type": "Feature", "properties": {"name": "p2933", "val": 2933}, "geometry": {"type": "Point", "coordinates": [-127, -37]}}, {"type": "Feature", "properties": {"name": "p2934", "val": 2934}, "geometry": {"type": "Point", "coordinates": [-126, -36]}}, {"type": "Feature", "properties": {"name": "p2935", "val": 2935}, "geometry": {"type": "Point", "coordinates": [-125, -35]}}, {"type": "Feature", "properties": {"name": "p2936", "val": 2936}, "geometry": {"type": "Point", "coordinates": [-124, -34]}}, {"type": "Feature", "properties": {"name": "p2937", "val": 2937}, "geometry": {"type": "Point", "coordinates": [-123, -33]}}, {"type": "Feature", "properties": {"name": "p2938", "val": 2938}, "geometry": {"type": "Point", "coordinates": [-122, -32]}}, {"type": "Feature", "properties": {"name": "p2939", "val": 2939}, "geometry": {"type": "Point", "coordinates": [-121, -31]}}, {"type": "Feature", "properties": {"name": "p2940", "val": 2940}, "geometry": {"type": "Point", "coordinates": [-120, -30]}}, {"type": "Feature", "properties": {"name": "p2941", "val": 2941}, "geometry": {"type": "Point", "coordinates": [-119, -29]}}, {"type": "Feature", "properties": {"name": "p2942", "val": 2942}, "geometry": {"type": "Point", "coordinates": [-118, -28]}}, {"type": "Feature", "properties": {"name": "p2943", "val": 2943}, "geometry": {"type": "Point", "coordinates": [-117, -27]}}, {"type": "Feature", "properties": {"name": "p2944", "val": 2944}, "geometry": {"type": "Point", "coordinates": [-116, -26]}}, {"type": "Feature", "properties": {"name": "p2945", "val": 2945}, "geometry": {"type": "Point", "coordinates": [-115, -25]}}, {"type": "Feature", "properties": {"name": "p2946", "val": 2946}, "geometry": {"type": "Point", "coordinates": [-114, -24]}}, {"type": "Feature", "properties": {"name": "p2947", "val": 2947}, "geometry": {"type": "Point", "coordinates": [-113, -23]}}, {"type": "Feature", "properties": {"name": "p2948", "val": 2948}, "geometry": {"type": "Point", "coordinates": [-112, -22]}}, {"type": "Feature", "properties": {"name": "p2949", "val": 2949}, "geometry": {"type": "Point", "coordinates": [-111, -21]}}, {"type": "Feature", "properties": {"name": "p2950", "val": 2950}, "geometry": {"type": "Point", "coordinates": [-110, -20]}}, {"type": "Feature", "properties": {"name": "p2951", "val": 2951}, "geometry": {"type": "Point", "coordinates": [-109, -19]}}, {"type": "Feature", "properties": {"name": "p2952", "val": 2952}, "geometry": {"type": "Point", "coordinates": [-108, -18]}}, {"type": "Feature", "properties": {"name": "p2953", "val": 2953}, "geometry": {"type": "Point", "coordinates": [-107, -17]}}, {"type": "Feature", "properties": {"name": "p2954", "val": 2954}, "geometry": {"type": "Point", "coordinates": [-106, -16]}}, {"type": "Feature", "properties": {"name": "p2955", "val": 2955}, "geometry": {"type": "Point", "coordinates": [-105, -15]}}, {"type": "Feature", "properties": {"name": "p2956", "val": 2956}, "geometry": {"type": "Point", "coordinates": [-104, -14]}}, {"type": "Feature", "properties": {"name": "p2957", "val": 2957}, "geometry": {"type": "Point", "coordinates": [-103, -13]}}, {"type": "Feature", "properties": {"name": "p2958", "val": 2958}, "geometry": {"type": "Point", "coordinates": [-102, -12]}}, {"type": "Feature", "properties": {"name": "p2959", "val": 2959}, "geometry": {"type": "Point", "coordinates": [-101, -11]}}, {"type": "Feature", "properties": {"name": "p2960", "val": 2960}, "geometry": {"type": "Point", "coordinates": [-100, -10]}}, {"type": "Feature", "properties": {"name": "p2961", "val": 2961}, "geometry": {"type": "Point", "coordinates": [-99, -9]}}, {"type": "Feature", "properties": {"name": "p2962", "val": 2962}, "geometry": {"type": "Point", "coordinates": [-98, -8]}}, {"type": "Feature", "properties": {"name": "p2963", "val": 2963}, "geometry": {"type": "Point", "coordinates": [-97, -7]}}, {"type": "Feature", "properties": {"name": "p2964", "val": 2964}, "geometry": {"type": "Point", "coordinates": [-96, -6]}}, {"type": "Feature", "properties": {"name": "p2965", "val": 2965}, "geometry": {"type": "Point", "coordinates": [-95, -5]}}, {"type": "Feature", "properties": {"name": "p2966", "val": 2966}, "geometry": {"type": "Point", "coordinates": [-94, -4]}}, {"type": "Feature", "properties": {"name": "p2967", "val": 2967}, "geometry": {"type": "Point", "coordinates": [-93, -3]}}, {"type": "Feature", "properties": {"name": "p2968", "val": 2968}, "geometry": {"type": "Point", "coordinates": [-92, -2]}}, {"type": "Feature", "properties": {"name": "p2969", "val": 2969}, "geometry": {"type": "Point", "coordinates": [-91, -1]}}, {"type": "Feature", "properties": {"name": "p2970", "val": 2970}, "geometry": {"type": "Point", "coordinates": [-90, 0]}}, {"type": "Feature", "properties": {"name": "p2971", "val": 2971}, "geometry": {"type": "Point", "coordinates": [-89, 1]}}, {"type": "Feature", "properties": {"name": "p2972", "val": 2972}, "geometry": {"type": "Point", "coordinates": [-88, 2]}}, {"type": "Feature", "properties": {"name": "p2973", "val": 2973}, "geometry": {"type": "Point", "coordinates": [-87, 3]}}, {"type": "Feature", "properties": {"name": "p2974", "val": 2974}, "geometry": {"type": "Point", "coordinates": [-86, 4]}}, {"type": "Feature", "properties": {"name": "p2975", "val": 2975}, "geometry": {"type": "Point", "coordinates": [-85, 5]}}, {"type": "Feature", "properties": {"name": "p2976", "val": 2976}, "geometry": {"type": "Point", "coordinates": [-84, 6]}}, {"type": "Feature", "properties": {"name": "p2977", "val": 2977}, "geometry": {"type": "Point", "coordinates": [-83, 7]}}, {"type": "Feature", "properties": {"name": "p2978", "val": 2978}, "geometry": {"type": "Point", "coordinates": [-82, 8]}}, {"type": "Feature", "properties": {"name": "p2979", "val": 2979}, "geometry": {"type": "Point", "coordinates": [-81, 9]}}, {"type": "Feature", "properties": {"name": "p2980", "val": 2980}, "geometry": {"type": "Point", "coordinates": [-80, 10]}}, {"type": "Feature", "properties": {"name": "p2981", "val": 2981}, "geometry": {"type": "Point", "coordinates": [-79, 11]}}, {"type": "Feature", "properties": {"name": "p2982", "val": 2982}, "geometry": {"type": "Point", "coordinates": [-78, 12]}}, {"type": "Feature", "properties": {"name": "p2983", "val": 2983}, "geometry": {"type": "Point", "coordinates": [-77, 13]}}, {"type": "Feature", "properties": {"name": "p2984", "val": 2984}, "geometry": {"type": "Point", "coordinates": [-76, 14]}}, {"type": "Feature", "properties": {"name": "p2985", "val": 2985}, "geometry": {"type": "Point", "coordinates": [-75, 15]}}, {"type": "Feature", "properties": {"name": "p2986", "val": 2986}, "geometry": {"type": "Point", "coordinates": [-74, 16]}}, {"type": "Feature", "properties": {"name": "p2987", "val": 2987}, "geometry": {"type": "Point", "coordinates": [-73, 17]}}, {"type": "Feature", "properties": {"name": "p2988", "val": 2988}, "geometry": {"type": "Point", "coordinates": [-72, 18]}}, {"type": "Feature", "properties": {"name": "p2989", "val": 2989}, "geometry": {"type": "Point", "coordinates": [-71, 19]}}, {"type": "Feature", "properties": {"name": "p2990", "val": 2990}, "geometry": {"type": "Point", "coordinates": [-70, 20]}}, {"type": "Feature", "properties": {"name": "p2991", "val": 2991}, "geometry": {"type": "Point", "coordinates": [-69, 21]}}, {"type": "Feature", "properties": {"name": "p2992", "val": 2992}, "geometry": {"type": "Point", "coordinates": [-68, 22]}}, {"type": "Feature", "properties": {"name": "p2993", "val": 2993}, "geometry": {"type": "Point", "coordinates": [-67, 23]}}, {"type": "Feature", "properties": {"name": "p2994", "val": 2994}, "geometry": {"type": "Point", "coordinates": [-66, 24]}}, {"type": "Feature", "properties": {"name": "p2995", "val": 2995}, "geometry": {"type": "Point", "coordinates": [-65, 25]}}, {"type": "Feature", "properties": {"name": "p2996", "val": 2996}, "geometry": {"type": "Point", "coordinates": [-64, 26]}}, {"type": "Feature", "properties": {"name": "p2997", "val": 2997}, "geometry": {"type": "Point", "coordinates": [-63, 27]}}, {"type": "Feature", "properties": {"name": "p2998", "val": 2998}, "geometry": {"type": "Point", "coordinates": [-62, 28]}}, {"type": "Feature", "properties": {"name": "p2999", "val": 2999}, "geometry": {"type": "Point", "coordinates": [-61, 29]}}, {"type": "Feature", "properties": {"name": "p3000", "val": 3000}, "geometry": {"type": "Point", "coordinates": [-60, 30]}}, {"type": "Feature", "properties": {"name": "p3001", "val": 3001}, "geometry": {"type": "Point", "coordinates": [-59, 31]}}, {"type": "Feature", "properties": {"name": "p3002", "val": 3002}, "geometry": {"type": "Point", "coordinates": [-58, 32]}}, {"type": "Feature", "properties": {"name": "p3003", "val": 3003}, "geometry": {"type": "Point", "coordinates": [-57, 33]}}, {"type": "Feature", "properties": {"name": "p3004", "val": 3004}, "geometry": {"type": "Point", "coordinates": [-56, 34]}}, {"type": "Feature", "properties": {"name": "p3005", "val": 3005}, "geometry": {"type": "Point", "coordinates": [-55, 35]}}, {"type": "Feature", "properties": {"name": "p3006", "val": 3006}, "geometry": {"type": "Point", "coordinates": [-54, 36]}}, {"type": "Feature", "properties": {"name": "p3007", "val": 3007}, "geometry": {"type": "Point", "coordinates": [-53, 37]}}, {"type": "Feature", "properties": {"name": "p3008", "val": 3008}, "geometry": {"type": "Point", "coordinates": [-52, 38]}}, {"type": "Feature", "properties": {"name": "p3009", "val": 3009}, "geometry": {"type": "Point", "coordinates": [-51, 39]}}, {"type": "Feature", "properties": {"name": "p3010", "val": 3010}, "geometry": {"type": "Point", "coordinates": [-50, 40]}}, {"type": "Feature", "properties": {"name": "p3011", "val": 3011}, "geometry": {"type": "Point", "coordinates": [-49, 41]}}, {"type": "Feature", "properties": {"name": "p3012", "val": 3012}, "geometry": {"type": "Point", "coordinates": [-48, 42]}}, {"type": "Feature", "properties": {"name": "p3013", "val": 3013}, "geometry": {"type": "Point", "coordinates": [-47, 43]}}, {"type": "Feature", "properties": {"name": "p3014", "val": 3014}, "geometry": {"type": "Point", "coordinates": [-46, 44]}}, {"type": "Feature", "properties": {"name": "p3015", "val": 3015}, "geometry": {"type": "Point", "coordinates": [-45, 45]}}, {"type": "Feature", "properties": {"name": "p3016", "val": 3016}, "geometry": {"type": "Point", "coordinates": [-44, 46]}}, {"type": "Feature", "properties": {"name": "p3017", "val": 3017}, "geometry": {"type": "Point", "coordinates": [-43, 47]}}, {"type": "Feature", "properties": {"name": "p3018", "val": 3018}, "geometry": {"type": "Point", "coordinates": [-42, 48]}}, {"type": "Feature", "properties": {"name": "p3019", "val": 3019}, "geometry": {"type": "Point", "coordinates": [-41, 49]}}, {"type": "Feature", "properties": {"name": "p3020", "val": 3020}, "geometry": {"type": "Point", "coordinates": [-40, 50]}}, {"type": "Feature", "properties": {"name": "p3021", "val": 3021}, "geometry": {"type": "Point", "coordinates": [-39, 51]}}, {"type": "Feature", "properties": {"name": "p3022", "val": 3022}, "geometry": {"type": "Point", "coordinates": [-38, 52]}}, {"type": "Feature", "properties": {"name": "p3023", "val": 3023}, "geometry": {"type": "Point", "coordinates": [-37, 53]}}, {"type": "Feature", "properties": {"name": "p3024", "val": 3024}, "geometry": {"type": "Point", "coordinates": [-36, 54]}}, {"type": "Feature", "properties": {"name": "p3025", "val": 3025}, "geometry": {"type": "Point", "coordinates": [-35, 55]}}, {"type": "Feature", "properties": {"name": "p3026", "val": 3026}, "geometry": {"type": "Point", "coordinates": [-34, 56]}}, {"type": "Feature", "properties": {"name": "p3027", "val": 3027}, "geometry": {"type": "Point", "coordinates": [-33, 57]}}, {"type": "Feature", "properties": {"name": "p3028", "val": 3028}, "geometry": {"type": "Point", "coordinates": [-32, 58]}}, {"type": "Feature", "properties": {"name": "p3029", "val": 3029}, "geometry": {"type": "Point", "coordinates": [-31, 59]}}, {"type": "Feature", "properties": {"name": "p3030", "val": 3030}, "geometry": {"type": "Point", "coordinates": [-30, 60]}}, {"type": "Feature", "properties": {"name": "p3031", "val": 3031}, "geometry": {"type": "Point", "coordinates": [-29, 61]}}, {"type": "Feature", "properties": {"name": "p3032", "val": 3032}, "geometry": {"type": "Point", "coordinates": [-28, 62]}}, {"type": "Feature", "properties": {"name": "p3033", "val": 3033}, "geometry": {"type": "Point", "coordinates": [-27, 63]}}, {"type": "Feature", "properties": {"name": "p3034", "val": 3034}, "geometry": {"type": "Point", "coordinates": [-26, 64]}}, {"type": "Feature", "properties": {"name": "p3035", "val": 3035}, "geometry": {"type": "Point", "coordinates": [-25, 65]}}, {"type": "Feature", "properties": {"name": "p3036", "val": 3036}, "geometry": {"type": "Point", "coordinates": [-24, 66]}}, {"type": "Feature", "properties": {"name": "p3037", "val": 3037}, "geometry": {"type": "Point", "coordinates": [-23, 67]}}, {"type": "Feature", "properties": {"name": "p3038", "val": 3038}, "geometry": {"type": "Point", "coordinates": [-22, 68]}}, {"type": "Feature", "properties": {"name": "p3039", "val": 3039}, "geometry": {"type": "Point", "coordinates": [-21, 69]}}, {"type": "Feature", "properties": {"name": "p3040", "val": 3040}, "geometry": {"type": "Point", "coordinates": [-20, 70]}}, {"type": "Feature", "properties": {"name": "p3041", "val": 3041}, "geometry": {"type": "Point", "coordinates": [-19, 71]}}, {"type": "Feature", "properties": {"name": "p3042", "val": 3042}, "geometry": {"type": "Point", "coordinates": [-18, 72]}}, {"type": "Feature", "properties": {"name": "p3043", "val": 3043}, "geometry": {"type": "Point", "coordinates": [-17, 73]}}, {"type": "Feature", "properties": {"name": "p3044", "val": 3044}, "geometry": {"type": "Point", "coordinates": [-16, 74]}}, {"type": "Feature", "properties": {"name": "p3045", "val": 3045}, "geometry": {"type": "Point", "coordinates": [-15, 75]}}, {"type": "Feature", "properties": {"name": "p3046", "val": 3046}, "geometry": {"type": "Point", "coordinates": [-14, 76]}}, {"type": "Feature", "properties": {"name": "p3047", "val": 3047}, "geometry": {"type": "Point", "coordinates": [-13, 77]}}, {"type": "Feature", "properties": {"name": "p3048", "val": 3048}, "geometry": {"type": "Point", "coordinates": [-12, 78]}}, {"type": "Feature", "properties": {"name": "p3049", "val": 3049}, "geometry": {"type": "Point", "coordinates": [-11, 79]}}, {"type": "Feature", "properties": {"name": "p3050", "val": 3050}, "geometry": {"type": "Point", "coordinates": [-10, 80]}}, {"type": "Feature", "properties": {"name": "p3051", "val": 3051}, "geometry": {"type": "Point", "coordinates": [-9, 81]}}, {"type": "Feature", "properties": {"name": "p3052", "val": 3052}, "geometry": {"type": "Point", "coordinates": [-8, 82]}}, {"type": "Feature", "properties": {"name": "p3053", "val": 3053}, "geometry": {"type": "Point", "coordinates": [-7, 83]}}, {"type": "Feature", "properties": {"name": "p3054", "val": 3054}, "geometry": {"type": "Point", "coordinates": [-6, 84]}}, {"type": "Feature", "properties": {"name": "p3055", "val": 3055}, "geometry": {"type": "Point", "coordinates": [-5, 85]}}, {"type": "Feature", "properties": {"name": "p3056", "val": 3056}, "geometry": {"type": "Point", "coordinates": [-4, 86]}}, {"type": "Feature", "properties": {"name": "p3057", "val": 3057}, "geometry": {"type": "Point", "coordinates": [-3, 87]}}, {"type": "Feature", "properties": {"name": "p3058", "val": 3058}, "geometry": {"type": "Point", "coordinates": [-2, 88]}}, {"type": "Feature", "properties": {"name": "p3059", "val": 3059}, "geometry": {"type": "Point", "coordinates": [-1, 89]}}, {"type": "Feature", "properties": {"name": "p3060", "val": 3060}, "geometry": {"type": "Point", "coordinates": [0, -90]}}, {"type": "Feature", "properties": {"name": "p3061", "val": 3061}, "geometry": {"type": "Point", "coordinates": [1, -89]}}, {"type": "Feature", "properties": {"name": "p3062", "val": 3062}, "geometry": {"type": "Point", "coordinates": [2, -88]}}, {"type": "Feature", "properties": {"name": "p3063", "val": 3063}, "geometry": {"type": "Point", "coordinates": [3, -87]}}, {"type": "Feature", "properties": {"name": "p3064", "val": 3064}, "geometry": {"type": "Point", "coordinates": [4, -86]}}, {"type": "Feature", "properties": {"name": "p3065", "val": 3065}, "geometry": {"type": "Point", "coordinates": [5, -85]}}, {"type": "Feature", "properties": {"name": "p3066", "val": 3066}, "geometry": {"type": "Point", "coordinates": [6, -84]}}, {"type": "Feature", "properties": {"name": "p3067", "val": 3067}, "geometry": {"type": "Point", "coordinates": [7, -83]}}, {"type": "Feature", "properties": {"name": "p3068", "val": 3068}, "geometry": {"type": "Point", "coordinates": [8, -82]}}, {"type": "Feature", "properties": {"name": "p3069", "val": 3069}, "geometry": {"type": "Point", "coordinates": [9, -81]}}, {"type": "Feature", "properties": {"name": "p3070", "val": 3070}, "geometry": {"type": "Point", "coordinates": [10, -80]}}, {"type": "Feature", "properties": {"name": "p3071", "val": 3071}, "geometry": {"type": "Point", "coordinates": [11, -79]}}, {"type": "Feature", "properties": {"name": "p3072", "val": 3072}, "geometry": {"type": "Point", "coordinates": [12, -78]}}, {"type": "Feature", "properties": {"name": "p3073", "val": 3073}, "geometry": {"type": "Point", "coordinates": [13, -77]}}, {"type": "Feature", "properties": {"name": "p3074", "val": 3074}, "geometry": {"type": "Point", "coordinates": [14, -76]}}, {"type": "Feature", "properties": {"name": "p3075", "val": 3075}, "geometry": {"type": "Point", "coordinates": [15, -75]}}, {"type": "Feature", "properties": {"name": "p3076", "val": 3076}, "geometry": {"type": "Point", "coordinates": [16, -74]}}, {"type": "Feature", "properties": {"name": "p3077", "val": 3077}, "geometry": {"type": "Point", "coordinates": [17, -73]}}, {"type": "Feature", "properties": {"name": "p3078", "val": 3078}, "geometry": {"type": "Point", "coordinates": [18, -72]}}, {"type": "Feature", "properties": {"name": "p3079", "val": 3079}, "geometry": {"type": "Point", "coordinates": [19, -71]}}, {"type": "Feature", "properties": {"name": "p3080", "val": 3080}, "geometry": {"type": "Point", "coordinates": [20, -70]}}, {"type": "Feature", "properties": {"name": "p3081", "val": 3081}, "geometry": {"type": "Point", "coordinates": [21, -69]}}, {"type": "Feature", "properties": {"name": "p3082", "val": 3082}, "geometry": {"type": "Point", "coordinates": [22, -68]}}, {"type": "Feature", "properties": {"name": "p3083", "val": 3083}, "geometry": {"type": "Point", "coordinates": [23, -67]}}, {"type": "Feature", "properties": {"name": "p3084", "val": 3084}, "geometry": {"type": "Point", "coordinates": [24, -66]}}, {"type": "Feature", "properties": {"name": "p3085", "val": 3085}, "geometry": {"type": "Point", "coordinates": [25, -65]}}, {"type": "Feature", "properties": {"name": "p3086", "val": 3086}, "geometry": {"type": "Point", "coordinates": [26, -64]}}, {"type": "Feature", "properties": {"name": "p3087", "val": 3087}, "geometry": {"type": "Point", "coordinates": [27, -63]}}, {"type": "Feature", "properties": {"name": "p3088", "val": 3088}, "geometry": {"type": "Point", "coordinates": [28, -62]}}, {"type": "Feature", "properties": {"name": "p3089", "val": 3089}, "geometry": {"type": "Point", "coordinates": [29, -61]}}, {"type": "Feature", "properties": {"name": "p3090", "val": 3090}, "geometry": {"type": "Point", "coordinates": [30, -60]}}, {"type": "Feature", "properties": {"name": "p3091", "val": 3091}, "geometry": {"type": "Point", "coordinates": [31, -59]}}, {"type": "Feature", "properties": {"name": "p3092", "val": 3092}, "geometry": {"type": "Point", "coordinates": [32, -58]}}, {"type": "Feature", "properties": {"name": "p3093", "val": 3093}, "geometry": {"type": "Point", "coordinates": [33, -57]}}, {"type": "Feature", "properties": {"name": "p3094", "val": 3094}, "geometry": {"type": "Point", "coordinates": [34, -56]}}, {"type": "Feature", "properties": {"name": "p3095", "val": 3095}, "geometry": {"type": "Point", "coordinates": [35, -55]}}, {"type": "Feature", "properties": {"name": "p3096", "val": 3096}, "geometry": {"type": "Point", "coordinates": [36, -54]}}, {"type": "Feature", "properties": {"name": "p3097", "val": 3097}, "geometry": {"type": "Point", "coordinates": [37, -53]}}, {"type": "Feature", "properties": {"name": "p3098", "val": 3098}, "geometry": {"type": "Point", "coordinates": [38, -52]}}, {"type": "Feature", "properties": {"name": "p3099", "val": 3099}, "geometry": {"type": "Point", "coordinates": [39, -51]}}, {"type": "Feature", "properties": {"name": "p3100", "val": 3100}, "geometry": {"type": "Point", "coordinates": [40, -50]}}, {"type": "Feature", "properties": {"name": "p3101", "val": 3101}, "geometry": {"type": "Point", "coordinates": [41, -49]}}, {"type": "Feature", "properties": {"name": "p3102", "val": 3102}, "geometry": {"type": "Point", "coordinates": [42, -48]}}, {"type": "Feature", "properties": {"name": "p3103", "val": 3103}, "geometry": {"type": "Point", "coordinates": [43, -47]}}, {"type": "Feature", "properties": {"name": "p3104", "val": 3104}, "geometry": {"type": "Point", "coordinates": [44, -46]}}, {"type": "Feature", "properties": {"name": "p3105", "val": 3105}, "geometry": {"type": "Point", "coordinates": [45, -45]}}, {"type": "Feature", "properties": {"name": "p3106", "val": 3106}, "geometry": {"type": "Point", "coordinates": [46, -44]}}, {"type": "Feature", "properties": {"name": "p3107", "val": 3107}, "geometry": {"type": "Point", "coordinates": [47, -43]}}, {"type": "Feature", "properties": {"name": "p3108", "val": 3108}, "geometry": {"type": "Point", "coordinates": [48, -42]}}, {"type": "Feature", "properties": {"name": "p3109", "val": 3109}, "geometry": {"type": "Point", "coordinates": [49, -41]}}, {"type": "Feature", "properties": {"name": "p3110", "val": 3110}, "geometry": {"type": "Point", "coordinates": [50, -40]}}, {"type": "Feature", "properties": {"name": "p3111", "val": 3111}, "geometry": {"type": "Point", "coordinates": [51, -39]}}, {"type": "Feature", "properties": {"name": "p3112", "val": 3112}, "geometry": {"type": "Point", "coordinates": [52, -38]}}, {"type": "Feature", "properties": {"name": "p3113", "val": 3113}, "geometry": {"type": "Point", "coordinates": [53, -37]}}, {"type": "Feature", "properties": {"name": "p3114", "val": 3114}, "geometry": {"type": "Point", "coordinates": [54, -36]}}, {"type": "Feature", "properties": {"name": "p3115", "val": 3115}, "geometry": {"type": "Point", "coordinates": [55, -35]}}, {"type": "Feature", "properties": {"name": "p3116", "val": 3116}, "geometry": {"type": "Point", "coordinates": [56, -34]}}, {"type": "Feature", "properties": {"name": "p3117", "val": 3117}, "geometry": {"type": "Point", "coordinates": [57, -33]}}, {"type": "Feature", "properties": {"name": "p3118", "val": 3118}, "geometry": {"type": "Point", "coordinates": [58, -32]}}, {"type": "Feature", "properties": {"name": "p3119", "val": 3119}, "geometry": {"type": "Point", "coordinates": [59, -31]}}, {"type": "Feature", "properties": {"name": "p3120", "val": 3120}, "geometry": {"type": "Point", "coordinates": [60, -30]}}, {"type": "Feature", "properties": {"name": "p3121", "val": 3121}, "geometry": {"type": "Point", "coordinates": [61, -29]}}, {"type": "Feature", "properties": {"name": "p3122", "val": 3122}, "geometry": {"type": "Point", "coordinates": [62, -28]}}, {"type": "Feature", "properties": {"name": "p3123", "val": 3123}, "geometry": {"type": "Point", "coordinates": [63, -27]}}, {"type": "Feature", "properties": {"name": "p3124", "val": 3124}, "geometry": {"type": "Point", "coordinates": [64, -26]}}, {"type": "Feature", "properties": {"name": "p3125", "val": 3125}, "geometry": {"type": "Point", "coordinates": [65, -25]}}, {"type": "Feature", "properties": {"name": "p3126", "val": 3126}, "geometry": {"type": "Point", "coordinates": [66, -24]}}, {"type": "Feature", "properties": {"name": "p3127", "val": 3127}, "geometry": {"type": "Point", "coordinates": [67, -23]}}, {"type": "Feature", "properties": {"name": "p3128", "val": 3128}, "geometry": {"type": "Point", "coordinates": [68, -22]}}, {"type": "Feature", "properties": {"name": "p3129", "val": 3129}, "geometry": {"type": "Point", "coordinates": [69, -21]}}, {"type": "Feature", "properties": {"name": "p3130", "val": 3130}, "geometry": {"type": "Point", "coordinates": [70, -20]}}, {"type": "Feature", "properties": {"name": "p3131", "val": 3131}, "geometry": {"type": "Point", "coordinates": [71, -19]}}, {"type": "Feature", "properties": {"name": "p3132", "val": 3132}, "geometry": {"type": "Point", "coordinates": [72, -18]}}, {"type": "Feature", "properties": {"name": "p3133", "val": 3133}, "geometry": {"type": "Point", "coordinates": [73, -17]}}, {"type": "Feature", "properties": {"name": "p3134", "val": 3134}, "geometry": {"type": "Point", "coordinates": [74, -16]}}, {"type": "Feature", "properties": {"name": "p3135", "val": 3135}, "geometry": {"type": "Point", "coordinates": [75, -15]}}, {"type": "Feature", "properties": {"name": "p3136", "val": 3136}, "geometry": {"type": "Point", "coordinates": [76, -14]}}, {"type": "Feature", "properties": {"name": "p3137", "val": 3137}, "geometry": {"type": "Point", "coordinates": [77, -13]}}, {"type": "Feature", "properties": {"name": "p3138", "val": 3138}, "geometry": {"type": "Point", "coordinates": [78, -12]}}, {"type": "Feature", "properties": {"name": "p3139", "val": 3139}, "geometry": {"type": "Point", "coordinates": [79, -11]}}, {"type": "Feature", "properties": {"name": "p3140", "val": 3140}, "geometry": {"type": "Point", "coordinates": [80, -10]}}, {"type": "Feature", "properties": {"name": "p3141", "val": 3141}, "geometry": {"type": "Point", "coordinates": [81, -9]}}, {"type": "Feature", "properties": {"name": "p3142", "val": 3142}, "geometry": {"type": "Point", "coordinates": [82, -8]}}, {"type": "Feature", "properties": {"name": "p3143", "val": 3143}, "geometry": {"type": "Point", "coordinates": [83, -7]}}, {"type": "Feature", "properties": {"name": "p3144", "val": 3144}, "geometry": {"type": "Point", "coordinates": [84, -6]}}, {"type": "Feature", "properties": {"name": "p3145", "val": 3145}, "geometry": {"type": "Point", "coordinates": [85, -5]}}, {"type": "Feature", "properties": {"name": "p3146", "val": 3146}, "geometry": {"type": "Point", "coordinates": [86, -4]}}, {"type": "Feature", "properties": {"name": "p3147", "val": 3147}, "geometry": {"type": "Point", "coordinates": [87, -3]}}, {"type": "Feature", "properties": {"name": "p3148", "val": 3148}, "geometry": {"type": "Point", "coordinates": [88, -2]}}, {"type": "Feature", "properties": {"name": "p3149", "val": 3149}, "geometry": {"type": "Point", "coordinates": [89, -1]}}, {"type": "Feature", "properties": {"name": "p3150", "val": 3150}, "geometry": {"type": "Point", "coordinates": [90, 0]}}, {"type": "Feature", "properties": {"name": "p3151", "val": 3151}, "geometry": {"type": "Point", "coordinates": [91, 1]}}, {"type": "Feature", "properties": {"name": "p3152", "val": 3152}, "geometry": {"type": "Point", "coordinates": [92, 2]}}, {"type": "Feature", "properties": {"name": "p3153", "val": 3153}, "geometry": {"type": "Point", "coordinates": [93, 3]}}, {"type": "Feature", "properties": {"name": "p3154", "val": 3154}, "geometry": {"type": "Point", "coordinates": [94, 4]}}, {"type": "Feature", "properties": {"name": "p3155", "val": 3155}, "geometry": {"type": "Point", "coordinates": [95, 5]}}, {"type": "Feature", "properties": {"name": "p3156", "val": 3156}, "geometry": {"type": "Point", "coordinates": [96, 6]}}, {"type": "Feature", "properties": {"name": "p3157", "val": 3157}, "geometry": {"type": "Point", "coordinates": [97, 7]}}, {"type": "Feature", "properties": {"name": "p3158", "val": 3158}, "geometry": {"type": "Point", "coordinates": [98, 8]}}, {"type": "Feature", "properties": {"name": "p3159", "val": 3159}, "geometry": {"type": "Point", "coordinates": [99, 9]}}, {"type": "Feature", "properties": {"name": "p3160", "val": 3160}, "geometry": {"type": "Point", "coordinates": [100, 10]}}, {"type": "Feature", "properties": {"name": "p3161", "val": 3161}, "geometry": {"type": "Point", "coordinates": [101, 11]}}, {"type": "Feature", "properties": {"name": "p3162", "val": 3162}, "geometry": {"type": "Point", "coordinates": [102, 12]}}, {"type": "Feature", "properties": {"name": "p3163", "val": 3163}, "geometry": {"type": "Point", "coordinates": [103, 13]}}, {"type": "Feature", "properties": {"name": "p3164", "val": 3164}, "geometry": {"type": "Point", "coordinates": [104, 14]}}, {"type": "Feature", "properties": {"name": "p3165", "val": 3165}, "geometry": {"type": "Point", "coordinates": [105, 15]}}, {"type": "Feature", "properties": {"name": "p3166", "val": 3166}, "geometry": {"type": "Point", "coordinates": [106, 16]}}, {"type": "Feature", "properties": {"name": "p3167", "val": 3167}, "geometry": {"type": "Point", "coordinates": [107, 17]}}, {"type": "Feature", "properties": {"name": "p3168", "val": 3168}, "geometry": {"type": "Point", "coordinates": [108, 18]}}, {"type": "Feature", "properties": {"name": "p3169", "val": 3169}, "geometry": {"type": "Point", "coordinates": [109, 19]}}, {"type": "Feature", "properties": {"name": "p3170", "val": 3170}, "geometry": {"type": "Point", "coordinates": [110, 20]}}, {"type": "Feature", "properties": {"name": "p3171", "val": 3171}, "geometry": {"type": "Point", "coordinates": [111, 21]}}, {"type": "Feature", "properties": {"name": "p3172", "val": 3172}, "geometry": {"type": "Point", "coordinates": [112, 22]}}, {"type": "Feature", "properties": {"name": "p3173", "val": 3173}, "geometry": {"type": "Point", "coordinates": [113, 23]}}, {"type": "Feature", "properties": {"name": "p3174", "val": 3174}, "geometry": {"type": "Point", "coordinates": [114, 24]}}, {"type": "Feature", "properties": {"name": "p3175", "val": 3175}, "geometry": {"type": "Point", "coordinates": [115, 25]}}, {"type": "Feature", "properties": {"name": "p3176", "val": 3176}, "geometry": {"type": "Point", "coordinates": [116, 26]}}, {"type": "Feature", "properties": {"name": "p3177", "val": 3177}, "geometry": {"type": "Point", "coordinates": [117, 27]}}, {"type": "Feature", "properties": {"name": "p3178", "val": 3178}, "geometry": {"type": "Point", "coordinates": [118, 28]}}, {"type": "Feature", "properties": {"name": "p3179", "val": 3179}, "geometry": {"type": "Point", "coordinates": [119, 29]}}, {"type": "Feature", "properties": {"name": "p3180", "val": 3180}, "geometry": {"type": "Point", "coordinates": [120, 30]}}, {"type": "Feature", "properties": {"name": "p3181", "val": 3181}, "geometry": {"type": "Point", "coordinates": [121, 31]}}, {"type": "Feature", "properties": {"name": "p3182", "val": 3182}, "geometry": {"type": "Point", "coordinates": [122, 32]}}, {"type": "Feature", "properties": {"name": "p3183", "val": 3183}, "geometry": {"type": "Point", "coordinates": [123, 33]}}, {"type": "Feature", "properties": {"name": "p3184", "val": 3184}, "geometry": {"type": "Point", "coordinates": [124, 34]}}, {"type": "Feature", "properties": {"name": "p3185", "val": 3185}, "geometry": {"type": "Point", "coordinates": [125, 35]}}, {"type": "Feature", "properties": {"name": "p3186", "val": 3186}, "geometry": {"type": "Point", "coordinates": [126, 36]}}, {"type": "Feature", "properties": {"name": "p3187", "val": 3187}, "geometry": {"type": "Point", "coordinates": [127, 37]}}, {"type": "Feature", "properties": {"name": "p3188", "val": 3188}, "geometry": {"type": "Point", "coordinates": [128, 38]}}, {"type": "Feature", "properties": {"name": "p3189", "val": 3189}, "geometry": {"type": "Point", "coordinates": [129, 39]}}, {"type": "Feature", "properties": {"name": "p3190", "val": 3190}, "geometry": {"type": "Point", "coordinates": [130, 40]}}, {"type": "Feature", "properties": {"name": "p3191", "val": 3191}, "geometry": {"type": "Point", "coordinates": [131, 41]}}, {"type": "Feature", "properties": {"name": "p3192", "val": 3192}, "geometry": {"type": "Point", "coordinates": [132, 42]}}, {"type": "Feature", "properties": {"name": "p3193", "val": 3193}, "geometry": {"type": "Point", "coordinates": [133, 43]}}, {"type": "Feature", "properties": {"name": "p3194", "val": 3194}, "geometry": {"type": "Point", "coordinates": [134, 44]}}, {"type": "Feature", "properties": {"name": "p3195", "val": 3195}, "geometry": {"type": "Point", "coordinates": [135, 45]}}, {"type": "Feature", "properties": {"name": "p3196", "val": 3196}, "geometry": {"type": "Point", "coordinates": [136, 46]}}, {"type": "Feature", "properties": {"name": "p3197", "val": 3197}, "geometry": {"type": "Point", "coordinates": [137, 47]}}, {"type": "Feature", "properties": {"name": "p3198", "val": 3198}, "geometry": {"type": "Point", "coordinates": [138, 48]}}, {"type": "Feature", "properties": {"name": "p3199", "val": 3199}, "geometry": {"type": "Point", "coordinates": [139, 49]}}, {"type": "Feature", "properties": {"name": "p3200", "val": 3200}, "geometry": {"type": "Point", "coordinates": [140, 50]}}, {"type": "Feature", "properties": {"name": "p3201", "val": 3201}, "geometry": {"type": "Point", "coordinates": [141, 51]}}, {"type": "Feature", "properties": {"name": "p3202", "val": 3202}, "geometry": {"type": "Point", "coordinates": [142, 52]}}, {"type": "Feature", "properties": {"name": "p3203", "val": 3203}, "geometry": {"type": "Point", "coordinates": [143, 53]}}, {"type": "Feature", "properties": {"name": "p3204", "val": 3204}, "geometry": {"type": "Point", "coordinates": [144, 54]}}, {"type": "Feature", "properties": {"name": "p3205", "val": 3205}, "geometry": {"type": "Point", "coordinates": [145, 55]}}, {"type": "Feature", "properties": {"name": "p3206", "val": 3206}, "geometry": {"type": "Point", "coordinates": [146, 56]}}, {"type": "Feature", "properties": {"name": "p3207", "val": 3207}, "geometry": {"type": "Point", "coordinates": [147, 57]}}, {"type": "Feature", "properties": {"name": "p3208", "val": 3208}, "geometry": {"type": "Point", "coordinates": [148, 58]}}, {"type": "Feature", "properties": {"name": "p3209", "val": 3209}, "geometry": {"type": "Point", "coordinates": [149, 59]}}, {"type": "Feature", "properties": {"name": "p3210", "val": 3210}, "geometry": {"type": "Point", "coordinates": [150, 60]}}, {"type": "Feature", "properties": {"name": "p3211", "val": 3211}, "geometry": {"type": "Point", "coordinates": [151, 61]}}, {"type": "Feature", "properties": {"name": "p3212", "val": 3212}, "geometry": {"type": "Point", "coordinates": [152, 62]}}, {"type": "Feature", "properties": {"name": "p3213", "val": 3213}, "geometry": {"type": "Point", "coordinates": [153, 63]}}, {"type": "Feature", "properties": {"name": "p3214", "val": 3214}, "geometry": {"type": "Point", "coordinates": [154, 64]}}, {"type": "Feature", "properties": {"name": "p3215", "val": 3215}, "geometry": {"type": "Point", "coordinates": [155, 65]}}, {"type": "Feature", "properties": {"name": "p3216", "val": 3216}, "geometry": {"type": "Point", "coordinates": [156, 66]}}, {"type": "Feature", "properties": {"name": "p3217", "val": 3217}, "geometry": {"type": "Point", "coordinates": [157, 67]}}, {"type": "Feature", "properties": {"name": "p3218", "val": 3218}, "geometry": {"type": "Point", "coordinates": [158, 68]}}, {"type": "Feature", "properties": {"name": "p3219", "val": 3219}, "geometry": {"type": "Point", "coordinates": [159, 69]}}, {"type": "Feature", "properties": {"name": "p3220", "val": 3220}, "geometry": {"type": "Point", "coordinates": [160, 70]}}, {"type": "Feature", "properties": {"name": "p3221", "val": 3221}, "geometry": {"type": "Point", "coordinates": [161, 71]}}, {"type": "Feature", "properties": {"name": "p3222", "val": 3222}, "geometry": {"type": "Point", "coordinates": [162, 72]}}, {"type": "Feature", "properties": {"name": "p3223", "val": 3223}, "geometry": {"type": "Point", "coordinates": [163, 73]}}, {"type": "Feature", "properties": {"name": "p3224", "val": 3224}, "geometry": {"type": "Point", "coordinates": [164, 74]}}, {"type": "Feature", "properties": {"name": "p3225", "val": 3225}, "geometry": {"type": "Point", "coordinates": [165, 75]}}, {"type": "Feature", "properties": {"name": "p3226", "val": 3226}, "geometry": {"type": "Point", "coordinates": [166, 76]}}, {"type": "Feature", "properties": {"name": "p3227", "val": 3227}, "geometry": {"type": "Point", "coordinates": [167, 77]}}, {"type": "Feature", "properties": {"name": "p3228", "val": 3228}, "geometry": {"type": "Point", "coordinates": [168, 78]}}, {"type": "Feature", "properties": {"name": "p3229", "val": 3229}, "geometry": {"type": "Point", "coordinates": [169, 79]}}, {"type": "Feature", "properties": {"name": "p3230", "val": 3230}, "geometry": {"type": "Point", "coordinates": [170, 80]}}, {"type": "Feature", "properties": {"name": "p3231", "val": 3231}, "geometry": {"type": "Point", "coordinates": [171, 81]}}, {"type": "Feature", "properties": {"name": "p3232", "val": 3232}, "geometry": {"type": "Point", "coordinates": [172, 82]}}, {"type": "Feature", "properties": {"name": "p3233", "val": 3233}, "geometry": {"type": "Point", "coordinates": [173, 83]}}, {"type": "Feature", "properties": {"name": "p3234", "val": 3234}, "geometry": {"type": "Point", "coordinates": [174, 84]}}, {"type": "Feature", "properties": {"name": "p3235", "val": 3235}, "geometry": {"type": "Point", "coordinates": [175, 85]}}, {"type": "Feature", "properties": {"name": "p3236", "val": 3236}, "geometry": {"type": "Point", "coordinates": [176, 86]}}, {"type": "Feature", "properties": {"name": "p3237", "val": 3237}, "geometry": {"type": "Point", "coordinates": [177, 87]}}, {"type": "Feature", "properties": {"name": "p3238", "val": 3238}, "geometry": {"type": "Point", "coordinates": [178, 88]}}, {"type": "Feature", "properties": {"name": "p3239", "val": 3239}, "geometry": {"type": "Point", "coordinates": [179, 89]}}, {"type": "Feature", "properties": {"name": "p3240", "val": 3240}, "geometry": {"type": "Point", "coordinates": [-180, -90]}}, {"type": "Feature", "properties": {"name": "p3241", "val": 3241}, "geometry": {"type": "Point", "coordinates": [-179, -89]}}, {"type": "Feature", "properties": {"name": "p3242", "val": 3242}, "geometry": {"type": "Point", "coordinates": [-178, -88]}}, {"type": "Feature", "properties": {"name": "p3243", "val": 3243}, "geometry": {"type": "Point", "coordinates": [-177, -87]}}, {"type": "Feature", "properties": {"name": "p3244", "val": 3244}, "geometry": {"type": "Point", "coordinates": [-176, -86]}}, {"type": "Feature", "properties": {"name": "p3245", "val": 3245}, "geometry": {"type": "Point", "coordinates": [-175, -85]}}, {"type": "Feature", "properties": {"name": "p3246", "val": 3246}, "geometry": {"type": "Point", "coordinates": [-174, -84]}}, {"type": "Feature", "properties": {"name": "p3247", "val": 3247}, "geometry": {"type": "Point", "coordinates": [-173, -83]}}, {"type": "Feature", "properties": {"name": "p3248", "val": 3248}, "geometry": {"type": "Point", "coordinates": [-172, -82]}}, {"type": "Feature", "properties": {"name": "p3249", "val": 3249}, "geometry": {"type": "Point", "coordinates": [-171, -81]}}, {"type": "Feature", "properties": {"name": "p3250", "val": 3250}, "geometry": {"type": "Point", "coordinates": [-170, -80]}}, {"type": "Feature", "properties": {"name": "p3251", "val": 3251}, "geometry": {"type": "Point", "coordinates": [-169, -79]}}, {"type": "Feature", "properties": {"name": "p3252", "val": 3252}, "geometry": {"type": "Point", "coordinates": [-168, -78]}}, {"type": "Feature", "properties": {"name": "p3253", "val": 3253}, "geometry": {"type": "Point", "coordinates": [-167, -77]}}, {"type": "Feature", "properties": {"name": "p3254", "val": 3254}, "geometry": {"type": "Point", "coordinates": [-166, -76]}}, {"type": "Feature", "properties": {"name": "p3255", "val": 3255}, "geometry": {"type": "Point", "coordinates": [-165, -75]}}, {"type": "Feature", "properties": {"name": "p3256", "val": 3256}, "geometry": {"type": "Point", "coordinates": [-164, -74]}}, {"type": "Feature", "properties": {"name": "p3257", "val": 3257}, "geometry": {"type": "Point", "coordinates": [-163, -73]}}, {"type": "Feature", "properties": {"name": "p3258", "val": 3258}, "geometry": {"type": "Point", "coordinates": [-162, -72]}}, {"type": "Feature", "properties": {"name": "p3259", "val": 3259}, "geometry": {"type": "Point", "coordinates": [-161, -71]}}, {"type": "Feature", "properties": {"name": "p3260", "val": 3260}, "geometry": {"type": "Point", "coordinates": [-160, -70]}}, {"type": "Feature", "properties": {"name": "p3261", "val": 3261}, "geometry": {"type": "Point", "coordinates": [-159, -69]}}, {"type": "Feature", "properties": {"name": "p3262", "val": 3262}, "geometry": {"type": "Point", "coordinates": [-158, -68]}}, {"type": "Feature", "properties": {"name": "p3263", "val": 3263}, "geometry": {"type": "Point", "coordinates": [-157, -67]}}, {"type": "Feature", "properties": {"name": "p3264", "val": 3264}, "geometry": {"type": "Point", "coordinates": [-156, -66]}}, {"type": "Feature", "properties": {"name": "p3265", "val": 3265}, "geometry": {"type": "Point", "coordinates": [-155, -65]}}, {"type": "Feature", "properties": {"name": "p3266", "val": 3266}, "geometry": {"type": "Point", "coordinates": [-154, -64]}}, {"type": "Feature", "properties": {"name": "p3267", "val": 3267}, "geometry": {"type": "Point", "coordinates": [-153, -63]}}, {"type": "Feature", "properties": {"name": "p3268", "val": 3268}, "geometry": {"type": "Point", "coordinates": [-152, -62]}}, {"type": "Feature", "properties": {"name": "p3269", "val": 3269}, "geometry": {"type": "Point", "coordinates": [-151, -61]}}, {"type": "Feature", "properties": {"name": "p3270", "val": 3270}, "geometry": {"type": "Point", "coordinates": [-150, -60]}}, {"type": "Feature", "properties": {"name": "p3271", "val": 3271}, "geometry": {"type": "Point", "coordinates": [-149, -59]}}, {"type": "Feature", "properties": {"name": "p3272", "val": 3272}, "geometry": {"type": "Point", "coordinates": [-148, -58]}}, {"type": "Feature", "properties": {"name": "p3273", "val": 3273}, "geometry": {"type": "Point", "coordinates": [-147, -57]}}, {"type": "Feature", "properties": {"name": "p3274", "val": 3274}, "geometry": {"type": "Point", "coordinates": [-146, -56]}}, {"type": "Feature", "properties": {"name": "p3275", "val": 3275}, "geometry": {"type": "Point", "coordinates": [-145, -55]}}, {"type": "Feature", "properties": {"name": "p3276", "val": 3276}, "geometry": {"type": "Point", "coordinates": [-144, -54]}}, {"type": "Feature", "properties": {"name": "p3277", "val": 3277}, "geometry": {"type": "Point", "coordinates": [-143, -53]}}, {"type": "Feature", "properties": {"name": "p3278", "val": 3278}, "geometry": {"type": "Point", "coordinates": [-142, -52]}}, {"type": "Feature", "properties": {"name": "p3279", "val": 3279}, "geometry": {"type": "Point", "coordinates": [-141, -51]}}, {"type": "Feature", "properties": {"name": "p3280", "val": 3280}, "geometry": {"type": "Point", "coordinates": [-140, -50]}}, {"type": "Feature", "properties": {"name": "p3281", "val": 3281}, "geometry": {"type": "Point", "coordinates": [-139, -49]}}, {"type": "Feature", "properties": {"name": "p3282", "val": 3282}, "geometry": {"type": "Point", "coordinates": [-138, -48]}}, {"type": "Feature", "properties": {"name": "p3283", "val": 3283}, "geometry": {"type": "Point", "coordinates": [-137, -47]}}, {"type": "Feature", "properties": {"name": "p3284", "val": 3284}, "geometry": {"type": "Point", "coordinates": [-136, -46]}}, {"type": "Feature", "properties": {"name": "p3285", "val": 3285}, "geometry": {"type": "Point", "coordinates": [-135, -45]}}, {"type": "Feature", "properties": {"name": "p3286", "val": 3286}, "geometry": {"type": "Point", "coordinates": [-134, -44]}}, {"type": "Feature", "properties": {"name": "p3287", "val": 3287}, "geometry": {"type": "Point", "coordinates": [-133, -43]}}, {"type": "Feature", "properties": {"name": "p3288", "val": 3288}, "geometry": {"type": "Point", "coordinates": [-132, -42]}}, {"type": "Feature", "properties": {"name": "p3289", "val": 3289}, "geometry": {"type": "Point", "coordinates": [-131, -41]}}, {"type": "Feature", "properties": {"name": "p3290", "val": 3290}, "geometry": {"type": "Point", "coordinates": [-130, -40]}}, {"type": "Feature", "properties": {"name": "p3291", "val": 3291}, "geometry": {"type": "Point", "coordinates": [-129, -39]}}, {"type": "Feature", "properties": {"name": "p3292", "val": 3292}, "geometry": {"type": "Point", "coordinates": [-128, -38]}}, {"type": "Feature", "properties": {"name": "p3293", "val": 3293}, "geometry": {"type": "Point", "coordinates": [-127, -37]}}, {"type": "Feature", "properties": {"name": "p3294", "val": 3294}, "geometry": {"type": "Point", "coordinates": [-126, -36]}}, {"type": "Feature", "properties": {"name": "p3295", "val": 3295}, "geometry": {"type": "Point", "coordinates": [-125, -35]}}, {"type": "Feature", "properties": {"name": "p3296", "val": 3296}, "geometry": {"type": "Point", "coordinates": [-124, -34]}}, {"type": "Feature", "properties": {"name": "p3297", "val": 3297}, "geometry": {"type": "Point", "coordinates": [-123, -33]}}, {"type": "Feature", "properties": {"name": "p3298", "val": 3298}, "geometry": {"type": "Point", "coordinates": [-122, -32]}}, {"type": "Feature", "properties": {"name": "p3299", "val": 3299}, "geometry": {"type": "Point", "coordinates": [-121, -31]}}, {"type": "Feature", "properties": {"name": "p3300", "val": 3300}, "geometry": {"type": "Point", "coordinates": [-120, -30]}}, {"type": "Feature", "properties": {"name": "p3301", "val": 3301}, "geometry": {"type": "Point", "coordinates": [-119, -29]}}, {"type": "Feature", "properties": {"name": "p3302", "val": 3302}, "geometry": {"type": "Point", "coordinates": [-118, -28]}}, {"type": "Feature", "properties": {"name": "p3303", "val": 3303}, "geometry": {"type": "Point", "coordinates": [-117, -27]}}, {"type": "Feature", "properties": {"name": "p3304", "val": 3304}, "geometry": {"type": "Point", "coordinates": [-116, -26]}}, {"type": "Feature", "properties": {"name": "p3305", "val": 3305}, "geometry": {"type": "Point", "coordinates": [-115, -25]}}, {"type": "Feature", "properties": {"name": "p3306", "val": 3306}, "geometry": {"type": "Point", "coordinates": [-114, -24]}}, {"type": "Feature", "properties": {"name": "p3307", "val": 3307}, "geometry": {"type": "Point", "coordinates": [-113, -23]}}, {"type": "Feature", "properties": {"name": "p3308", "val": 3308}, "geometry": {"type": "Point", "coordinates": [-112, -22]}}, {"type": "Feature", "properties": {"name": "p3309", "val": 3309}, "geometry": {"type": "Point", "coordinates": [-111, -21]}}, {"type": "Feature", "properties": {"name": "p3310", "val": 3310}, "geometry": {"type": "Point", "coordinates": [-110, -20]}}, {"type": "Feature", "properties": {"name": "p3311", "val": 3311}, "geometry": {"type": "Point", "coordinates": [-109, -19]}}, {"type": "Feature", "properties": {"name": "p3312", "val": 3312}, "geometry": {"type": "Point", "coordinates": [-108, -18]}}, {"type": "Feature", "properties": {"name": "p3313", "val": 3313}, "geometry": {"type": "Point", "coordinates": [-107, -17]}}, {"type": "Feature", "properties": {"name": "p3314", "val": 3314}, "geometry": {"type": "Point", "coordinates": [-106, -16]}}, {"type": "Feature", "properties": {"name": "p3315", "val": 3315}, "geometry": {"type": "Point", "coordinates": [-105, -15]}}, {"type": "Feature", "properties": {"name": "p3316", "val": 3316}, "geometry": {"type": "Point", "coordinates": [-104, -14]}}, {"type": "Feature", "properties": {"name": "p3317", "val": 3317}, "geometry": {"type": "Point", "coordinates": [-103, -13]}}, {"type": "Feature", "properties": {"name": "p3318", "val": 3318}, "geometry": {"type": "Point", "coordinates": [-102, -12]}}, {"type": "Feature", "properties": {"name": "p3319", "val": 3319}, "geometry": {"type": "Point", "coordinates": [-101, -11]}}, {"type": "Feature", "properties": {"name": "p3320", "val": 3320}, "geometry": {"type": "Point", "coordinates": [-100, -10]}}, {"type": "Feature", "properties": {"name": "p3321", "val": 3321}, "geometry": {"type": "Point", "coordinates": [-99, -9]}}, {"type": "Feature", "properties": {"name": "p3322", "val": 3322}, "geometry": {"type": "Point", "coordinates": [-98, -8]}}, {"type": "Feature", "properties": {"name": "p3323", "val": 3323}, "geometry": {"type": "Point", "coordinates": [-97, -7]}}, {"type": "Feature", "properties": {"name": "p3324", "val": 3324}, "geometry": {"type": "Point", "coordinates": [-96, -6]}}, {"type": "Feature", "properties": {"name": "p3325", "val": 3325}, "geometry": {"type": "Point", "coordinates": [-95, -5]}}, {"type": "Feature", "properties": {"name": "p3326", "val": 3326}, "geometry": {"type": "Point", "coordinates": [-94, -4]}}, {"type": "Feature", "properties": {"name": "p3327", "val": 3327}, "geometry": {"type": "Point", "coordinates": [-93, -3]}}, {"type": "Feature", "properties": {"name": "p3328", "val": 3328}, "geometry": {"type": "Point", "coordinates": [-92, -2]}}, {"type": "Feature", "properties": {"name": "p3329", "val": 3329}, "geometry": {"type": "Point", "coordinates": [-91, -1]}}, {"type": "Feature", "properties": {"name": "p3330", "val": 3330}, "geometry": {"type": "Point", "coordinates": [-90, 0]}}, {"type": "Feature", "properties": {"name": "p3331", "val": 3331}, "geometry": {"type": "Point", "coordinates": [-89, 1]}}, {"type": "Feature", "properties": {"name": "p3332", "val": 3332}, "geometry": {"type": "Point", "coordinates": [-88, 2]}}, {"type": "Feature", "properties": {"name": "p3333", "val": 3333}, "geometry": {"type": "Point", "coordinates": [-87, 3]}}, {"type": "Feature", "properties": {"name": "p3334", "val": 3334}, "geometry": {"type": "Point", "coordinates": [-86, 4]}}, {"type": "Feature", "properties": {"name": "p3335", "val": 3335}, "geometry": {"type": "Point", "coordinates": [-85, 5]}}, {"type": "Feature", "properties": {"name": "p3336", "val": 3336}, "geometry": {"type": "Point", "coordinates": [-84, 6]}}, {"type": "Feature", "properties": {"name": "p3337", "val": 3337}, "geometry": {"type": "Point", "coordinates": [-83, 7]}}, {"type": "Feature", "properties": {"name": "p3338", "val": 3338}, "geometry": {"type": "Point", "coordinates": [-82, 8]}}, {"type": "Feature", "properties": {"name": "p3339", "val": 3339}, "geometry": {"type": "Point", "coordinates": [-81, 9]}}, {"type": "Feature", "properties": {"name": "p3340", "val": 3340}, "geometry": {"type": "Point", "coordinates": [-80, 10]}}, {"type": "Feature", "properties": {"name": "p3341", "val": 3341}, "geometry": {"type": "Point", "coordinates": [-79, 11]}}, {"type": "Feature", "properties": {"name": "p3342", "val": 3342}, "geometry": {"type": "Point", "coordinates": [-78, 12]}}, {"type": "Feature", "properties": {"name": "p3343", "val": 3343}, "geometry": {"type": "Point", "coordinates": [-77, 13]}}, {"type": "Feature", "properties": {"name": "p3344", "val": 3344}, "geometry": {"type": "Point", "coordinates": [-76, 14]}}, {"type": "Feature", "properties": {"name": "p3345", "val": 3345}, "geometry": {"type": "Point", "coordinates": [-75, 15]}}, {"type": "Feature", "properties": {"name": "p3346", "val": 3346}, "geometry": {"type": "Point", "coordinates": [-74, 16]}}, {"type": "Feature", "properties": {"name": "p3347", "val": 3347}, "geometry": {"type": "Point", "coordinates": [-73, 17]}}, {"type": "Feature", "properties": {"name": "p3348", "val": 3348}, "geometry": {"type": "Point", "coordinates": [-72, 18]}}, {"type": "Feature", "properties": {"name": "p3349", "val": 3349}, "geometry": {"type": "Point", "coordinates": [-71, 19]}}, {"type": "Feature", "properties": {"name": "p3350", "val": 3350}, "geometry": {"type": "Point", "coordinates": [-70, 20]}}, {"type": "Feature", "properties": {"name": "p3351", "val": 3351}, "geometry": {"type": "Point", "coordinates": [-69, 21]}}, {"type": "Feature", "properties": {"name": "p3352", "val": 3352}, "geometry": {"type": "Point", "coordinates": [-68, 22]}}, {"type": "Feature", "properties": {"name": "p3353", "val": 3353}, "geometry": {"type": "Point", "coordinates": [-67, 23]}}, {"type": "Feature", "properties": {"name": "p3354", "val": 3354}, "geometry": {"type": "Point", "coordinates": [-66, 24]}}, {"type": "Feature", "properties": {"name": "p3355", "val": 3355}, "geometry": {"type": "Point", "coordinates": [-65, 25]}}, {"type": "Feature", "properties": {"name": "p3356", "val": 3356}, "geometry": {"type": "Point", "coordinates": [-64, 26]}}, {"type": "Feature", "properties": {"name": "p3357", "val": 3357}, "geometry": {"type": "Point", "coordinates": [-63, 27]}}, {"type": "Feature", "properties": {"name": "p3358", "val": 3358}, "geometry": {"type": "Point", "coordinates": [-62, 28]}}, {"type": "Feature", "properties": {"name": "p3359", "val": 3359}, "geometry": {"type": "Point", "coordinates": [-61, 29]}}, {"type": "Feature", "properties": {"name": "p3360", "val": 3360}, "geometry": {"type": "Point", "coordinates": [-60, 30]}}, {"type": "Feature", "properties": {"name": "p3361", "val": 3361}, "geometry": {"type": "Point", "coordinates": [-59, 31]}}, {"type": "Feature", "properties": {"name": "p3362", "val": 3362}, "geometry": {"type": "Point", "coordinates": [-58, 32]}}, {"type": "Feature", "properties": {"name": "p3363", "val": 3363}, "geometry": {"type": "Point", "coordinates": [-57, 33]}}, {"type": "Feature", "properties": {"name": "p3364", "val": 3364}, "geometry": {"type": "Point", "coordinates": [-56, 34]}}, {"type": "Feature", "properties": {"name": "p3365", "val": 3365}, "geometry": {"type": "Point", "coordinates": [-55, 35]}}, {"type": "Feature", "properties": {"name": "p3366", "val": 3366}, "geometry": {"type": "Point", "coordinates": [-54, 36]}}, {"type": "Feature", "properties": {"name": "p3367", "val": 3367}, "geometry": {"type": "Point", "coordinates": [-53, 37]}}, {"type": "Feature", "properties": {"name": "p3368", "val": 3368}, "geometry": {"type": "Point", "coordinates": [-52, 38]}}, {"type": "Feature", "properties": {"name": "p3369", "val": 3369}, "geometry": {"type": "Point", "coordinates": [-51, 39]}}, {"type": "Feature", "properties": {"name": "p3370", "val": 3370}, "geometry": {"type": "Point", "coordinates": [-50, 40]}}, {"type": "Feature", "properties": {"name": "p3371", "val": 3371}, "geometry": {"type": "Point", "coordinates": [-49, 41]}}, {"type": "Feature", "properties": {"name": "p3372", "val": 3372}, "geometry": {"type": "Point", "coordinates": [-48, 42]}}, {"type": "Feature", "properties": {"name": "p3373", "val": 3373}, "geometry": {"type": "Point", "coordinates": [-47, 43]}}, {"type": "Feature", "properties": {"name": "p3374", "val": 3374}, "geometry": {"type": "Point", "coordinates": [-46, 44]}}, {"type": "Feature", "properties": {"name": "p3375", "val": 3375}, "geometry": {"type": "Point", "coordinates": [-45, 45]}}, {"type": "Feature", "properties": {"name": "p3376", "val": 3376}, "geometry": {"type": "Point", "coordinates": [-44, 46]}}, {"type": "Feature", "properties": {"name": "p3377", "val": 3377}, "geometry": {"type": "Point", "coordinates": [-43, 47]}}, {"type": "Feature", "properties": {"name": "p3378", "val": 3378}, "geometry": {"type": "Point", "coordinates": [-42, 48]}}, {"type": "Feature", "properties": {"name": "p3379", "val": 3379}, "geometry": {"type": "Point", "coordinates": [-41, 49]}}, {"type": "Feature", "properties": {"name": "p3380", "val": 3380}, "geometry": {"type": "Point", "coordinates": [-40, 50]}}, {"type": "Feature", "properties": {"name": "p3381", "val": 3381}, "geometry": {"type": "Point", "coordinates": [-39, 51]}}, {"type": "Feature", "properties": {"name": "p3382", "val": 3382}, "geometry": {"type": "Point", "coordinates": [-38, 52]}}, {"type": "Feature", "properties": {"name": "p3383", "val": 3383}, "geometry": {"type": "Point", "coordinates": [-37, 53]}}, {"type": "Feature", "properties": {"name": "p3384", "val": 3384}, "geometry": {"type": "Point", "coordinates": [-36, 54]}}, {"type": "Feature", "properties": {"name": "p3385", "val": 3385}, "geometry": {"type": "Point", "coordinates": [-35, 55]}}, {"type": "Feature", "properties": {"name": "p3386", "val": 3386}, "geometry": {"type": "Point", "coordinates": [-34, 56]}}, {"type": "Feature", "properties": {"name": "p3387", "val": 3387}, "geometry": {"type": "Point", "coordinates": [-33, 57]}}, {"type": "Feature", "properties": {"name": "p3388", "val": 3388}, "geometry": {"type": "Point", "coordinates": [-32, 58]}}, {"type": "Feature", "properties": {"name": "p3389", "val": 3389}, "geometry": {"type": "Point", "coordinates": [-31, 59]}}, {"type": "Feature", "properties": {"name": "p3390", "val": 3390}, "geometry": {"type": "Point", "coordinates": [-30, 60]}}, {"type": "Feature", "properties": {"name": "p3391", "val": 3391}, "geometry": {"type": "Point", "coordinates": [-29, 61]}}, {"type": "Feature", "properties": {"name": "p3392", "val": 3392}, "geometry": {"type": "Point", "coordinates": [-28, 62]}}, {"type": "Feature", "properties": {"name": "p3393", "val": 3393}, "geometry": {"type": "Point", "coordinates": [-27, 63]}}, {"type": "Feature", "properties": {"name": "p3394", "val": 3394}, "geometry": {"type": "Point", "coordinates": [-26, 64]}}, {"type": "Feature", "properties": {"name": "p3395", "val": 3395}, "geometry": {"type": "Point", "coordinates": [-25, 65]}}, {"type": "Feature", "properties": {"name": "p3396", "val": 3396}, "geometry": {"type": "Point", "coordinates": [-24, 66]}}, {"type": "Feature", "properties": {"name": "p3397", "val": 3397}, "geometry": {"type": "Point", "coordinates": [-23, 67]}}, {"type": "Feature", "properties": {"name": "p3398", "val": 3398}, "geometry": {"type": "Point", "coordinates": [-22, 68]}}, {"type": "Feature", "properties": {"name": "p3399", "val": 3399}, "geometry": {"type": "Point", "coordinates": [-21, 69]}}, {"type": "Feature", "properties": {"name": "p3400", "val": 3400}, "geometry": {"type": "Point", "coordinates": [-20, 70]}}, {"type": "Feature", "properties": {"name": "p3401", "val": 3401}, "geometry": {"type": "Point", "coordinates": [-19, 71]}}, {"type": "Feature", "properties": {"name": "p3402", "val": 3402}, "geometry": {"type": "Point", "coordinates": [-18, 72]}}, {"type": "Feature", "properties": {"name": "p3403", "val": 3403}, "geometry": {"type": "Point", "coordinates": [-17, 73]}}, {"type": "Feature", "properties": {"name": "p3404", "val": 3404}, "geometry": {"type": "Point", "coordinates": [-16, 74]}}, {"type": "Feature", "properties": {"name": "p3405", "val": 3405}, "geometry": {"type": "Point", "coordinates": [-15, 75]}}, {"type": "Feature", "properties": {"name": "p3406", "val": 3406}, "geometry": {"type": "Point", "coordinates": [-14, 76]}}, {"type": "Feature", "properties": {"name": "p3407", "val": 3407}, "geometry": {"type": "Point", "coordinates": [-13, 77]}}, {"type": "Feature", "properties": {"name": "p3408", "val": 3408}, "geometry": {"type": "Point", "coordinates": [-12, 78]}}, {"type": "Feature", "properties": {"name": "p3409", "val": 3409}, "geometry": {"type": "Point", "coordinates": [-11, 79]}}, {"type": "Feature", "properties": {"name": "p3410", "val": 3410}, "geometry": {"type": "Point", "coordinates": [-10, 80]}}, {"type": "Feature", "properties": {"name": "p3411", "val": 3411}, "geometry": {"type": "Point", "coordinates": [-9, 81]}}, {"type": "Feature", "properties": {"name": "p3412", "val": 3412}, "geometry": {"type": "Point", "coordinates": [-8, 82]}}, {"type": "Feature", "properties": {"name": "p3413", "val": 3413}, "geometry": {"type": "Point", "coordinates": [-7, 83]}}, {"type": "Feature", "properties": {"name": "p3414", "val": 3414}, "geometry": {"type": "Point", "coordinates": [-6, 84]}}, {"type": "Feature", "properties": {"name": "p3415", "val": 3415}, "geometry": {"type": "Point", "coordinates": [-5, 85]}}, {"type": "Feature", "properties": {"name": "p3416", "val": 3416}, "geometry": {"type": "Point", "coordinates": [-4, 86]}}, {"type": "Feature", "properties": {"name": "p3417", "val": 3417}, "geometry": {"type": "Point", "coordinates": [-3, 87]}}, {"type": "Feature", "properties": {"name": "p3418", "val": 3418}, "geometry": {"type": "Point", "coordinates": [-2, 88]}}, {"type": "Feature", "properties": {"name": "p3419", "val": 3419}, "geometry": {"type": "Point", "coordinates": [-1, 89]}}, {"type": "Feature", "properties": {"name": "p3420", "val": 3420}, "geometry": {"type": "Point", "coordinates": [0, -90]}}, {"type": "Feature", "properties": {"name": "p3421", "val": 3421}, "geometry": {"type": "Point", "coordinates": [1, -89]}}, {"type": "Feature", "properties": {"name": "p3422", "val": 3422}, "geometry": {"type": "Point", "coordinates": [2, -88]}}, {"type": "Feature", "properties": {"name": "p3423", "val": 3423}, "geometry": {"type": "Point", "coordinates": [3, -87]}}, {"type": "Feature", "properties": {"name": "p3424", "val": 3424}, "geometry": {"type": "Point", "coordinates": [4, -86]}}, {"type": "Feature", "properties": {"name": "p3425", "val": 3425}, "geometry": {"type": "Point", "coordinates": [5, -85]}}, {"type": "Feature", "properties": {"name": "p3426", "val": 3426}, "geometry": {"type": "Point", "coordinates": [6, -84]}}, {"type": "Feature", "properties": {"name": "p3427", "val": 3427}, "geometry": {"type": "Point", "coordinates": [7, -83]}}, {"type": "Feature", "properties": {"name": "p3428", "val": 3428}, "geometry": {"type": "Point", "coordinates": [8, -82]}}, {"type": "Feature", "properties": {"name": "p3429", "val": 3429}, "geometry": {"type": "Point", "coordinates": [9, -81]}}, {"type": "Feature", "properties": {"name": "p3430", "val": 3430}, "geometry": {"type": "Point", "coordinates": [10, -80]}}, {"type": "Feature", "properties": {"name": "p3431", "val": 3431}, "geometry": {"type": "Point", "coordinates": [11, -79]}}, {"type": "Feature", "properties": {"name": "p3432", "val": 3432}, "geometry": {"type": "Point", "coordinates": [12, -78]}}, {"type": "Feature", "properties": {"name": "p3433", "val": 3433}, "geometry": {"type": "Point", "coordinates": [13, -77]}}, {"type": "Feature", "properties": {"name": "p3434", "val": 3434}, "geometry": {"type": "Point", "coordinates": [14, -76]}}, {"type": "Feature", "properties": {"name": "p3435", "val": 3435}, "geometry": {"type": "Point", "coordinates": [15, -75]}}, {"type": "Feature", "properties": {"name": "p3436", "val": 3436}, "geometry": {"type": "Point", "coordinates": [16, -74]}}, {"type": "Feature", "properties": {"name": "p3437", "val": 3437}, "geometry": {"type": "Point", "coordinates": [17, -73]}}, {"type": "Feature", "properties": {"name": "p3438", "val": 3438}, "geometry": {"type": "Point", "coordinates": [18, -72]}}, {"type": "Feature", "properties": {"name": "p3439", "val": 3439}, "geometry": {"type": "Point", "coordinates": [19, -71]}}, {"type": "Feature", "properties": {"name": "p3440", "val": 3440}, "geometry": {"type": "Point", "coordinates": [20, -70]}}, {"type": "Feature", "properties": {"name": "p3441", "val": 3441}, "geometry": {"type": "Point", "coordinates": [21, -69]}}, {"type": "Feature", "properties": {"name": "p3442", "val": 3442}, "geometry": {"type": "Point", "coordinates": [22, -68]}}, {"type": "Feature", "properties": {"name": "p3443", "val": 3443}, "geometry": {"type": "Point", "coordinates": [23, -67]}}, {"type": "Feature", "properties": {"name": "p3444", "val": 3444}, "geometry": {"type": "Point", "coordinates": [24, -66]}}, {"type": "Feature", "properties": {"name": "p3445", "val": 3445}, "geometry": {"type": "Point", "coordinates": [25, -65]}}, {"type": "Feature", "properties": {"name": "p3446", "val": 3446}, "geometry": {"type": "Point", "coordinates": [26, -64]}}, {"type": "Feature", "properties": {"name": "p3447", "val": 3447}, "geometry": {"type": "Point", "coordinates": [27, -63]}}, {"type": "Feature", "properties": {"name": "p3448", "val": 3448}, "geometry": {"type": "Point", "coordinates": [28, -62]}}, {"type": "Feature", "properties": {"name": "p3449", "val": 3449}, "geometry": {"type": "Point", "coordinates": [29, -61]}}, {"type": "Feature", "properties": {"name": "p3450", "val": 3450}, "geometry": {"type": "Point", "coordinates": [30, -60]}}, {"type": "Feature", "properties": {"name": "p3451", "val": 3451}, "geometry": {"type": "Point", "coordinates": [31, -59]}}, {"type": "Feature", "properties": {"name": "p3452", "val": 3452}, "geometry": {"type": "Point", "coordinates": [32, -58]}}, {"type": "Feature", "properties": {"name": "p3453", "val": 3453}, "geometry": {"type": "Point", "coordinates": [33, -57]}}, {"type": "Feature", "properties": {"name": "p3454", "val": 3454}, "geometry": {"type": "Point", "coordinates": [34, -56]}}, {"type": "Feature", "properties": {"name": "p3455", "val": 3455}, "geometry": {"type": "Point", "coordinates": [35, -55]}}, {"type": "Feature", "properties": {"name": "p3456", "val": 3456}, "geometry": {"type": "Point", "coordinates": [36, -54]}}, {"type": "Feature", "properties": {"name": "p3457", "val": 3457}, "geometry": {"type": "Point", "coordinates": [37, -53]}}, {"type": "Feature", "properties": {"name": "p3458", "val": 3458}, "geometry": {"type": "Point", "coordinates": [38, -52]}}, {"type": "Feature", "properties": {"name": "p3459", "val": 3459}, "geometry": {"type": "Point", "coordinates": [39, -51]}}, {"type": "Feature", "properties": {"name": "p3460", "val": 3460}, "geometry": {"type": "Point", "coordinates": [40, -50]}}, {"type": "Feature", "properties": {"name": "p3461", "val": 3461}, "geometry": {"type": "Point", "coordinates": [41, -49]}}, {"type": "Feature", "properties": {"name": "p3462", "val": 3462}, "geometry": {"type": "Point", "coordinates": [42, -48]}}, {"type": "Feature", "properties": {"name": "p3463", "val": 3463}, "geometry": {"type": "Point", "coordinates": [43, -47]}}, {"type": "Feature", "properties": {"name": "p3464", "val": 3464}, "geometry": {"type": "Point", "coordinates": [44, -46]}}, {"type": "Feature", "properties": {"name": "p3465", "val": 3465}, "geometry": {"type": "Point", "coordinates": [45, -45]}}, {"type": "Feature", "properties": {"name": "p3466", "val": 3466}, "geometry": {"type": "Point", "coordinates": [46, -44]}}, {"type": "Feature", "properties": {"name": "p3467", "val": 3467}, "geometry": {"type": "Point", "coordinates": [47, -43]}}, {"type": "Feature", "properties": {"name": "p3468", "val": 3468}, "geometry": {"type": "Point", "coordinates": [48, -42]}}, {"type": "Feature", "properties": {"name": "p3469", "val": 3469}, "geometry": {"type": "Point", "coordinates": [49, -41]}}, {"type": "Feature", "properties": {"name": "p3470", "val": 3470}, "geometry": {"type": "Point", "coordinates": [50, -40]}}, {"type": "Feature", "properties": {"name": "p3471", "val": 3471}, "geometry": {"type": "Point", "coordinates": [51, -39]}}, {"type": "Feature", "properties": {"name": "p3472", "val": 3472}, "geometry": {"type": "Point", "coordinates": [52, -38]}}, {"type": "Feature", "properties": {"name": "p3473", "val": 3473}, "geometry": {"type": "Point", "coordinates": [53, -37]}}, {"type": "Feature", "properties": {"name": "p3474", "val": 3474}, "geometry": {"type": "Point", "coordinates": [54, -36]}}, {"type": "Feature", "properties": {"name": "p3475", "val": 3475}, "geometry": {"type": "Point", "coordinates": [55, -35]}}, {"type": "Feature", "properties": {"name": "p3476", "val": 3476}, "geometry": {"type": "Point", "coordinates": [56, -34]}}, {"type": "Feature", "properties": {"name": "p3477", "val": 3477}, "geometry": {"type": "Point", "coordinates": [57, -33]}}, {"type": "Feature", "properties": {"name": "p3478", "val": 3478}, "geometry": {"type": "Point", "coordinates": [58, -32]}}, {"type": "Feature", "properties": {"name": "p3479", "val": 3479}, "geometry": {"type": "Point", "coordinates": [59, -31]}}, {"type": "Feature", "properties": {"name": "p3480", "val": 3480}, "geometry": {"type": "Point", "coordinates": [60, -30]}}, {"type": "Feature", "properties": {"name": "p3481", "val": 3481}, "geometry": {"type": "Point", "coordinates": [61, -29]}}, {"type": "Feature", "properties": {"name": "p3482", "val": 3482}, "geometry": {"type": "Point", "coordinates": [62, -28]}}, {"type": "Feature", "properties": {"name": "p3483", "val": 3483}, "geometry": {"type": "Point", "coordinates": [63, -27]}}, {"type": "Feature", "properties": {"name": "p3484", "val": 3484}, "geometry": {"type": "Point", "coordinates": [64, -26]}}, {"type": "Feature", "properties": {"name": "p3485", "val": 3485}, "geometry": {"type": "Point", "coordinates": [65, -25]}}, {"type": "Feature", "properties": {"name": "p3486", "val": 3486}, "geometry": {"type": "Point", "coordinates": [66, -24]}}, {"type": "Feature", "properties": {"name": "p3487", "val": 3487}, "geometry": {"type": "Point", "coordinates": [67, -23]}}, {"type": "Feature", "properties": {"name": "p3488", "val": 3488}, "geometry": {"type": "Point", "coordinates": [68, -22]}}, {"type": "Feature", "properties": {"name": "p3489", "val": 3489}, "geometry": {"type": "Point", "coordinates": [69, -21]}}, {"type": "Feature", "properties": {"name": "p3490", "val": 3490}, "geometry": {"type": "Point", "coordinates": [70, -20]}}, {"type": "Feature", "properties": {"name": "p3491", "val": 3491}, "geometry": {"type": "Point", "coordinates": [71, -19]}}, {"type": "Feature", "properties": {"name": "p3492", "val": 3492}, "geometry": {"type": "Point", "coordinates": [72, -18]}}, {"type": "Feature", "properties": {"name": "p3493", "val": 3493}, "geometry": {"type": "Point", "coordinates": [73, -17]}}, {"type": "Feature", "properties": {"name": "p3494", "val": 3494}, "geometry": {"type": "Point", "coordinates": [74, -16]}}, {"type": "Feature", "properties": {"name": "p3495", "val": 3495}, "geometry": {"type": "Point", "coordinates": [75, -15]}}, {"type": "Feature", "properties": {"name": "p3496", "val": 3496}, "geometry": {"type": "Point", "coordinates": [76, -14]}}, {"type": "Feature", "properties": {"name": "p3497", "val": 3497}, "geometry": {"type": "Point", "coordinates": [77, -13]}}, {"type": "Feature", "properties": {"name": "p3498", "val": 3498}, "geometry": {"type": "Point", "coordinates": [78, -12]}}, {"type": "Feature", "properties": {"name": "p3499", "val": 3499}, "geometry": {"type": "Point", "coordinates": [79, -11]}}, {"type": "Feature", "properties": {"name": "p3500", "val": 3500}, "geometry": {"type": "Point", "coordinates": [80, -10]}}, {"type": "Feature", "properties": {"name": "p3501", "val": 3501}, "geometry": {"type": "Point", "coordinates": [81, -9]}}, {"type": "Feature", "properties": {"name": "p3502", "val": 3502}, "geometry": {"type": "Point", "coordinates": [82, -8]}}, {"type": "Feature", "properties": {"name": "p3503", "val": 3503}, "geometry": {"type": "Point", "coordinates": [83, -7]}}, {"type": "Feature", "properties": {"name": "p3504", "val": 3504}, "geometry": {"type": "Point", "coordinates": [84, -6]}}, {"type": "Feature", "properties": {"name": "p3505", "val": 3505}, "geometry": {"type": "Point", "coordinates": [85, -5]}}, {"type": "Feature", "properties": {"name": "p3506", "val": 3506}, "geometry": {"type": "Point", "coordinates": [86, -4]}}, {"type": "Feature", "properties": {"name": "p3507", "val": 3507}, "geometry": {"type": "Point", "coordinates": [87, -3]}}, {"type": "Feature", "properties": {"name": "p3508", "val": 3508}, "geometry": {"type": "Point", "coordinates": [88, -2]}}, {"type": "Feature", "properties": {"name": "p3509", "val": 3509}, "geometry": {"type": "Point", "coordinates": [89, -1]}}, {"type": "Feature", "properties": {"name": "p3510", "val": 3510}, "geometry": {"type": "Point", "coordinates": [90, 0]}}, {"type": "Feature", "properties": {"name": "p3511", "val": 3511}, "geometry": {"type": "Point", "coordinates": [91, 1]}}, {"type": "Feature", "properties": {"name": "p3512", "val": 3512}, "geometry": {"type": "Point", "coordinates": [92, 2]}}, {"type": "Feature", "properties": {"name": "p3513", "val": 3513}, "geometry": {"type": "Point", "coordinates": [93, 3]}}, {"type": "Feature", "properties": {"name": "p3514", "val": 3514}, "geometry": {"type": "Point", "coordinates": [94, 4]}}, {"type": "Feature", "properties": {"name": "p3515", "val": 3515}, "geometry": {"type": "Point", "coordinates": [95, 5]}}, {"type": "Feature", "properties": {"name": "p3516", "val": 3516}, "geometry": {"type": "Point", "coordinates": [96, 6]}}, {"type": "Feature", "properties": {"name": "p3517", "val": 3517}, "geometry": {"type": "Point", "coordinates": [97, 7]}}, {"type": "Feature", "properties": {"name": "p3518", "val": 3518}, "geometry": {"type": "Point", "coordinates": [98, 8]}}, {"type": "Feature", "properties": {"name": "p3519", "val": 3519}, "geometry": {"type": "Point", "coordinates": [99, 9]}}, {"type": "Feature", "properties": {"name": "p3520", "val": 3520}, "geometry": {"type": "Point", "coordinates": [100, 10]}}, {"type": "Feature", "properties": {"name": "p3521", "val": 3521}, "geometry": {"type": "Point", "coordinates": [101, 11]}}, {"type": "Feature", "properties": {"name": "p3522", "val": 3522}, "geometry": {"type": "Point", "coordinates": [102, 12]}}, {"type": "Feature", "properties": {"name": "p3523", "val": 3523}, "geometry": {"type": "Point", "coordinates": [103, 13]}}, {"type": "Feature", "properties": {"name": "p3524", "val": 3524}, "geometry": {"type": "Point", "coordinates": [104, 14]}}, {"type": "Feature", "properties": {"name": "p3525", "val": 3525}, "geometry": {"type": "Point", "coordinates": [105, 15]}}, {"type": "Feature", "properties": {"name": "p3526", "val": 3526}, "geometry": {"type": "Point", "coordinates": [106, 16]}}, {"type": "Feature", "properties": {"name": "p3527", "val": 3527}, "geometry": {"type": "Point", "coordinates": [107, 17]}}, {"type": "Feature", "properties": {"name": "p3528", "val": 3528}, "geometry": {"type": "Point", "coordinates": [108, 18]}}, {"type": "Feature", "properties": {"name": "p3529", "val": 3529}, "geometry": {"type": "Point", "coordinates": [109, 19]}}, {"type": "Feature", "properties": {"name": "p3530", "val": 3530}, "geometry": {"type": "Point", "coordinates": [110, 20]}}, {"type": "Feature", "properties": {"name": "p3531", "val": 3531}, "geometry": {"type": "Point", "coordinates": [111, 21]}}, {"type": "Feature", "properties": {"name": "p3532", "val": 3532}, "geometry": {"type": "Point", "coordinates": [112, 22]}}, {"type": "Feature", "properties": {"name": "p3533", "val": 3533}, "geometry": {"type": "Point", "coordinates": [113, 23]}}, {"type": "Feature", "properties": {"name": "p3534", "val": 3534}, "geometry": {"type": "Point", "coordinates": [114, 24]}}, {"type": "Feature", "properties": {"name": "p3535", "val": 3535}, "geometry": {"type": "Point", "coordinates": [115, 25]}}, {"type": "Feature", "properties": {"name": "p3536", "val": 3536}, "geometry": {"type": "Point", "coordinates": [116, 26]}}, {"type": "Feature", "properties": {"name": "p3537", "val": 3537}, "geometry": {"type": "Point", "coordinates": [117, 27]}}, {"type": "Feature", "properties": {"name": "p3538", "val": 3538}, "geometry": {"type": "Point", "coordinates": [118, 28]}}, {"type": "Feature", "properties": {"name": "p3539", "val": 3539}, "geometry": {"type": "Point", "coordinates": [119, 29]}}, {"type": "Feature", "properties": {"name": "p3540", "val": 3540}, "geometry": {"type": "Point", "coordinates": [120, 30]}}, {"type": "Feature", "properties": {"name": "p3541", "val": 3541}, "geometry": {"type": "Point", "coordinates": [121, 31]}}, {"type": "Feature", "properties": {"name": "p3542", "val": 3542}, "geometry": {"type": "Point", "coordinates": [122, 32]}}, {"type": "Feature", "properties": {"name": "p3543", "val": 3543}, "geometry": {"type": "Point", "coordinates": [123, 33]}}, {"type": "Feature", "properties": {"name": "p3544", "val": 3544}, "geometry": {"type": "Point", "coordinates": [124, 34]}}, {"type": "Feature", "properties": {"name": "p3545", "val": 3545}, "geometry": {"type": "Point", "coordinates": [125, 35]}}, {"type": "Feature", "properties": {"name": "p3546", "val": 3546}, "geometry": {"type": "Point", "coordinates": [126, 36]}}, {"type": "Feature", "properties": {"name": "p3547", "val": 3547}, "geometry": {"type": "Point", "coordinates": [127, 37]}}, {"type": "Feature", "properties": {"name": "p3548", "val": 3548}, "geometry": {"type": "Point", "coordinates": [128, 38]}}, {"type": "Feature", "properties": {"name": "p3549", "val": 3549}, "geometry": {"type": "Point", "coordinates": [129, 39]}}, {"type": "Feature", "properties": {"name": "p3550", "val": 3550}, "geometry": {"type": "Point", "coordinates": [130, 40]}}, {"type": "Feature", "properties": {"name": "p3551", "val": 3551}, "geometry": {"type": "Point", "coordinates": [131, 41]}}, {"type": "Feature", "properties": {"name": "p3552", "val": 3552}, "geometry": {"type": "Point", "coordinates": [132, 42]}}, {"type": "Feature", "properties": {"name": "p3553", "val": 3553}, "geometry": {"type": "Point", "coordinates": [133, 43]}}, {"type": "Feature", "properties": {"name": "p3554", "val": 3554}, "geometry": {"type": "Point", "coordinates": [134, 44]}}, {"type": "Feature", "properties": {"name": "p3555", "val": 3555}, "geometry": {"type": "Point", "coordinates": [135, 45]}}, {"type": "Feature", "properties": {"name": "p3556", "val": 3556}, "geometry": {"type": "Point", "coordinates": [136, 46]}}, {"type": "Feature", "properties": {"name": "p3557", "val": 3557}, "geometry": {"type": "Point", "coordinates": [137, 47]}}, {"type": "Feature", "properties": {"name": "p3558", "val": 3558}, "geometry": {"type": "Point", "coordinates": [138, 48]}}, {"type": "Feature", "properties": {"name": "p3559", "val": 3559}, "geometry": {"type": "Point", "coordinates": [139, 49]}}, {"type": "Feature", "properties": {"name": "p3560", "val": 3560}, "geometry": {"type": "Point", "coordinates": [140, 50]}}, {"type": "Feature", "properties": {"name": "p3561", "val": 3561}, "geometry": {"type": "Point", "coordinates": [141, 51]}}, {"type": "Feature", "properties": {"name": "p3562", "val": 3562}, "geometry": {"type": "Point", "coordinates": [142, 52]}}, {"type": "Feature", "properties": {"name": "p3563", "val": 3563}, "geometry": {"type": "Point", "coordinates": [143, 53]}}, {"type": "Feature", "properties": {"name": "p3564", "val": 3564}, "geometry": {"type": "Point", "coordinates": [144, 54]}}, {"type": "Feature", "properties": {"name": "p3565", "val": 3565}, "geometry": {"type": "Point", "coordinates": [145, 55]}}, {"type": "Feature", "properties": {"name": "p3566", "val": 3566}, "geometry": {"type": "Point", "coordinates": [146, 56]}}, {"type": "Feature", "properties": {"name": "p3567", "val": 3567}, "geometry": {"type": "Point", "coordinates": [147, 57]}}, {"type": "Feature", "properties": {"name": "p3568", "val": 3568}, "geometry": {"type": "Point", "coordinates": [148, 58]}}, {"type": "Feature", "properties": {"name": "p3569", "val": 3569}, "geometry": {"type": "Point", "coordinates": [149, 59]}}, {"type": "Feature", "properties": {"name": "p3570", "val": 3570}, "geometry": {"type": "Point", "coordinates": [150, 60]}}, {"type": "Feature", "properties": {"name": "p3571", "val": 3571}, "geometry": {"type": "Point", "coordinates": [151, 61]}}, {"type": "Feature", "properties": {"name": "p3572", "val": 3572}, "geometry": {"type": "Point", "coordinates": [152, 62]}}, {"type": "Feature", "properties": {"name": "p3573", "val": 3573}, "geometry": {"type": "Point", "coordinates": [153, 63]}}, {"type": "Feature", "properties": {"name": "p3574", "val": 3574}, "geometry": {"type": "Point", "coordinates": [154, 64]}}, {"type": "Feature", "properties": {"name": "p3575", "val": 3575}, "geometry": {"type": "Point", "coordinates": [155, 65]}}, {"type": "Feature", "properties": {"name": "p3576", "val": 3576}, "geometry": {"type": "Point", "coordinates": [156, 66]}}, {"type": "Feature", "properties": {"name": "p3577", "val": 3577}, "geometry": {"type": "Point", "coordinates": [157, 67]}}, {"type": "Feature", "properties": {"name": "p3578", "val": 3578}, "geometry": {"type": "Point", "coordinates": [158, 68]}}, {"type": "Feature", "properties": {"name": "p3579", "val": 3579}, "geometry": {"type": "Point", "coordinates": [159, 69]}}, {"type": "Feature", "properties": {"name": "p3580", "val": 3580}, "geometry": {"type": "Point", "coordinates": [160, 70]}}, {"type": "Feature", "properties": {"name": "p3581", "val": 3581}, "geometry": {"type": "Point", "coordinates": [161, 71]}}, {"type": "Feature", "properties": {"name": "p3582", "val": 3582}, "geometry": {"type": "Point", "coordinates": [162, 72]}}, {"type": "Feature", "properties": {"name": "p3583", "val": 3583}, "geometry": {"type": "Point", "coordinates": [163, 73]}}, {"type": "Feature", "properties": {"name": "p3584", "val": 3584}, "geometry": {"type": "Point", "coordinates": [164, 74]}}, {"type": "Feature", "properties": {"name": "p3585", "val": 3585}, "geometry": {"type": "Point", "coordinates": [165, 75]}}, {"type": "Feature", "properties": {"name": "p3586", "val": 3586}, "geometry": {"type": "Point", "coordinates": [166, 76]}}, {"type": "Feature", "properties": {"name": "p3587", "val": 3587}, "geometry": {"type": "Point", "coordinates": [167, 77]}}, {"type": "Feature", "properties": {"name": "p3588", "val": 3588}, "geometry": {"type": "Point", "coordinates": [168, 78]}}, {"type": "Feature", "properties": {"name": "p3589", "val": 3589}, "geometry": {"type": "Point", "coordinates": [169, 79]}}, {"type": "Feature", "properties": {"name": "p3590", "val": 3590}, "geometry": {"type": "Point", "coordinates": [170, 80]}}, {"type": "Feature", "properties": {"name": "p3591", "val": 3591}, "geometry": {"type": "Point", "coordinates": [171, 81]}}, {"type": "Feature", "properties": {"name": "p3592", "val": 3592}, "geometry": {"type": "Point", "coordinates": [172, 82]}}, {"type": "Feature", "properties": {"name": "p3593", "val": 3593}, "geometry": {"type": "Point", "coordinates": [173, 83]}}, {"type": "Feature", "properties": {"name": "p3594", "val": 3594}, "geometry": {"type": "Point", "coordinates": [174, 84]}}, {"type": "Feature", "properties": {"name": "p3595", "val": 3595}, "geometry": {"type": "Point", "coordinates": [175, 85]}}, {"type": "Feature", "properties": {"name": "p3596", "val": 3596}, "geometry": {"type": "Point", "coordinates": [176, 86]}}, {"type": "Feature", "properties": {"name": "p3597", "val": 3597}, "geometry": {"type": "Point", "coordinates": [177, 87]}}, {"type": "Feature", "properties": {"name": "p3598", "val": 3598}, "geometry": {"type": "Point", "coordinates": [178, 88]}}, {"type": "Feature", "properties": {"name": "p3599", "val": 3599}, "geometry": {"type": "Point", "coordinates": [179, 89]}}, {"type": "Feature", "properties": {"name": "p3600", "val": 3600}, "geometry": {"type": "Point", "coordinates": [-180, -90]}}, {"type": "Feature", "properties": {"name": "p3601", "val": 3601}, "geometry": {"type": "Point", "coordinates": [-179, -89]}}, {"type": "Feature", "properties": {"name": "p3602", "val": 3602}, "geometry": {"type": "Point", "coordinates": [-178, -88]}}, {"type": "Feature", "properties": {"name": "p3603", "val": 3603}, "geometry": {"type": "Point", "coordinates": [-177, -87]}}, {"type": "Feature", "properties": {"name": "p3604", "val": 3604}, "geometry": {"type": "Point", "coordinates": [-176, -86]}}, {"type": "Feature", "properties": {"name": "p3605", "val": 3605}, "geometry": {"type": "Point", "coordinates": [-175, -85]}}, {"type": "Feature", "properties": {"name": "p3606", "val": 3606}, "geometry": {"type": "Point", "coordinates": [-174, -84]}}, {"type": "Feature", "properties": {"name": "p3607", "val": 3607}, "geometry": {"type": "Point", "coordinates": [-173, -83]}}, {"type": "Feature", "properties": {"name": "p3608", "val": 3608}, "geometry": {"type": "Point", "coordinates": [-172, -82]}}, {"type": "Feature", "properties": {"name": "p3609", "val": 3609}, "geometry": {"type": "Point", "coordinates": [-171, -81]}}, {"type": "Feature", "properties": {"name": "p3610", "val": 3610}, "geometry": {"type": "Point", "coordinates": [-170, -80]}}, {"type": "Feature", "properties": {"name": "p3611", "val": 3611}, "geometry": {"type": "Point", "coordinates": [-169, -79]}}, {"type": "Feature", "properties": {"name": "p3612", "val": 3612}, "geometry": {"type": "Point", "coordinates": [-168, -78]}}, {"type": "Feature", "properties": {"name": "p3613", "val": 3613}, "geometry": {"type": "Point", "coordinates": [-167, -77]}}, {"type": "Feature", "properties": {"name": "p3614", "val": 3614}, "geometry": {"type": "Point", "coordinates": [-166, -76]}}, {"type": "Feature", "properties": {"name": "p3615", "val": 3615}, "geometry": {"type": "Point", "coordinates": [-165, -75]}}, {"type": "Feature", "properties": {"name": "p3616", "val": 3616}, "geometry": {"type": "Point", "coordinates": [-164, -74]}}, {"type": "Feature", "properties": {"name": "p3617", "val": 3617}, "geometry": {"type": "Point", "coordinates": [-163, -73]}}, {"type": "Feature", "properties": {"name": "p3618", "val": 3618}, "geometry": {"type": "Point", "coordinates": [-162, -72]}}, {"type": "Feature", "properties": {"name": "p3619", "val": 3619}, "geometry": {"type": "Point", "coordinates": [-161, -71]}}, {"type": "Feature", "properties": {"name": "p3620", "val": 3620}, "geometry": {"type": "Point", "coordinates": [-160, -70]}}, {"type": "Feature", "properties": {"name": "p3621", "val": 3621}, "geometry": {"type": "Point", "coordinates": [-159, -69]}}, {"type": "Feature", "properties": {"name": "p3622", "val": 3622}, "geometry": {"type": "Point", "coordinates": [-158, -68]}}, {"type": "Feature", "properties": {"name": "p3623", "val": 3623}, "geometry": {"type": "Point", "coordinates": [-157, -67]}}, {"type": "Feature", "properties": {"name": "p3624", "val": 3624}, "geometry": {"type": "Point", "coordinates": [-156, -66]}}, {"type": "Feature", "properties": {"name": "p3625", "val": 3625}, "geometry": {"type": "Point", "coordinates": [-155, -65]}}, {"type": "Feature", "properties": {"name": "p3626", "val": 3626}, "geometry": {"type": "Point", "coordinates": [-154, -64]}}, {"type": "Feature", "properties": {"name": "p3627", "val": 3627}, "geometry": {"type": "Point", "coordinates": [-153, -63]}}, {"type": "Feature", "properties": {"name": "p3628", "val": 3628}, "geometry": {"type": "Point", "coordinates": [-152, -62]}}, {"type": "Feature", "properties": {"name": "p3629", "val": 3629}, "geometry": {"type": "Point", "coordinates": [-151, -61]}}, {"type": "Feature", "properties": {"name": "p3630", "val": 3630}, "geometry": {"type": "Point", "coordinates": [-150, -60]}}, {"type": "Feature", "properties": {"name": "p3631", "val": 3631}, "geometry": {"type": "Point", "coordinates": [-149, -59]}}, {"type": "Feature", "properties": {"name": "p3632", "val": 3632}, "geometry": {"type": "Point", "coordinates": [-148, -58]}}, {"type": "Feature", "properties": {"name": "p3633", "val": 3633}, "geometry": {"type": "Point", "coordinates": [-147, -57]}}, {"type": "Feature", "properties": {"name": "p3634", "val": 3634}, "geometry": {"type": "Point", "coordinates": [-146, -56]}}, {"type": "Feature", "properties": {"name": "p3635", "val": 3635}, "geometry": {"type": "Point", "coordinates": [-145, -55]}}, {"type": "Feature", "properties": {"name": "p3636", "val": 3636}, "geometry": {"type": "Point", "coordinates": [-144, -54]}}, {"type": "Feature", "properties": {"name": "p3637", "val": 3637}, "geometry": {"type": "Point", "coordinates": [-143, -53]}}, {"type": "Feature", "properties": {"name": "p3638", "val": 3638}, "geometry": {"type": "Point", "coordinates": [-142, -52]}}, {"type": "Feature", "properties": {"name": "p3639", "val": 3639}, "geometry": {"type": "Point", "coordinates": [-141, -51]}}, {"type": "Feature", "properties": {"name": "p3640", "val": 3640}, "geometry": {"type": "Point", "coordinates": [-140, -50]}}, {"type": "Feature", "properties": {"name": "p3641", "val": 3641}, "geometry": {"type": "Point", "coordinates": [-139, -49]}}, {"type": "Feature", "properties": {"name": "p3642", "val": 3642}, "geometry": {"type": "Point", "coordinates": [-138, -48]}}, {"type": "Feature", "properties": {"name": "p3643", "val": 3643}, "geometry": {"type": "Point", "coordinates": [-137, -47]}}, {"type": "Feature", "properties": {"name": "p3644", "val": 3644}, "geometry": {"type": "Point", "coordinates": [-136, -46]}}, {"type": "Feature", "properties": {"name": "p3645", "val": 3645}, "geometry": {"type": "Point", "coordinates": [-135, -45]}}, {"type": "Feature", "properties": {"name": "p3646", "val": 3646}, "geometry": {"type": "Point", "coordinates": [-134, -44]}}, {"type": "Feature", "properties": {"name": "p3647", "val": 3647}, "geometry": {"type": "Point", "coordinates": [-133, -43]}}, {"type": "Feature", "properties": {"name": "p3648", "val": 3648}, "geometry": {"type": "Point", "coordinates": [-132, -42]}}, {"type": "Feature", "properties": {"name": "p3649", "val": 3649}, "geometry": {"type": "Point", "coordinates": [-131, -41]}}, {"type": "Feature", "properties": {"name": "p3650", "val": 3650}, "geometry": {"type": "Point", "coordinates": [-130, -40]}}, {"type": "Feature", "properties": {"name": "p3651", "val": 3651}, "geometry": {"type": "Point", "coordinates": [-129, -39]}}, {"type": "Feature", "properties": {"name": "p3652", "val": 3652}, "geometry": {"type": "Point", "coordinates": [-128, -38]}}, {"type": "Feature", "properties": {"name": "p3653", "val": 3653}, "geometry": {"type": "Point", "coordinates": [-127, -37]}}, {"type": "Feature", "properties": {"name": "p3654", "val": 3654}, "geometry": {"type": "Point", "coordinates": [-126, -36]}}, {"type": "Feature", "properties": {"name": "p3655", "val": 3655}, "geometry": {"type": "Point", "coordinates": [-125, -35]}}, {"type": "Feature", "properties": {"name": "p3656", "val": 3656}, "geometry": {"type": "Point", "coordinates": [-124, -34]}}, {"type": "Feature", "properties": {"name": "p3657", "val": 3657}, "geometry": {"type": "Point", "coordinates": [-123, -33]}}, {"type": "Feature", "properties": {"name": "p3658", "val": 3658}, "geometry": {"type": "Point", "coordinates": [-122, -32]}}, {"type": "Feature", "properties": {"name": "p3659", "val": 3659}, "geometry": {"type": "Point", "coordinates": [-121, -31]}}, {"type": "Feature", "properties": {"name": "p3660", "val": 3660}, "geometry": {"type": "Point", "coordinates": [-120, -30]}}, {"type": "Feature", "properties": {"name": "p3661", "val": 3661}, "geometry": {"type": "Point", "coordinates": [-119, -29]}}, {"type": "Feature", "properties": {"name": "p3662", "val": 3662}, "geometry": {"type": "Point", "coordinates": [-118, -28]}}, {"type": "Feature", "properties": {"name": "p3663", "val": 3663}, "geometry": {"type": "Point", "coordinates": [-117, -27]}}, {"type": "Feature", "properties": {"name": "p3664", "val": 3664}, "geometry": {"type": "Point", "coordinates": [-116, -26]}}, {"type": "Feature", "properties": {"name": "p3665", "val": 3665}, "geometry": {"type": "Point", "coordinates": [-115, -25]}}, {"type": "Feature", "properties": {"name": "p3666", "val": 3666}, "geometry": {"type": "Point", "coordinates": [-114, -24]}}, {"type": "Feature", "properties": {"name": "p3667", "val": 3667}, "geometry": {"type": "Point", "coordinates": [-113, -23]}}, {"type": "Feature", "properties": {"name": "p3668", "val": 3668}, "geometry": {"type": "Point", "coordinates": [-112, -22]}}, {"type": "Feature", "properties": {"name": "p3669", "val": 3669}, "geometry": {"type": "Point", "coordinates": [-111, -21]}}, {"type": "Feature", "properties": {"name": "p3670", "val": 3670}, "geometry": {"type": "Point", "coordinates": [-110, -20]}}, {"type": "Feature", "properties": {"name": "p3671", "val": 3671}, "geometry": {"type": "Point", "coordinates": [-109, -19]}}, {"type": "Feature", "properties": {"name": "p3672", "val": 3672}, "geometry": {"type": "Point", "coordinates": [-108, -18]}}, {"type": "Feature", "properties": {"name": "p3673", "val": 3673}, "geometry": {"type": "Point", "coordinates": [-107, -17]}}, {"type": "Feature", "properties": {"name": "p3674", "val": 3674}, "geometry": {"type": "Point", "coordinates": [-106, -16]}}, {"type": "Feature", "properties": {"name": "p3675", "val": 3675}, "geometry": {"type": "Point", "coordinates": [-105, -15]}}, {"type": "Feature", "properties": {"name": "p3676", "val": 3676}, "geometry": {"type": "Point", "coordinates": [-104, -14]}}, {"type": "Feature", "properties": {"name": "p3677", "val": 3677}, "geometry": {"type": "Point", "coordinates": [-103, -13]}}, {"type": "Feature", "properties": {"name": "p3678", "val": 3678}, "geometry": {"type": "Point", "coordinates": [-102, -12]}}, {"type": "Feature", "properties": {"name": "p3679", "val": 3679}, "geometry": {"type": "Point", "coordinates": [-101, -11]}}, {"type": "Feature", "properties": {"name": "p3680", "val": 3680}, "geometry": {"type": "Point", "coordinates": [-100, -10]}}, {"type": "Feature", "properties": {"name": "p3681", "val": 3681}, "geometry": {"type": "Point", "coordinates": [-99, -9]}}, {"type": "Feature", "properties": {"name": "p3682", "val": 3682}, "geometry": {"type": "Point", "coordinates": [-98, -8]}}, {"type": "Feature", "properties": {"name": "p3683", "val": 3683}, "geometry": {"type": "Point", "coordinates": [-97, -7]}}, {"type": "Feature", "properties": {"name": "p3684", "val": 3684}, "geometry": {"type": "Point", "coordinates": [-96, -6]}}, {"type": "Feature", "properties": {"name": "p3685", "val": 3685}, "geometry": {"type": "Point", "coordinates": [-95, -5]}}, {"type": "Feature", "properties": {"name": "p3686", "val": 3686}, "geometry": {"type": "Point", "coordinates": [-94, -4]}}, {"type": "Feature", "properties": {"name": "p3687", "val": 3687}, "geometry": {"type": "Point", "coordinates": [-93, -3]}}, {"type": "Feature", "properties": {"name": "p3688", "val": 3688}, "geometry": {"type": "Point", "coordinates": [-92, -2]}}, {"type": "Feature", "properties": {"name": "p3689", "val": 3689}, "geometry": {"type": "Point", "coordinates": [-91, -1]}}, {"type": "Feature", "properties": {"name": "p3690", "val": 3690}, "geometry": {"type": "Point", "coordinates": [-90, 0]}}, {"type": "Feature", "properties": {"name": "p3691", "val": 3691}, "geometry": {"type": "Point", "coordinates": [-89, 1]}}, {"type": "Feature", "properties": {"name": "p3692", "val": 3692}, "geometry": {"type": "Point", "coordinates": [-88, 2]}}, {"type": "Feature", "properties": {"name": "p3693", "val": 3693}, "geometry": {"type": "Point", "coordinates": [-87, 3]}}, {"type": "Feature", "properties": {"name": "p3694", "val": 3694}, "geometry": {"type": "Point", "coordinates": [-86, 4]}}, {"type": "Feature", "properties": {"name": "p3695", "val": 3695}, "geometry": {"type": "Point", "coordinates": [-85, 5]}}, {"type": "Feature", "properties": {"name": "p3696", "val": 3696}, "geometry": {"type": "Point", "coordinates": [-84, 6]}}, {"type": "Feature", "properties": {"name": "p3697", "val": 3697}, "geometry": {"type": "Point", "coordinates": [-83, 7]}}, {"type": "Feature", "properties": {"name": "p3698", "val": 3698}, "geometry": {"type": "Point", "coordinates": [-82, 8]}}, {"type": "Feature", "properties": {"name": "p3699", "val": 3699}, "geometry": {"type": "Point", "coordinates": [-81, 9]}}, {"type": "Feature", "properties": {"name": "p3700", "val": 3700}, "geometry": {"type": "Point", "coordinates": [-80, 10]}}, {"type": "Feature", "properties": {"name": "p3701", "val": 3701}, "geometry": {"type": "Point", "coordinates": [-79, 11]}}, {"type": "Feature", "properties": {"name": "p3702", "val": 3702}, "geometry": {"type": "Point", "coordinates": [-78, 12]}}, {"type": "Feature", "properties": {"name": "p3703", "val": 3703}, "geometry": {"type": "Point", "coordinates": [-77, 13]}}, {"type": "Feature", "properties": {"name": "p3704", "val": 3704}, "geometry": {"type": "Point", "coordinates": [-76, 14]}}, {"type": "Feature", "properties": {"name": "p3705", "val": 3705}, "geometry": {"type": "Point", "coordinates": [-75, 15]}}, {"type": "Feature", "properties": {"name": "p3706", "val": 3706}, "geometry": {"type": "Point", "coordinates": [-74, 16]}}, {"type": "Feature", "properties": {"name": "p3707", "val": 3707}, "geometry": {"type": "Point", "coordinates": [-73, 17]}}, {"type": "Feature", "properties": {"name": "p3708", "val": 3708}, "geometry": {"type": "Point", "coordinates": [-72, 18]}}, {"type": "Feature", "properties": {"name": "p3709", "val": 3709}, "geometry": {"type": "Point", "coordinates": [-71, 19]}}, {"type": "Feature", "properties": {"name": "p3710", "val": 3710}, "geometry": {"type": "Point", "coordinates": [-70, 20]}}, {"type": "Feature", "properties": {"name": "p3711", "val": 3711}, "geometry": {"type": "Point", "coordinates": [-69, 21]}}, {"type": "Feature", "properties": {"name": "p3712", "val": 3712}, "geometry": {"type": "Point", "coordinates": [-68, 22]}}, {"type": "Feature", "properties": {"name": "p3713", "val": 3713}, "geometry": {"type": "Point", "coordinates": [-67, 23]}}, {"type": "Feature", "properties": {"name": "p3714", "val": 3714}, "geometry": {"type": "Point", "coordinates": [-66, 24]}}, {"type": "Feature", "properties": {"name": "p3715", "val": 3715}, "geometry": {"type": "Point", "coordinates": [-65, 25]}}, {"type": "Feature", "properties": {"name": "p3716", "val": 3716}, "geometry": {"type": "Point", "coordinates": [-64, 26]}}, {"type": "Feature", "properties": {"name": "p3717", "val": 3717}, "geometry": {"type": "Point", "coordinates": [-63, 27]}}, {"type": "Feature", "properties": {"name": "p3718", "val": 3718}, "geometry": {"type": "Point", "coordinates": [-62, 28]}}, {"type": "Feature", "properties": {"name": "p3719", "val": 3719}, "geometry": {"type": "Point", "coordinates": [-61, 29]}}, {"type": "Feature", "properties": {"name": "p3720", "val": 3720}, "geometry": {"type": "Point", "coordinates": [-60, 30]}}, {"type": "Feature", "properties": {"name": "p3721", "val": 3721}, "geometry": {"type": "Point", "coordinates": [-59, 31]}}, {"type": "Feature", "properties": {"name": "p3722", "val": 3722}, "geometry": {"type": "Point", "coordinates": [-58, 32]}}, {"type": "Feature", "properties": {"name": "p3723", "val": 3723}, "geometry": {"type": "Point", "coordinates": [-57, 33]}}, {"type": "Feature", "properties": {"name": "p3724", "val": 3724}, "geometry": {"type": "Point", "coordinates": [-56, 34]}}, {"type": "Feature", "properties": {"name": "p3725", "val": 3725}, "geometry": {"type": "Point", "coordinates": [-55, 35]}}, {"type": "Feature", "properties": {"name": "p3726", "val": 3726}, "geometry": {"type": "Point", "coordinates": [-54, 36]}}, {"type": "Feature", "properties": {"name": "p3727", "val": 3727}, "geometry": {"type": "Point", "coordinates": [-53, 37]}}, {"type": "Feature", "properties": {"name": "p3728", "val": 3728}, "geometry": {"type": "Point", "coordinates": [-52, 38]}}, {"type": "Feature", "properties": {"name": "p3729", "val": 3729}, "geometry": {"type": "Point", "coordinates": [-51, 39]}}, {"type": "Feature", "properties": {"name": "p3730", "val": 3730}, "geometry": {"type": "Point", "coordinates": [-50, 40]}}, {"type": "Feature", "properties": {"name": "p3731", "val": 3731}, "geometry": {"type": "Point", "coordinates": [-49, 41]}}, {"type": "Feature", "properties": {"name": "p3732", "val": 3732}, "geometry": {"type": "Point", "coordinates": [-48, 42]}}, {"type": "Feature", "properties": {"name": "p3733", "val": 3733}, "geometry": {"type": "Point", "coordinates": [-47, 43]}}, {"type": "Feature", "properties": {"name": "p3734", "val": 3734}, "geometry": {"type": "Point", "coordinates": [-46, 44]}}, {"type": "Feature", "properties": {"name": "p3735", "val": 3735}, "geometry": {"type": "Point", "coordinates": [-45, 45]}}, {"type": "Feature", "properties": {"name": "p3736", "val": 3736}, "geometry": {"type": "Point", "coordinates": [-44, 46]}}, {"type": "Feature", "properties": {"name": "p3737", "val": 3737}, "geometry": {"type": "Point", "coordinates": [-43, 47]}}, {"type": "Feature", "properties": {"name": "p3738", "val": 3738}, "geometry": {"type": "Point", "coordinates": [-42, 48]}}, {"type": "Feature", "properties": {"name": "p3739", "val": 3739}, "geometry": {"type": "Point", "coordinates": [-41, 49]}}, {"type": "Feature", "properties": {"name": "p3740", "val": 3740}, "geometry": {"type": "Point", "coordinates": [-40, 50]}}, {"type": "Feature", "properties": {"name": "p3741", "val": 3741}, "geometry": {"type": "Point", "coordinates": [-39, 51]}}, {"type": "Feature", "properties": {"name": "p3742", "val": 3742}, "geometry": {"type": "Point", "coordinates": [-38, 52]}}, {"type": "Feature", "properties": {"name": "p3743", "val": 3743}, "geometry": {"type": "Point", "coordinates": [-37, 53]}}, {"type": "Feature", "properties": {"name": "p3744", "val": 3744}, "geometry": {"type": "Point", "coordinates": [-36, 54]}}, {"type": "Feature", "properties": {"name": "p3745", "val": 3745}, "geometry": {"type": "Point", "coordinates": [-35, 55]}}, {"type": "Feature", "properties": {"name": "p3746", "val": 3746}, "geometry": {"type": "Point", "coordinates": [-34, 56]}}, {"type": "Feature", "properties": {"name": "p3747", "val": 3747}, "geometry": {"type": "Point", "coordinates": [-33, 57]}}, {"type": "Feature", "properties": {"name": "p3748", "val": 3748}, "geometry": {"type": "Point", "coordinates": [-32, 58]}}, {"type": "Feature", "properties": {"name": "p3749", "val": 3749}, "geometry": {"type": "Point", "coordinates": [-31, 59]}}, {"type": "Feature", "properties": {"name": "p3750", "val": 3750}, "geometry": {"type": "Point", "coordinates": [-30, 60]}}, {"type": "Feature", "properties": {"name": "p3751", "val": 3751}, "geometry": {"type": "Point", "coordinates": [-29, 61]}}, {"type": "Feature", "properties": {"name": "p3752", "val": 3752}, "geometry": {"type": "Point", "coordinates": [-28, 62]}}, {"type": "Feature", "properties": {"name": "p3753", "val": 3753}, "geometry": {"type": "Point", "coordinates": [-27, 63]}}, {"type": "Feature", "properties": {"name": "p3754", "val": 3754}, "geometry": {"type": "Point", "coordinates": [-26, 64]}}, {"type": "Feature", "properties": {"name": "p3755", "val": 3755}, "geometry": {"type": "Point", "coordinates": [-25, 65]}}, {"type": "Feature", "properties": {"name": "p3756", "val": 3756}, "geometry": {"type": "Point", "coordinates": [-24, 66]}}, {"type": "Feature", "properties": {"name": "p3757", "val": 3757}, "geometry": {"type": "Point", "coordinates": [-23, 67]}}, {"type": "Feature", "properties": {"name": "p3758", "val": 3758}, "geometry": {"type": "Point", "coordinates": [-22, 68]}}, {"type": "Feature", "properties": {"name": "p3759", "val": 3759}, "geometry": {"type": "Point", "coordinates": [-21, 69]}}, {"type": "Feature", "properties": {"name": "p3760", "val": 3760}, "geometry": {"type": "Point", "coordinates": [-20, 70]}}, {"type": "Feature", "properties": {"name": "p3761", "val": 3761}, "geometry": {"type": "Point", "coordinates": [-19, 71]}}, {"type": "Feature", "properties": {"name": "p3762", "val": 3762}, "geometry": {"type": "Point", "coordinates": [-18, 72]}}, {"type": "Feature", "properties": {"name": "p3763", "val": 3763}, "geometry": {"type": "Point", "coordinates": [-17, 73]}}, {"type": "Feature", "properties": {"name": "p3764", "val": 3764}, "geometry": {"type": "Point", "coordinates": [-16, 74]}}, {"type": "Feature", "properties": {"name": "p3765", "val": 3765}, "geometry": {"type": "Point", "coordinates": [-15, 75]}}, {"type": "Feature", "properties": {"name": "p3766", "val": 3766}, "geometry": {"type": "Point", "coordinates": [-14, 76]}}, {"type": "Feature", "properties": {"name": "p3767", "val": 3767}, "geometry": {"type": "Point", "coordinates": [-13, 77]}}, {"type": "Feature", "properties": {"name": "p3768", "val": 3768}, "geometry": {"type": "Point", "coordinates": [-12, 78]}}, {"type": "Feature", "properties": {"name": "p3769", "val": 3769}, "geometry": {"type": "Point", "coordinates": [-11, 79]}}, {"type": "Feature", "properties": {"name": "p3770", "val": 3770}, "geometry": {"type": "Point", "coordinates": [-10, 80]}}, {"type": "Feature", "properties": {"name": "p3771", "val": 3771}, "geometry": {"type": "Point", "coordinates": [-9, 81]}}, {"type": "Feature", "properties": {"name": "p3772", "val": 3772}, "geometry": {"type": "Point", "coordinates": [-8, 82]}}, {"type": "Feature", "properties": {"name": "p3773", "val": 3773}, "geometry": {"type": "Point", "coordinates": [-7, 83]}}, {"type": "Feature", "properties": {"name": "p3774", "val": 3774}, "geometry": {"type": "Point", "coordinates": [-6, 84]}}, {"type": "Feature", "properties": {"name": "p3775", "val": 3775}, "geometry": {"type": "Point", "coordinates": [-5, 85]}}, {"type": "Feature", "properties": {"name": "p3776", "val": 3776}, "geometry": {"type": "Point", "coordinates": [-4, 86]}}, {"type": "Feature", "properties": {"name": "p3777", "val": 3777}, "geometry": {"type": "Point", "coordinates": [-3, 87]}}, {"type": "Feature", "properties": {"name": "p3778", "val": 3778}, "geometry": {"type": "Point", "coordinates": [-2, 88]}}, {"type": "Feature", "properties": {"name": "p3779", "val": 3779}, "geometry": {"type": "Point", "coordinates": [-1, 89]}}, {"type": "Feature", "properties": {"name": "p3780", "val": 3780}, "geometry": {"type": "Point", "coordinates": [0, -90]}}, {"type": "Feature", "properties": {"name": "p3781", "val": 3781}, "geometry": {"type": "Point", "coordinates": [1, -89]}}, {"type": "Feature", "properties": {"name": "p3782", "val": 3782}, "geometry": {"type": "Point", "coordinates": [2, -88]}}, {"type": "Feature", "properties": {"name": "p3783", "val": 3783}, "geometry": {"type": "Point", "coordinates": [3, -87]}}, {"type": "Feature", "properties": {"name": "p3784", "val": 3784}, "geometry": {"type": "Point", "coordinates": [4, -86]}}, {"type": "Feature", "properties": {"name": "p3785", "val": 3785}, "geometry": {"type": "Point", "coordinates": [5, -85]}}, {"type": "Feature", "properties": {"name": "p3786", "val": 3786}, "geometry": {"type": "Point", "coordinates": [6, -84]}}, {"type": "Feature", "properties": {"name": "p3787", "val": 3787}, "geometry": {"type": "Point", "coordinates": [7, -83]}}, {"type": "Feature", "properties": {"name": "p3788", "val": 3788}, "geometry": {"type": "Point", "coordinates": [8, -82]}}, {"type": "Feature", "properties": {"name": "p3789", "val": 3789}, "geometry": {"type": "Point", "coordinates": [9, -81]}}, {"type": "Feature", "properties": {"name": "p3790", "val": 3790}, "geometry": {"type": "Point", "coordinates": [10, -80]}}, {"type": "Feature", "properties": {"name": "p3791", "val": 3791}, "geometry": {"type": "Point", "coordinates": [11, -79]}}, {"type": "Feature", "properties": {"name": "p3792", "val": 3792}, "geometry": {"type": "Point", "coordinates": [12, -78]}}, {"type": "Feature", "properties": {"name": "p3793", "val": 3793}, "geometry": {"type": "Point", "coordinates": [13, -77]}}, {"type": "Feature", "properties": {"name": "p3794", "val": 3794}, "geometry": {"type": "Point", "coordinates": [14, -76]}}, {"type": "Feature", "properties": {"name": "p3795", "val": 3795}, "geometry": {"type": "Point", "coordinates": [15, -75]}}, {"type": "Feature", "properties": {"name": "p3796", "val": 3796}, "geometry": {"type": "Point", "coordinates": [16, -74]}}, {"type": "Feature", "properties": {"name": "p3797", "val": 3797}, "geometry": {"type": "Point", "coordinates": [17, -73]}}, {"type": "Feature", "properties": {"name": "p3798", "val": 3798}, "geometry": {"type": "Point", "coordinates": [18, -72]}}, {"type": "Feature", "properties": {"name": "p3799", "val": 3799}, "geometry": {"type": "Point", "coordinates": [19, -71]}}, {"type": "Feature", "properties": {"name": "p3800", "val": 3800}, "geometry": {"type": "Point", "coordinates": [20, -70]}}, {"type": "Feature", "properties": {"name": "p3801", "val": 3801}, "geometry": {"type": "Point", "coordinates": [21, -69]}}, {"type": "Feature", "properties": {"name": "p3802", "val": 3802}, "geometry": {"type": "Point", "coordinates": [22, -68]}}, {"type": "Feature", "properties": {"name": "p3803", "val": 3803}, "geometry": {"type": "Point", "coordinates": [23, -67]}}, {"type": "Feature", "properties": {"name": "p3804", "val": 3804}, "geometry": {"type": "Point", "coordinates": [24, -66]}}, {"type": "Feature", "properties": {"name": "p3805", "val": 3805}, "geometry": {"type": "Point", "coordinates": [25, -65]}}, {"type": "Feature", "properties": {"name": "p3806", "val": 3806}, "geometry": {"type": "Point", "coordinates": [26, -64]}}, {"type": "Feature", "properties": {"name": "p3807", "val": 3807}, "geometry": {"type": "Point", "coordinates": [27, -63]}}, {"type": "Feature", "properties": {"name": "p3808", "val": 3808}, "geometry": {"type": "Point", "coordinates": [28, -62]}}, {"type": "Feature", "properties": {"name": "p3809", "val": 3809}, "geometry": {"type": "Point", "coordinates": [29, -61]}}, {"type": "Feature", "properties": {"name": "p3810", "val": 3810}, "geometry": {"type": "Point", "coordinates": [30, -60]}}, {"type": "Feature", "properties": {"name": "p3811", "val": 3811}, "geometry": {"type": "Point", "coordinates": [31, -59]}}, {"type": "Feature", "properties": {"name": "p3812", "val": 3812}, "geometry": {"type": "Point", "coordinates": [32, -58]}}, {"type": "Feature", "properties": {"name": "p3813", "val": 3813}, "geometry": {"type": "Point", "coordinates": [33, -57]}}, {"type": "Feature", "properties": {"name": "p3814", "val": 3814}, "geometry": {"type": "Point", "coordinates": [34, -56]}}, {"type": "Feature", "properties": {"name": "p3815", "val": 3815}, "geometry": {"type": "Point", "coordinates": [35, -55]}}, {"type": "Feature", "properties": {"name": "p3816", "val": 3816}, "geometry": {"type": "Point", "coordinates": [36, -54]}}, {"type": "Feature", "properties": {"name": "p3817", "val": 3817}, "geometry": {"type": "Point", "coordinates": [37, -53]}}, {"type": "Feature", "properties": {"name": "p3818", "val": 3818}, "geometry": {"type": "Point", "coordinates": [38, -52]}}, {"type": "Feature", "properties": {"name": "p3819", "val": 3819}, "geometry": {"type": "Point", "coordinates": [39, -51]}}, {"type": "Feature", "properties": {"name": "p3820", "val": 3820}, "geometry": {"type": "Point", "coordinates": [40, -50]}}, {"type": "Feature", "properties": {"name": "p3821", "val": 3821}, "geometry": {"type": "Point", "coordinates": [41, -49]}}, {"type": "Feature", "properties": {"name": "p3822", "val": 3822}, "geometry": {"type": "Point", "coordinates": [42, -48]}}, {"type": "Feature", "properties": {"name": "p3823", "val": 3823}, "geometry": {"type": "Point", "coordinates": [43, -47]}}, {"type": "Feature", "properties": {"name": "p3824", "val": 3824}, "geometry": {"type": "Point", "coordinates": [44, -46]}}, {"type": "Feature", "properties": {"name": "p3825", "val": 3825}, "geometry": {"type": "Point", "coordinates": [45, -45]}}, {"type": "Feature", "properties": {"name": "p3826", "val": 3826}, "geometry": {"type": "Point", "coordinates": [46, -44]}}, {"type": "Feature", "properties": {"name": "p3827", "val": 3827}, "geometry": {"type": "Point", "coordinates": [47, -43]}}, {"type": "Feature", "properties": {"name": "p3828", "val": 3828}, "geometry": {"type": "Point", "coordinates": [48, -42]}}, {"type": "Feature", "properties": {"name": "p3829", "val": 3829}, "geometry": {"type": "Point", "coordinates": [49, -41]}}, {"type": "Feature", "properties": {"name": "p3830", "val": 3830}, "geometry": {"type": "Point", "coordinates": [50, -40]}}, {"type": "Feature", "properties": {"name": "p3831", "val": 3831}, "geometry": {"type": "Point", "coordinates": [51, -39]}}, {"type": "Feature", "properties": {"name": "p3832", "val": 3832}, "geometry": {"type": "Point", "coordinates": [52, -38]}}, {"type": "Feature", "properties": {"name": "p3833", "val": 3833}, "geometry": {"type": "Point", "coordinates": [53, -37]}}, {"type": "Feature", "properties": {"name": "p3834", "val": 3834}, "geometry": {"type": "Point", "coordinates": [54, -36]}}, {"type": "Feature", "properties": {"name": "p3835", "val": 3835}, "geometry": {"type": "Point", "coordinates": [55, -35]}}, {"type": "Feature", "properties": {"name": "p3836", "val": 3836}, "geometry": {"type": "Point", "coordinates": [56, -34]}}, {"type": "Feature", "properties": {"name": "p3837", "val": 3837}, "geometry": {"type": "Point", "coordinates": [57, -33]}}, {"type": "Feature", "properties": {"name": "p3838", "val": 3838}, "geometry": {"type": "Point", "coordinates": [58, -32]}}, {"type": "Feature", "properties": {"name": "p3839", "val": 3839}, "geometry": {"type": "Point", "coordinates": [59, -31]}}, {"type": "Feature", "properties": {"name": "p3840", "val": 3840}, "geometry": {"type": "Point", "coordinates": [60, -30]}}, {"type": "Feature", "properties": {"name": "p3841", "val": 3841}, "geometry": {"type": "Point", "coordinates": [61, -29]}}, {"type": "Feature", "properties": {"name": "p3842", "val": 3842}, "geometry": {"type": "Point", "coordinates": [62, -28]}}, {"type": "Feature", "properties": {"name": "p3843", "val": 3843}, "geometry": {"type": "Point", "coordinates": [63, -27]}}, {"type": "Feature", "properties": {"name": "p3844", "val": 3844}, "geometry": {"type": "Point", "coordinates": [64, -26]}}, {"type": "Feature", "properties": {"name": "p3845", "val": 3845}, "geometry": {"type": "Point", "coordinates": [65, -25]}}, {"type": "Feature", "properties": {"name": "p3846", "val": 3846}, "geometry": {"type": "Point", "coordinates": [66, -24]}}, {"type": "Feature", "properties": {"name": "p3847", "val": 3847}, "geometry": {"type": "Point", "coordinates": [67, -23]}}, {"type": "Feature", "properties": {"name": "p3848", "val": 3848}, "geometry": {"type": "Point", "coordinates": [68, -22]}}, {"type": "Feature", "properties": {"name": "p3849", "val": 3849}, "geometry": {"type": "Point", "coordinates": [69, -21]}}, {"type": "Feature", "properties": {"name": "p3850", "val": 3850}, "geometry": {"type": "Point", "coordinates": [70, -20]}}, {"type": "Feature", "properties": {"name": "p3851", "val": 3851}, "geometry": {"type": "Point", "coordinates": [71, -19]}}, {"type": "Feature", "properties": {"name": "p3852", "val": 3852}, "geometry": {"type": "Point", "coordinates": [72, -18]}}, {"type": "Feature", "properties": {"name": "p3853", "val": 3853}, "geometry": {"type": "Point", "coordinates": [73, -17]}}, {"type": "Feature", "properties": {"name": "p3854", "val": 3854}, "geometry": {"type": "Point", "coordinates": [74, -16]}}, {"type": "Feature", "properties": {"name": "p3855", "val": 3855}, "geometry": {"type": "Point", "coordinates": [75, -15]}}, {"type": "Feature", "properties": {"name": "p3856", "val": 3856}, "geometry": {"type": "Point", "coordinates": [76, -14]}}, {"type": "Feature", "properties": {"name": "p3857", "val": 3857}, "geometry": {"type": "Point", "coordinates": [77, -13]}}, {"type": "Feature", "properties": {"name": "p3858", "val": 3858}, "geometry": {"type": "Point", "coordinates": [78, -12]}}, {"type": "Feature", "properties": {"name": "p3859", "val": 3859}, "geometry": {"type": "Point", "coordinates": [79, -11]}}, {"type": "Feature", "properties": {"name": "p3860", "val": 3860}, "geometry": {"type": "Point", "coordinates": [80, -10]}}, {"type": "Feature", "properties": {"name": "p3861", "val": 3861}, "geometry": {"type": "Point", "coordinates": [81, -9]}}, {"type": "Feature", "properties": {"name": "p3862", "val": 3862}, "geometry": {"type": "Point", "coordinates": [82, -8]}}, {"type": "Feature", "properties": {"name": "p3863", "val": 3863}, "geometry": {"type": "Point", "coordinates": [83, -7]}}, {"type": "Feature", "properties": {"name": "p3864", "val": 3864}, "geometry": {"type": "Point", "coordinates": [84, -6]}}, {"type": "Feature", "properties": {"name": "p3865", "val": 3865}, "geometry": {"type": "Point", "coordinates": [85, -5]}}, {"type": "Feature", "properties": {"name": "p3866", "val": 3866}, "geometry": {"type": "Point", "coordinates": [86, -4]}}, {"type": "Feature", "properties": {"name": "p3867", "val": 3867}, "geometry": {"type": "Point", "coordinates": [87, -3]}}, {"type": "Feature", "properties": {"name": "p3868", "val": 3868}, "geometry": {"type": "Point", "coordinates": [88, -2]}}, {"type": "Feature", "properties": {"name": "p3869", "val": 3869}, "geometry": {"type": "Point", "coordinates": [89, -1]}}, {"type": "Feature", "properties": {"name": "p3870", "val": 3870}, "geometry": {"type": "Point", "coordinates": [90, 0]}}, {"type": "Feature", "properties": {"name": "p3871", "val": 3871}, "geometry": {"type": "Point", "coordinates": [91, 1]}}, {"type": "Feature", "properties": {"name": "p3872", "val": 3872}, "geometry": {"type": "Point", "coordinates": [92, 2]}}, {"type": "Feature", "properties": {"name": "p3873", "val": 3873}, "geometry": {"type": "Point", "coordinates": [93, 3]}}, {"type": "Feature", "properties": {"name": "p3874", "val": 3874}, "geometry": {"type": "Point", "coordinates": [94, 4]}}, {"type": "Feature", "properties": {"name": "p3875", "val": 3875}, "geometry": {"type": "Point", "coordinates": [95, 5]}}, {"type": "Feature", "properties": {"name": "p3876", "val": 3876}, "geometry": {"type": "Point", "coordinates": [96, 6]}}, {"type": "Feature", "properties": {"name": "p3877", "val": 3877}, "geometry": {"type": "Point", "coordinates": [97, 7]}}, {"type": "Feature", "properties": {"name": "p3878", "val": 3878}, "geometry": {"type": "Point", "coordinates": [98, 8]}}, {"type": "Feature", "properties": {"name": "p3879", "val": 3879}, "geometry": {"type": "Point", "coordinates": [99, 9]}}, {"type": "Feature", "properties": {"name": "p3880", "val": 3880}, "geometry": {"type": "Point", "coordinates": [100, 10]}}, {"type": "Feature", "properties": {"name": "p3881", "val": 3881}, "geometry": {"type": "Point", "coordinates": [101, 11]}}, {"type": "Feature", "properties": {"name": "p3882", "val": 3882}, "geometry": {"type": "Point", "coordinates": [102, 12]}}, {"type": "Feature", "properties": {"name": "p3883", "val": 3883}, "geometry": {"type": "Point", "coordinates": [103, 13]}}, {"type": "Feature", "properties": {"name": "p3884", "val": 3884}, "geometry": {"type": "Point", "coordinates": [104, 14]}}, {"type": "Feature", "properties": {"name": "p3885", "val": 3885}, "geometry": {"type": "Point", "coordinates": [105, 15]}}, {"type": "Feature", "properties": {"name": "p3886", "val": 3886}, "geometry": {"type": "Point", "coordinates": [106, 16]}}, {"type": "Feature", "properties": {"name": "p3887", "val": 3887}, "geometry": {"type": "Point", "coordinates": [107, 17]}}, {"type": "Feature", "properties": {"name": "p3888", "val": 3888}, "geometry": {"type": "Point", "coordinates": [108, 18]}}, {"type": "Feature", "properties": {"name": "p3889", "val": 3889}, "geometry": {"type": "Point", "coordinates": [109, 19]}}, {"type": "Feature", "properties": {"name": "p3890", "val": 3890}, "geometry": {"type": "Point", "coordinates": [110, 20]}}, {"type": "Feature", "properties": {"name": "p3891", "val": 3891}, "geometry": {"type": "Point", "coordinates": [111, 21]}}, {"type": "Feature", "properties": {"name": "p3892", "val": 3892}, "geometry": {"type": "Point", "coordinates": [112, 22]}}, {"type": "Feature", "properties": {"name": "p3893", "val": 3893}, "geometry": {"type": "Point", "coordinates": [113, 23]}}, {"type": "Feature", "properties": {"name": "p3894", "val": 3894}, "geometry": {"type": "Point", "coordinates": [114, 24]}}, {"type": "Feature", "properties": {"name": "p3895", "val": 3895}, "geometry": {"type": "Point", "coordinates": [115, 25]}}, {"type": "Feature", "properties": {"name": "p3896", "val": 3896}, "geometry": {"type": "Point", "coordinates": [116, 26]}}, {"type": "Feature", "properties": {"name": "p3897", "val": 3897}, "geometry": {"type": "Point", "coordinates": [117, 27]}}, {"type": "Feature", "properties": {"name": "p3898", "val": 3898}, "geometry": {"type": "Point", "coordinates": [118, 28]}}, {"type": "Feature", "properties": {"name": "p3899", "val": 3899}, "geometry": {"type": "Point", "coordinates": [119, 29]}}, {"type": "Feature", "properties": {"name": "p3900", "val": 3900}, "geometry": {"type": "Point", "coordinates": [120, 30]}}, {"type": "Feature", "properties": {"name": "p3901", "val": 3901}, "geometry": {"type": "Point", "coordinates": [121, 31]}}, {"type": "Feature", "properties": {"name": "p3902", "val": 3902}, "geometry": {"type": "Point", "coordinates": [122, 32]}}, {"type": "Feature", "properties": {"name": "p3903", "val": 3903}, "geometry": {"type": "Point", "coordinates": [123, 33]}}, {"type": "Feature", "properties": {"name": "p3904", "val": 3904}, "geometry": {"type": "Point", "coordinates": [124, 34]}}, {"type": "Feature", "properties": {"name": "p3905", "val": 3905}, "geometry": {"type": "Point", "coordinates": [125, 35]}}, {"type": "Feature", "properties": {"name": "p3906", "val": 3906}, "geometry": {"type": "Point", "coordinates": [126, 36]}}, {"type": "Feature", "properties": {"name": "p3907", "val": 3907}, "geometry": {"type": "Point", "coordinates": [127, 37]}}, {"type": "Feature", "properties": {"name": "p3908", "val": 3908}, "geometry": {"type": "Point", "coordinates": [128, 38]}}, {"type": "Feature", "properties": {"name": "p3909", "val": 3909}, "geometry": {"type": "Point", "coordinates": [129, 39]}}, {"type": "Feature", "properties": {"name": "p3910", "val": 3910}, "geometry": {"type": "Point", "coordinates": [130, 40]}}, {"type": "Feature", "properties": {"name": "p3911", "val": 3911}, "geometry": {"type": "Point", "coordinates": [131, 41]}}, {"type": "Feature", "properties": {"name": "p3912", "val": 3912}, "geometry": {"type": "Point", "coordinates": [132, 42]}}, {"type": "Feature", "properties": {"name": "p3913", "val": 3913}, "geometry": {"type": "Point", "coordinates": [133, 43]}}, {"type": "Feature", "properties": {"name": "p3914", "val": 3914}, "geometry": {"type": "Point", "coordinates": [134, 44]}}, {"type": "Feature", "properties": {"name": "p3915", "val": 3915}, "geometry": {"type": "Point", "coordinates": [135, 45]}}, {"type": "Feature", "properties": {"name": "p3916", "val": 3916}, "geometry": {"type": "Point", "coordinates": [136, 46]}}, {"type": "Feature", "properties": {"name": "p3917", "val": 3917}, "geometry": {"type": "Point", "coordinates": [137, 47]}}, {"type": "Feature", "properties": {"name": "p3918", "val": 3918}, "geometry": {"type": "Point", "coordinates": [138, 48]}}, {"type": "Feature", "properties": {"name": "p3919", "val": 3919}, "geometry": {"type": "Point", "coordinates": [139, 49]}}, {"type": "Feature", "properties": {"name": "p3920", "val": 3920}, "geometry": {"type": "Point", "coordinates": [140, 50]}}, {"type": "Feature", "properties": {"name": "p3921", "val": 3921}, "geometry": {"type": "Point", "coordinates": [141, 51]}}, {"type": "Feature", "properties": {"name": "p3922", "val": 3922}, "geometry": {"type": "Point", "coordinates": [142, 52]}}, {"type": "Feature", "properties": {"name": "p3923", "val": 3923}, "geometry": {"type": "Point", "coordinates": [143, 53]}}, {"type": "Feature", "properties": {"name": "p3924", "val": 3924}, "geometry": {"type": "Point", "coordinates": [144, 54]}}, {"type": "Feature", "properties": {"name": "p3925", "val": 3925}, "geometry": {"type": "Point", "coordinates": [145, 55]}}, {"type": "Feature", "properties": {"name": "p3926", "val": 3926}, "geometry": {"type": "Point", "coordinates": [146, 56]}}, {"type": "Feature", "properties": {"name": "p3927", "val": 3927}, "geometry": {"type": "Point", "coordinates": [147, 57]}}, {"type": "Feature", "properties": {"name": "p3928", "val": 3928}, "geometry": {"type": "Point", "coordinates": [148, 58]}}, {"type": "Feature", "properties": {"name": "p3929", "val": 3929}, "geometry": {"type": "Point", "coordinates": [149, 59]}}, {"type": "Feature", "properties": {"name": "p3930", "val": 3930}, "geometry": {"type": "Point", "coordinates": [150, 60]}}, {"type": "Feature", "properties": {"name": "p3931", "val": 3931}, "geometry": {"type": "Point", "coordinates": [151, 61]}}, {"type": "Feature", "properties": {"name": "p3932", "val": 3932}, "geometry": {"type": "Point", "coordinates": [152, 62]}}, {"type": "Feature", "properties": {"name": "p3933", "val": 3933}, "geometry": {"type": "Point", "coordinates": [153, 63]}}, {"type": "Feature", "properties": {"name": "p3934", "val": 3934}, "geometry": {"type": "Point", "coordinates": [154, 64]}}, {"type": "Feature", "properties": {"name": "p3935", "val": 3935}, "geometry": {"type": "Point", "coordinates": [155, 65]}}, {"type": "Feature", "properties": {"name": "p3936", "val": 3936}, "geometry": {"type": "Point", "coordinates": [156, 66]}}, {"type": "Feature", "properties": {"name": "p3937", "val": 3937}, "geometry": {"type": "Point", "coordinates": [157, 67]}}, {"type": "Feature", "properties": {"name": "p3938", "val": 3938}, "geometry": {"type": "Point", "coordinates": [158, 68]}}, {"type": "Feature", "properties": {"name": "p3939", "val": 3939}, "geometry": {"type": "Point", "coordinates": [159, 69]}}, {"type": "Feature", "properties": {"name": "p3940", "val": 3940}, "geometry": {"type": "Point", "coordinates": [160, 70]}}, {"type": "Feature", "properties": {"name": "p3941", "val": 3941}, "geometry": {"type": "Point", "coordinates": [161, 71]}}, {"type": "Feature", "properties": {"name": "p3942", "val": 3942}, "geometry": {"type": "Point", "coordinates": [162, 72]}}, {"type": "Feature", "properties": {"name": "p3943", "val": 3943}, "geometry": {"type": "Point", "coordinates": [163, 73]}}, {"type": "Feature", "properties": {"name": "p3944", "val": 3944}, "geometry": {"type": "Point", "coordinates": [164, 74]}}, {"type": "Feature", "properties": {"name": "p3945", "val": 3945}, "geometry": {"type": "Point", "coordinates": [165, 75]}}, {"type": "Feature", "properties": {"name": "p3946", "val": 3946}, "geometry": {"type": "Point", "coordinates": [166, 76]}}, {"type": "Feature", "properties": {"name": "p3947", "val": 3947}, "geometry": {"type": "Point", "coordinates": [167, 77]}}, {"type": "Feature", "properties": {"name": "p3948", "val": 3948}, "geometry": {"type": "Point", "coordinates": [168, 78]}}, {"type": "Feature", "properties": {"name": "p3949", "val": 3949}, "geometry": {"type": "Point", "coordinates": [169, 79]}}, {"type": "Feature", "properties": {"name": "p3950", "val": 3950}, "geometry": {"type": "Point", "coordinates": [170, 80]}}, {"type": "Feature", "properties": {"name": "p3951", "val": 3951}, "geometry": {"type": "Point", "coordinates": [171, 81]}}, {"type": "Feature", "properties": {"name": "p3952", "val": 3952}, "geometry": {"type": "Point", "coordinates": [172, 82]}}, {"type": "Feature", "properties": {"name": "p3953", "val": 3953}, "geometry": {"type": "Point", "coordinates": [173, 83]}}, {"type": "Feature", "properties": {"name": "p3954", "val": 3954}, "geometry": {"type": "Point", "coordinates": [174, 84]}}, {"type": "Feature", "properties": {"name": "p3955", "val": 3955}, "geometry": {"type": "Point", "coordinates": [175, 85]}}, {"type": "Feature", "properties": {"name": "p3956", "val": 3956}, "geometry": {"type": "Point", "coordinates": [176, 86]}}, {"type": "Feature", "properties": {"name": "p3957", "val": 3957}, "geometry": {"type": "Point", "coordinates": [177, 87]}}, {"type": "Feature", "properties": {"name": "p3958", "val": 3958}, "geometry": {"type": "Point", "coordinates": [178, 88]}}, {"type": "Feature", "properties": {"name": "p3959", "val": 3959}, "geometry": {"type": "Point", "coordinates": [179, 89]}}, {"type": "Feature", "properties": {"name": "p3960", "val": 3960}, "geometry": {"type": "Point", "coordinates": [-180, -90]}}, {"type": "Feature", "properties": {"name": "p3961", "val": 3961}, "geometry": {"type": "Point", "coordinates": [-179, -89]}}, {"type": "Feature", "properties": {"name": "p3962", "val": 3962}, "geometry": {"type": "Point", "coordinates": [-178, -88]}}, {"type": "Feature", "properties": {"name": "p3963", "val": 3963}, "geometry": {"type": "Point", "coordinates": [-177, -87]}}, {"type": "Feature", "properties": {"name": "p3964", "val": 3964}, "geometry": {"type": "Point", "coordinates": [-176, -86]}}, {"type": "Feature", "properties": {"name": "p3965", "val": 3965}, "geometry": {"type": "Point", "coordinates": [-175, -85]}}, {"type": "Feature", "properties": {"name": "p3966", "val": 3966}, "geometry": {"type": "Point", "coordinates": [-174, -84]}}, {"type": "Feature", "properties": {"name": "p3967", "val": 3967}, "geometry": {"type": "Point", "coordinates": [-173, -83]}}, {"type": "Feature", "properties": {"name": "p3968", "val": 3968}, "geometry": {"type": "Point", "coordinates": [-172, -82]}}, {"type": "Feature", "properties": {"name": "p3969", "val": 3969}, "geometry": {"type": "Point", "coordinates": [-171, -81]}}, {"type": "Feature", "properties": {"name": "p3970", "val": 3970}, "geometry": {"type": "Point", "coordinates": [-170, -80]}}, {"type": "Feature", "properties": {"name": "p3971", "val": 3971}, "geometry": {"type": "Point", "coordinates": [-169, -79]}}, {"type": "Feature", "properties": {"name": "p3972", "val": 3972}, "geometry": {"type": "Point", "coordinates": [-168, -78]}}, {"type": "Feature", "properties": {"name": "p3973", "val": 3973}, "geometry": {"type": "Point", "coordinates": [-167, -77]}}, {"type": "Feature", "properties": {"name": "p3974", "val": 3974}, "geometry": {"type": "Point", "coordinates": [-166, -76]}}, {"type": "Feature", "properties": {"name": "p3975", "val": 3975}, "geometry": {"type": "Point", "coordinates": [-165, -75]}}, {"type": "Feature", "properties": {"name": "p3976", "val": 3976}, "geometry": {"type": "Point", "coordinates": [-164, -74]}}, {"type": "Feature", "properties": {"name": "p3977", "val": 3977}, "geometry": {"type": "Point", "coordinates": [-163, -73]}}, {"type": "Feature", "properties": {"name": "p3978", "val": 3978}, "geometry": {"type": "Point", "coordinates": [-162, -72]}}, {"type": "Feature", "properties": {"name": "p3979", "val": 3979}, "geometry": {"type": "Point", "coordinates": [-161, -71]}}, {"type": "Feature", "properties": {"name": "p3980", "val": 3980}, "geometry": {"type": "Point", "coordinates": [-160, -70]}}, {"type": "Feature", "properties": {"name": "p3981", "val": 3981}, "geometry": {"type": "Point", "coordinates": [-159, -69]}}, {"type": "Feature", "properties": {"name": "p3982", "val": 3982}, "geometry": {"type": "Point", "coordinates": [-158, -68]}}, {"type": "Feature", "properties": {"name": "p3983", "val": 3983}, "geometry": {"type": "Point", "coordinates": [-157, -67]}}, {"type": "Feature", "properties": {"name": "p3984", "val": 3984}, "geometry": {"type": "Point", "coordinates": [-156, -66]}}, {"type": "Feature", "properties": {"name": "p3985", "val": 3985}, "geometry": {"type": "Point", "coordinates": [-155, -65]}}, {"type": "Feature", "properties": {"name": "p3986", "val": 3986}, "geometry": {"type": "Point", "coordinates": [-154, -64]}}, {"type": "Feature", "properties": {"name": "p3987", "val": 3987}, "geometry": {"type": "Point", "coordinates": [-153, -63]}}, {"type": "Feature", "properties": {"name": "p3988", "val": 3988}, "geometry": {"type": "Point", "coordinates": [-152, -62]}}, {"type": "Feature", "properties": {"name": "p3989", "val": 3989}, "geometry": {"type": "Point", "coordinates": [-151, -61]}}, {"type": "Feature", "properties": {"name": "p3990", "val": 3990}, "geometry": {"type": "Point", "coordinates": [-150, -60]}}, {"type": "Feature", "properties": {"name": "p3991", "val": 3991}, "geometry": {"type": "Point", "coordinates": [-149, -59]}}, {"type": "Feature", "properties": {"name": "p3992", "val": 3992}, "geometry": {"type": "Point", "coordinates": [-148, -58]}}, {"type": "Feature", "properties": {"name": "p3993", "val": 3993}, "geometry": {"type": "Point", "coordinates": [-147, -57]}}, {"type": "Feature", "properties": {"name": "p3994", "val": 3994}, "geometry": {"type": "Point", "coordinates": [-146, -56]}}, {"type": "Feature", "properties": {"name": "p3995", "val": 3995}, "geometry": {"type": "Point", "coordinates": [-145, -55]}}, {"type": "Feature", "properties": {"name": "p3996", "val": 3996}, "geometry": {"type": "Point", "coordinates": [-144, -54]}}, {"type": "Feature", "properties": {"name": "p3997", "val": 3997}, "geometry": {"type": "Point", "coordinates": [-143, -53]}}, {"type": "Feature", "properties": {"name": "p3998", "val": 3998}, "geometry": {"type": "Point", "coordinates": [-142, -52]}}, {"type": "Feature", "properties": {"name": "p3999", "val": 3999}, "geometry": {"type": "Point", "coordinates": [-141, -51]}}, {"type": "Feature", "properties": {"name": "p4000", "val": 4000}, "geometry": {"type": "Point", "coordinates": [-140, -50]}}, {"type": "Feature", "properties": {"name": "p4001", "val": 4001}, "geometry": {"type": "Point", "coordinates": [-139, -49]}}, {"type": "Feature", "properties": {"name": "p4002", "val": 4002}, "geometry": {"type": "Point", "coordinates": [-138, -48]}}, {"type": "Feature", "properties": {"name": "p4003", "val": 4003}, "geometry": {"type": "Point", "coordinates": [-137, -47]}}, {"type": "Feature", "properties": {"name": "p4004", "val": 4004}, "geometry": {"type": "Point", "coordinates": [-136, -46]}}, {"type": "Feature", "properties": {"name": "p4005", "val": 4005}, "geometry": {"type": "Point", "coordinates": [-135, -45]}}, {"type": "Feature", "properties": {"name": "p4006", "val": 4006}, "geometry": {"type": "Point", "coordinates": [-134, -44]}}, {"type": "Feature", "properties": {"name": "p4007", "val": 4007}, "geometry": {"type": "Point", "coordinates": [-133, -43]}}, {"type": "Feature", "properties": {"name": "p4008", "val": 4008}, "geometry": {"type": "Point", "coordinates": [-132, -42]}}, {"type": "Feature", "properties": {"name": "p4009", "val": 4009}, "geometry": {"type": "Point", "coordinates": [-131, -41]}}, {"type": "Feature", "properties": {"name": "p4010", "val": 4010}, "geometry": {"type": "Point", "coordinates": [-130, -40]}}, {"type": "Feature", "properties": {"name": "p4011", "val": 4011}, "geometry": {"type": "Point", "coordinates": [-129, -39]}}, {"type": "Feature", "properties": {"name": "p4012", "val": 4012}, "geometry": {"type": "Point", "coordinates": [-128, -38]}}, {"type": "Feature", "properties": {"name": "p4013", "val": 4013}, "geometry": {"type": "Point", "coordinates": [-127, -37]}}, {"type": "Feature", "properties": {"name": "p4014", "val": 4014}, "geometry": {"type": "Point", "coordinates": [-126, -36]}}, {"type": "Feature", "properties": {"name": "p4015", "val": 4015}, "geometry": {"type": "Point", "coordinates": [-125, -35]}}, {"type": "Feature", "properties": {"name": "p4016", "val": 4016}, "geometry": {"type": "Point", "coordinates": [-124, -34]}}, {"type": "Feature", "properties": {"name": "p4017", "val": 4017}, "geometry": {"type": "Point", "coordinates": [-123, -33]}}, {"type": "Feature", "properties": {"name": "p4018", "val": 4018}, "geometry": {"type": "Point", "coordinates": [-122, -32]}}, {"type": "Feature", "properties": {"name": "p4019", "val": 4019}, "geometry": {"type": "Point", "coordinates": [-121, -31]}}, {"type": "Feature", "properties": {"name": "p4020", "val": 4020}, "geometry": {"type": "Point", "coordinates": [-120, -30]}}, {"type": "Feature", "properties": {"name": "p4021", "val": 4021}, "geometry": {"type": "Point", "coordinates": [-119, -29]}}, {"type": "Feature", "properties": {"name": "p4022", "val": 4022}, "geometry": {"type": "Point", "coordinates": [-118, -28]}}, {"type": "Feature", "properties": {"name": "p4023", "val": 4023}, "geometry": {"type": "Point", "coordinates": [-117, -27]}}, {"type": "Feature", "properties": {"name": "p4024", "val": 4024}, "geometry": {"type": "Point", "coordinates": [-116, -26]}}, {"type": "Feature", "properties": {"name": "p4025", "val": 4025}, "geometry": {"type": "Point", "coordinates": [-115, -25]}}, {"type": "Feature", "properties": {"name": "p4026", "val": 4026}, "geometry": {"type": "Point", "coordinates": [-114, -24]}}, {"type": "Feature", "properties": {"name": "p4027", "val": 4027}, "geometry": {"type": "Point", "coordinates": [-113, -23]}}, {"type": "Feature", "properties": {"name": "p4028", "val": 4028}, "geometry": {"type": "Point", "coordinates": [-112, -22]}}, {"type": "Feature", "properties": {"name": "p4029", "val": 4029}, "geometry": {"type": "Point", "coordinates": [-111, -21]}}, {"type": "Feature", "properties": {"name": "p4030", "val": 4030}, "geometry": {"type": "Point", "coordinates": [-110, -20]}}, {"type": "Feature", "properties": {"name": "p4031", "val": 4031}, "geometry": {"type": "Point", "coordinates": [-109, -19]}}, {"type": "Feature", "properties": {"name": "p4032", "val": 4032}, "geometry": {"type": "Point", "coordinates": [-108, -18]}}, {"type": "Feature", "properties": {"name": "p4033", "val": 4033}, "geometry": {"type": "Point", "coordinates": [-107, -17]}}, {"type": "Feature", "properties": {"name": "p4034", "val": 4034}, "geometry": {"type": "Point", "coordinates": [-106, -16]}}, {"type": "Feature", "properties": {"name": "p4035", "val": 4035}, "geometry": {"type": "Point", "coordinates": [-105, -15]}}, {"type": "Feature", "properties": {"name": "p4036", "val": 4036}, "geometry": {"type": "Point", "coordinates": [-104, -14]}}, {"type": "Feature", "properties": {"name": "p4037", "val": 4037}, "geometry": {"type": "Point", "coordinates": [-103, -13]}}, {"type": "Feature", "properties": {"name": "p4038", "val": 4038}, "geometry": {"type": "Point", "coordinates": [-102, -12]}}, {"type": "Feature", "properties": {"name": "p4039", "val": 4039}, "geometry": {"type": "Point", "coordinates": [-101, -11]}}, {"type": "Feature", "properties": {"name": "p4040", "val": 4040}, "geometry": {"type": "Point", "coordinates": [-100, -10]}}, {"type": "Feature", "properties": {"name": "p4041", "val": 4041}, "geometry": {"type": "Point", "coordinates": [-99, -9]}}, {"type": "Feature", "properties": {"name": "p4042", "val": 4042}, "geometry": {"type": "Point", "coordinates": [-98, -8]}}, {"type": "Feature", "properties": {"name": "p4043", "val": 4043}, "geometry": {"type": "Point", "coordinates": [-97, -7]}}, {"type": "Feature", "properties": {"name": "p4044", "val": 4044}, "geometry": {"type": "Point", "coordinates": [-96, -6]}}, {"type": "Feature", "properties": {"name": "p4045", "val": 4045}, "geometry": {"type": "Point", "coordinates": [-95, -5]}}, {"type": "Feature", "properties": {"name": "p4046", "val": 4046}, "geometry": {"type": "Point", "coordinates": [-94, -4]}}, {"type": "Feature", "properties": {"name": "p4047", "val": 4047}, "geometry": {"type": "Point", "coordinates": [-93, -3]}}, {"type": "Feature", "properties": {"name": "p4048", "val": 4048}, "geometry": {"type": "Point", "coordinates": [-92, -2]}}, {"type": "Feature", "properties": {"name": "p4049", "val": 4049}, "geometry": {"type": "Point", "coordinates": [-91, -1]}}, {"type": "Feature", "properties": {"name": "p4050", "val": 4050}, "geometry": {"type": "Point", "coordinates": [-90, 0]}}, {"type": "Feature", "properties": {"name": "p4051", "val": 4051}, "geometry": {"type": "Point", "coordinates": [-89, 1]}}, {"type": "Feature", "properties": {"name": "p4052", "val": 4052}, "geometry": {"type": "Point", "coordinates": [-88, 2]}}, {"type": "Feature", "properties": {"name": "p4053", "val": 4053}, "geometry": {"type": "Point", "coordinates": [-87, 3]}}, {"type": "Feature", "properties": {"name": "p4054", "val": 4054}, "geometry": {"type": "Point", "coordinates": [-86, 4]}}, {"type": "Feature", "properties": {"name": "p4055", "val": 4055}, "geometry": {"type": "Point", "coordinates": [-85, 5]}}, {"type": "Feature", "properties": {"name": "p4056", "val": 4056}, "geometry": {"type": "Point", "coordinates": [-84, 6]}}, {"type": "Feature", "properties": {"name": "p4057", "val": 4057}, "geometry": {"type": "Point", "coordinates": [-83, 7]}}, {"type": "Feature", "properties": {"name": "p4058", "val": 4058}, "geometry": {"type": "Point", "coordinates": [-82, 8]}}, {"type": "Feature", "properties": {"name": "p4059", "val": 4059}, "geometry": {"type": "Point", "coordinates": [-81, 9]}}, {"type": "Feature", "properties": {"name": "p4060", "val": 4060}, "geometry": {"type": "Point", "coordinates": [-80, 10]}}, {"type": "Feature", "properties": {"name": "p4061", "val": 4061}, "geometry": {"type": "Point", "coordinates": [-79, 11]}}, {"type": "Feature", "properties": {"name": "p4062", "val": 4062}, "geometry": {"type": "Point", "coordinates": [-78, 12]}}, {"type": "Feature", "properties": {"name": "p4063", "val": 4063}, "geometry": {"type": "Point", "coordinates": [-77, 13]}}, {"type": "Feature", "properties": {"name": "p4064", "val": 4064}, "geometry": {"type": "Point", "coordinates": [-76, 14]}}, {"type": "Feature", "properties": {"name": "p4065", "val": 4065}, "geometry": {"type": "Point", "coordinates": [-75, 15]}}, {"type": "Feature", "properties": {"name": "p4066", "val": 4066}, "geometry": {"type": "Point", "coordinates": [-74, 16]}}, {"type": "Feature", "properties": {"name": "p4067", "val": 4067}, "geometry": {"type": "Point", "coordinates": [-73, 17]}}, {"type": "Feature", "properties": {"name": "p4068", "val": 4068}, "geometry": {"type": "Point", "coordinates": [-72, 18]}}, {"type": "Feature", "properties": {"name": "p4069", "val": 4069}, "geometry": {"type": "Point", "coordinates": [-71, 19]}}, {"type": "Feature", "properties": {"name": "p4070", "val": 4070}, "geometry": {"type": "Point", "coordinates": [-70, 20]}}, {"type": "Feature", "properties": {"name": "p4071", "val": 4071}, "geometry": {"type": "Point", "coordinates": [-69, 21]}}, {"type": "Feature", "properties": {"name": "p4072", "val": 4072}, "geometry": {"type": "Point", "coordinates": [-68, 22]}}, {"type": "Feature", "properties": {"name": "p4073", "val": 4073}, "geometry": {"type": "Point", "coordinates": [-67, 23]}}, {"type": "Feature", "properties": {"name": "p4074", "val": 4074}, "geometry": {"type": "Point", "coordinates": [-66, 24]}}, {"type": "Feature", "properties": {"name": "p4075", "val": 4075}, "geometry": {"type": "Point", "coordinates": [-65, 25]}}, {"type": "Feature", "properties": {"name": "p4076", "val": 4076}, "geometry": {"type": "Point", "coordinates": [-64, 26]}}, {"type": "Feature", "properties": {"name": "p4077", "val": 4077}, "geometry": {"type": "Point", "coordinates": [-63, 27]}}, {"type": "Feature", "properties": {"name": "p4078", "val": 4078}, "geometry": {"type": "Point", "coordinates": [-62, 28]}}, {"type": "Feature", "properties": {"name": "p4079", "val": 4079}, "geometry": {"type": "Point", "coordinates": [-61, 29]}}, {"type": "Feature", "properties": {"name": "p4080", "val": 4080}, "geometry": {"type": "Point", "coordinates": [-60, 30]}}, {"type": "Feature", "properties": {"name": "p4081", "val": 4081}, "geometry": {"type": "Point", "coordinates": [-59, 31]}}, {"type": "Feature", "properties": {"name": "p4082", "val": 4082}, "geometry": {"type": "Point", "coordinates": [-58, 32]}}, {"type": "Feature", "properties": {"name": "p4083", "val": 4083}, "geometry": {"type": "Point", "coordinates": [-57, 33]}}, {"type": "Feature", "properties": {"name": "p4084", "val": 4084}, "geometry": {"type": "Point", "coordinates": [-56, 34]}}, {"type": "Feature", "properties": {"name": "p4085", "val": 4085}, "geometry": {"type": "Point", "coordinates": [-55, 35]}}, {"type": "Feature", "properties": {"name": "p4086", "val": 4086}, "geometry": {"type": "Point", "coordinates": [-54, 36]}}, {"type": "Feature", "properties": {"name": "p4087", "val": 4087}, "geometry": {"type": "Point", "coordinates": [-53, 37]}}, {"type": "Feature", "properties": {"name": "p4088", "val": 4088}, "geometry": {"type": "Point", "coordinates": [-52, 38]}}, {"type": "Feature", "properties": {"name": "p4089", "val": 4089}, "geometry": {"type": "Point", "coordinates": [-51, 39]}}, {"type": "Feature", "properties": {"name": "p4090", "val": 4090}, "geometry": {"type": "Point", "coordinates": [-50, 40]}}, {"type": "Feature", "properties": {"name": "p4091", "val": 4091}, "geometry": {"type": "Point", "coordinates": [-49, 41]}}, {"type": "Feature", "properties": {"name": "p4092", "val": 4092}, "geometry": {"type": "Point", "coordinates": [-48, 42]}}, {"type": "Feature", "properties": {"name": "p4093", "val": 4093}, "geometry": {"type": "Point", "coordinates": [-47, 43]}}, {"type": "Feature", "properties": {"name": "p4094", "val": 4094}, "geometry": {"type": "Point", "coordinates": [-46, 44]}}, {"type": "Feature", "properties": {"name": "p4095", "val": 4095}, "geometry": {"type": "Point", "coordinates": [-45, 45]}}, {"type": "Feature", "properties": {"name": "p4096", "val": 4096}, "geometry": {"type": "Point", "coordinates": [-44, 46]}}, {"type": "Feature", "properties": {"name": "p4097", "val": 4097}, "geometry": {"type": "Point", "coordinates": [-43, 47]}}, {"type": "Feature", "properties": {"name": "p4098", "val": 4098}, "geometry": {"type": "Point", "coordinates": [-42, 48]}}, {"type": "Feature", "properties": {"name": "p4099", "val": 4099}, "geometry": {"type": "Point", "coordinates": [-41, 49]}}, {"type": "Feature", "properties": {"name": "p4100", "val": 4100}, "geometry": {"type": "Point", "coordinates": [-40, 50]}}, {"type": "Feature", "properties": {"name": "p4101", "val": 4101}, "geometry": {"type": "Point", "coordinates": [-39, 51]}}, {"type": "Feature", "properties": {"name": "p4102", "val": 4102}, "geometry": {"type": "Point", "coordinates": [-38, 52]}}, {"type": "Feature", "properties": {"name": "p4103", "val": 4103}, "geometry": {"type": "Point", "coordinates": [-37, 53]}}, {"type": "Feature", "properties": {"name": "p4104", "val": 4104}, "geometry": {"type": "Point", "coordinates": [-36, 54]}}, {"type": "Feature", "properties": {"name": "p4105", "val": 4105}, "geometry": {"type": "Point", "coordinates": [-35, 55]}}, {"type": "Feature", "properties": {"name": "p4106", "val": 4106}, "geometry": {"type": "Point", "coordinates": [-34, 56]}}, {"type": "Feature", "properties": {"name": "p4107", "val": 4107}, "geometry": {"type": "Point", "coordinates": [-33, 57]}}, {"type": "Feature", "properties": {"name": "p4108", "val": 4108}, "geometry": {"type": "Point", "coordinates": [-32, 58]}}, {"type": "Feature", "properties": {"name": "p4109", "val": 4109}, "geometry": {"type": "Point", "coordinates": [-31, 59]}}, {"type": "Feature", "properties": {"name": "p4110", "val": 4110}, "geometry": {"type": "Point", "coordinates": [-30, 60]}}, {"type": "Feature", "properties": {"name": "p4111", "val": 4111}, "geometry": {"type": "Point", "coordinates": [-29, 61]}}, {"type": "Feature", "properties": {"name": "p4112", "val": 4112}, "geometry": {"type": "Point", "coordinates": [-28, 62]}}, {"type": "Feature", "properties": {"name": "p4113", "val": 4113}, "geometry": {"type": "Point", "coordinates": [-27, 63]}}, {"type": "Feature", "properties": {"name": "p4114", "val": 4114}, "geometry": {"type": "Point", "coordinates": [-26, 64]}}, {"type": "Feature", "properties": {"name": "p4115", "val": 4115}, "geometry": {"type": "Point", "coordinates": [-25, 65]}}, {"type": "Feature", "properties": {"name": "p4116", "val": 4116}, "geometry": {"type": "Point", "coordinates": [-24, 66]}}, {"type": "Feature", "properties": {"name": "p4117", "val": 4117}, "geometry": {"type": "Point", "coordinates": [-23, 67]}}, {"type": "Feature", "properties": {"name": "p4118", "val": 4118}, "geometry": {"type": "Point", "coordinates": [-22, 68]}}, {"type": "Feature", "properties": {"name": "p4119", "val": 4119}, "geometry": {"type": "Point", "coordinates": [-21, 69]}}, {"type": "Feature", "properties": {"name": "p4120", "val": 4120}, "geometry": {"type": "Point", "coordinates": [-20, 70]}}, {"type": "Feature", "properties": {"name": "p4121", "val": 4121}, "geometry": {"type": "Point", "coordinates": [-19, 71]}}, {"type": "Feature", "properties": {"name": "p4122", "val": 4122}, "geometry": {"type": "Point", "coordinates": [-18, 72]}}, {"type": "Feature", "properties": {"name": "p4123", "val": 4123}, "geometry": {"type": "Point", "coordinates": [-17, 73]}}, {"type": "Feature", "properties": {"name": "p4124", "val": 4124}, "geometry": {"type": "Point", "coordinates": [-16, 74]}}, {"type": "Feature", "properties": {"name": "p4125", "val": 4125}, "geometry": {"type": "Point", "coordinates": [-15, 75]}}, {"type": "Feature", "properties": {"name": "p4126", "val": 4126}, "geometry": {"type": "Point", "coordinates": [-14, 76]}}, {"type": "Feature", "properties": {"name": "p4127", "val": 4127}, "geometry": {"type": "Point", "coordinates": [-13, 77]}}, {"type": "Feature", "properties": {"name": "p4128", "val": 4128}, "geometry": {"type": "Point", "coordinates": [-12, 78]}}, {"type": "Feature", "properties": {"name": "p4129", "val": 4129}, "geometry": {"type": "Point", "coordinates": [-11, 79]}}, {"type": "Feature", "properties": {"name": "p4130", "val": 4130}, "geometry": {"type": "Point", "coordinates": [-10, 80]}}, {"type": "Feature", "properties": {"name": "p4131", "val": 4131}, "geometry": {"type": "Point", "coordinates": [-9, 81]}}, {"type": "Feature", "properties": {"name": "p4132", "val": 4132}, "geometry": {"type": "Point", "coordinates": [-8, 82]}}, {"type": "Feature", "properties": {"name": "p4133", "val": 4133}, "geometry": {"type": "Point", "coordinates": [-7, 83]}}, {"type": "Feature", "properties": {"name": "p4134", "val": 4134}, "geometry": {"type": "Point", "coordinates": [-6, 84]}}, {"type": "Feature", "properties": {"name": "p4135", "val": 4135}, "geometry": {"type": "Point", "coordinates": [-5, 85]}}, {"type": "Feature", "properties": {"name": "p4136", "val": 4136}, "geometry": {"type": "Point", "coordinates": [-4, 86]}}, {"type": "Feature", "properties": {"name": "p4137", "val": 4137}, "geometry": {"type": "Point", "coordinates": [-3, 87]}}, {"type": "Feature", "properties": {"name": "p4138", "val": 4138}, "geometry": {"type": "Point", "coordinates": [-2, 88]}}, {"type": "Feature", "properties": {"name": "p4139", "val": 4139}, "geometry": {"type": "Point", "coordinates": [-1, 89]}}, {"type": "Feature", "properties": {"name": "p4140", "val": 4140}, "geometry": {"type": "Point", "coordinates": [0, -90]}}, {"type": "Feature", "properties": {"name": "p4141", "val": 4141}, "geometry": {"type": "Point", "coordinates": [1, -89]}}, {"type": "Feature", "properties": {"name": "p4142", "val": 4142}, "geometry": {"type": "Point", "coordinates": [2, -88]}}, {"type": "Feature", "properties": {"name": "p4143", "val": 4143}, "geometry": {"type": "Point", "coordinates": [3, -87]}}, {"type": "Feature", "properties": {"name": "p4144", "val": 4144}, "geometry": {"type": "Point", "coordinates": [4, -86]}}, {"type": "Feature", "properties": {"name": "p4145", "val": 4145}, "geometry": {"type": "Point", "coordinates": [5, -85]}}, {"type": "Feature", "properties": {"name": "p4146", "val": 4146}, "geometry": {"type": "Point", "coordinates": [6, -84]}}, {"type": "Feature", "properties": {"name": "p4147", "val": 4147}, "geometry": {"type": "Point", "coordinates": [7, -83]}}, {"type": "Feature", "properties": {"name": "p4148", "val": 4148}, "geometry": {"type": "Point", "coordinates": [8, -82]}}, {"type": "Feature", "properties": {"name": "p4149", "val": 4149}, "geometry": {"type": "Point", "coordinates": [9, -81]}}, {"type": "Feature", "properties": {"name": "p4150", "val": 4150}, "geometry": {"type": "Point", "coordinates": [10, -80]}}, {"type": "Feature", "properties": {"name": "p4151", "val": 4151}, "geometry": {"type": "Point", "coordinates": [11, -79]}}, {"type": "Feature", "properties": {"name": "p4152", "val": 4152}, "geometry": {"type": "Point", "coordinates": [12, -78]}}, {"type": "Feature", "properties": {"name": "p4153", "val": 4153}, "geometry": {"type": "Point", "coordinates": [13, -77]}}, {"type": "Feature", "properties": {"name": "p4154", "val": 4154}, "geometry": {"type": "Point", "coordinates": [14, -76]}}, {"type": "Feature", "properties": {"name": "p4155", "val": 4155}, "geometry": {"type": "Point", "coordinates": [15, -75]}}, {"type": "Feature", "properties": {"name": "p4156", "val": 4156}, "geometry": {"type": "Point", "coordinates": [16, -74]}}, {"type": "Feature", "properties": {"name": "p4157", "val": 4157}, "geometry": {"type": "Point", "coordinates": [17, -73]}}, {"type": "Feature", "properties": {"name": "p4158", "val": 4158}, "geometry": {"type": "Point", "coordinates": [18, -72]}}, {"type": "Feature", "properties": {"name": "p4159", "val": 4159}, "geometry": {"type": "Point", "coordinates": [19, -71]}}, {"type": "Feature", "properties": {"name": "p4160", "val": 4160}, "geometry": {"type": "Point", "coordinates": [20, -70]}}, {"type": "Feature", "properties": {"name": "p4161", "val": 4161}, "geometry": {"type": "Point", "coordinates": [21, -69]}}, {"type": "Feature", "properties": {"name": "p4162", "val": 4162}, "geometry": {"type": "Point", "coordinates": [22, -68]}}, {"type": "Feature", "properties": {"name": "p4163", "val": 4163}, "geometry": {"type": "Point", "coordinates": [23, -67]}}, {"type": "Feature", "properties": {"name": "p4164", "val": 4164}, "geometry": {"type": "Point", "coordinates": [24, -66]}}, {"type": "Feature", "properties": {"name": "p4165", "val": 4165}, "geometry": {"type": "Point", "coordinates": [25, -65]}}, {"type": "Feature", "properties": {"name": "p4166", "val": 4166}, "geometry": {"type": "Point", "coordinates": [26, -64]}}, {"type": "Feature", "properties": {"name": "p4167", "val": 4167}, "geometry": {"type": "Point", "coordinates": [27, -63]}}, {"type": "Feature", "properties": {"name": "p4168", "val": 4168}, "geometry": {"type": "Point", "coordinates": [28, -62]}}, {"type": "Feature", "properties": {"name": "p4169", "val": 4169}, "geometry": {"type": "Point", "coordinates": [29, -61]}}, {"type": "Feature", "properties": {"name": "p4170", "val": 4170}, "geometry": {"type": "Point", "coordinates": [30, -60]}}, {"type": "Feature", "properties": {"name": "p4171", "val": 4171}, "geometry": {"type": "Point", "coordinates": [31, -59]}}, {"type": "Feature", "properties": {"name": "p4172", "val": 4172}, "geometry": {"type": "Point", "coordinates": [32, -58]}}, {"type": "Feature", "properties": {"name": "p4173", "val": 4173}, "geometry": {"type": "Point", "coordinates": [33, -57]}}, {"type": "Feature", "properties": {"name": "p4174", "val": 4174}, "geometry": {"type": "Point", "coordinates": [34, -56]}}, {"type": "Feature", "properties": {"name": "p4175", "val": 4175}, "geometry": {"type": "Point", "coordinates": [35, -55]}}, {"type": "Feature", "properties": {"name": "p4176", "val": 4176}, "geometry": {"type": "Point", "coordinates": [36, -54]}}, {"type": "Feature", "properties": {"name": "p4177", "val": 4177}, "geometry": {"type": "Point", "coordinates": [37, -53]}}, {"type": "Feature", "properties": {"name": "p4178", "val": 4178}, "geometry": {"type": "Point", "coordinates": [38, -52]}}, {"type": "Feature", "properties": {"name": "p4179", "val": 4179}, "geometry": {"type": "Point", "coordinates": [39, -51]}}, {"type": "Feature", "properties": {"name": "p4180", "val": 4180}, "geometry": {"type": "Point", "coordinates": [40, -50]}}, {"type": "Feature", "properties": {"name": "p4181", "val": 4181}, "geometry": {"type": "Point", "coordinates": [41, -49]}}, {"type": "Feature", "properties": {"name": "p4182", "val": 4182}, "geometry": {"type": "Point", "coordinates": [42, -48]}}, {"type": "Feature", "properties": {"name": "p4183", "val": 4183}, "geometry": {"type": "Point", "coordinates": [43, -47]}}, {"type": "Feature", "properties": {"name": "p4184", "val": 4184}, "geometry": {"type": "Point", "coordinates": [44, -46]}}, {"type": "Feature", "properties": {"name": "p4185", "val": 4185}, "geometry": {"type": "Point", "coordinates": [45, -45]}}, {"type": "Feature", "properties": {"name": "p4186", "val": 4186}, "geometry": {"type": "Point", "coordinates": [46, -44]}}, {"type": "Feature", "properties": {"name": "p4187", "val": 4187}, "geometry": {"type": "Point", "coordinates": [47, -43]}}, {"type": "Feature", "properties": {"name": "p4188", "val": 4188}, "geometry": {"type": "Point", "coordinates": [48, -42]}}, {"type": "Feature", "properties": {"name": "p4189", "val": 4189}, "geometry": {"type": "Point", "coordinates": [49, -41]}}, {"type": "Feature", "properties": {"name": "p4190", "val": 4190}, "geometry": {"type": "Point", "coordinates": [50, -40]}}, {"type": "Feature", "properties": {"name": "p4191", "val": 4191}, "geometry": {"type": "Point", "coordinates": [51, -39]}}, {"type": "Feature", "properties": {"name": "p4192", "val": 4192}, "geometry": {"type": "Point", "coordinates": [52, -38]}}, {"type": "Feature", "properties": {"name": "p4193", "val": 4193}, "geometry": {"type": "Point", "coordinates": [53, -37]}}, {"type": "Feature", "properties": {"name": "p4194", "val": 4194}, "geometry": {"type": "Point", "coordinates": [54, -36]}}, {"type": "Feature", "properties": {"name": "p4195", "val": 4195}, "geometry": {"type": "Point", "coordinates": [55, -35]}}, {"type": "Feature", "properties": {"name": "p4196", "val": 4196}, "geometry": {"type": "Point", "coordinates": [56, -34]}}, {"type": "Feature", "properties": {"name": "p4197", "val": 4197}, "geometry": {"type": "Point", "coordinates": [57, -33]}}, {"type": "Feature", "properties": {"name": "p4198", "val": 4198}, "geometry": {"type": "Point", "coordinates": [58, -32]}}, {"type": "Feature", "properties": {"name": "p4199", "val": 4199}, "geometry": {"type": "Point", "coordinates": [59, -31]}}, {"type": "Feature", "properties": {"name": "p4200", "val": 4200}, "geometry": {"type": "Point", "coordinates": [60, -30]}}, {"type": "Feature", "properties": {"name": "p4201", "val": 4201}, "geometry": {"type": "Point", "coordinates": [61, -29]}}, {"type": "Feature", "properties": {"name": "p4202", "val": 4202}, "geometry": {"type": "Point", "coordinates": [62, -28]}}, {"type": "Feature", "properties": {"name": "p4203", "val": 4203}, "geometry": {"type": "Point", "coordinates": [63, -27]}}, {"type": "Feature", "properties": {"name": "p4204", "val": 4204}, "geometry": {"type": "Point", "coordinates": [64, -26]}}, {"type": "Feature", "properties": {"name": "p4205", "val": 4205}, "geometry": {"type": "Point", "coordinates": [65, -25]}}, {"type": "Feature", "properties": {"name": "p4206", "val": 4206}, "geometry": {"type": "Point", "coordinates": [66, -24]}}, {"type": "Feature", "properties": {"name": "p4207", "val": 4207}, "geometry": {"type": "Point", "coordinates": [67, -23]}}, {"type": "Feature", "properties": {"name": "p4208", "val": 4208}, "geometry": {"type": "Point", "coordinates": [68, -22]}}, {"type": "Feature", "properties": {"name": "p4209", "val": 4209}, "geometry": {"type": "Point", "coordinates": [69, -21]}}, {"type": "Feature", "properties": {"name": "p4210", "val": 4210}, "geometry": {"type": "Point", "coordinates": [70, -20]}}, {"type": "Feature", "properties": {"name": "p4211", "val": 4211}, "geometry": {"type": "Point", "coordinates": [71, -19]}}, {"type": "Feature", "properties": {"name": "p4212", "val": 4212}, "geometry": {"type": "Point", "coordinates": [72, -18]}}, {"type": "Feature", "properties": {"name": "p4213", "val": 4213}, "geometry": {"type": "Point", "coordinates": [73, -17]}}, {"type": "Feature", "properties": {"name": "p4214", "val": 4214}, "geometry": {"type": "Point", "coordinates": [74, -16]}}, {"type": "Feature", "properties": {"name": "p4215", "val": 4215}, "geometry": {"type": "Point", "coordinates": [75, -15]}}, {"type": "Feature", "properties": {"name": "p4216", "val": 4216}, "geometry": {"type": "Point", "coordinates": [76, -14]}}, {"type": "Feature", "properties": {"name": "p4217", "val": 4217}, "geometry": {"type": "Point", "coordinates": [77, -13]}}, {"type": "Feature", "properties": {"name": "p4218", "val": 4218}, "geometry": {"type": "Point", "coordinates": [78, -12]}}, {"type": "Feature", "properties": {"name": "p4219", "val": 4219}, "geometry": {"type": "Point", "coordinates": [79, -11]}}, {"type": "Feature", "properties": {"name": "p4220", "val": 4220}, "geometry": {"type": "Point", "coordinates": [80, -10]}}, {"type": "Feature", "properties": {"name": "p4221", "val": 4221}, "geometry": {"type": "Point", "coordinates": [81, -9]}}, {"type": "Feature", "properties": {"name": "p4222", "val": 4222}, "geometry": {"type": "Point", "coordinates": [82, -8]}}, {"type": "Feature", "properties": {"name": "p4223", "val": 4223}, "geometry": {"type": "Point", "coordinates": [83, -7]}}, {"type": "Feature", "properties": {"name": "p4224", "val": 4224}, "geometry": {"type": "Point", "coordinates": [84, -6]}}, {"type": "Feature", "properties": {"name": "p4225", "val": 4225}, "geometry": {"type": "Point", "coordinates": [85, -5]}}, {"type": "Feature", "properties": {"name": "p4226", "val": 4226}, "geometry": {"type": "Point", "coordinates": [86, -4]}}, {"type": "Feature", "properties": {"name": "p4227", "val": 4227}, "geometry": {"type": "Point", "coordinates": [87, -3]}}, {"type": "Feature", "properties": {"name": "p4228", "val": 4228}, "geometry": {"type": "Point", "coordinates": [88, -2]}}, {"type": "Feature", "properties": {"name": "p4229", "val": 4229}, "geometry": {"type": "Point", "coordinates": [89, -1]}}, {"type": "Feature", "properties": {"name": "p4230", "val": 4230}, "geometry": {"type": "Point", "coordinates": [90, 0]}}, {"type": "Feature", "properties": {"name": "p4231", "val": 4231}, "geometry": {"type": "Point", "coordinates": [91, 1]}}, {"type": "Feature", "properties": {"name": "p4232", "val": 4232}, "geometry": {"type": "Point", "coordinates": [92, 2]}}, {"type": "Feature", "properties": {"name": "p4233", "val": 4233}, "geometry": {"type": "Point", "coordinates": [93, 3]}}, {"type": "Feature", "properties": {"name": "p4234", "val": 4234}, "geometry": {"type": "Point", "coordinates": [94, 4]}}, {"type": "Feature", "properties": {"name": "p4235", "val": 4235}, "geometry": {"type": "Point", "coordinates": [95, 5]}}, {"type": "Feature", "properties": {"name": "p4236", "val": 4236}, "geometry": {"type": "Point", "coordinates": [96, 6]}}, {"type": "Feature", "properties": {"name": "p4237", "val": 4237}, "geometry": {"type": "Point", "coordinates": [97, 7]}}, {"type": "Feature", "properties": {"name": "p4238", "val": 4238}, "geometry": {"type": "Point", "coordinates": [98, 8]}}, {"type": "Feature", "properties": {"name": "p4239", "val": 4239}, "geometry": {"type": "Point", "coordinates": [99, 9]}}, {"type": "Feature", "properties": {"name": "p4240", "val": 4240}, "geometry": {"type": "Point", "coordinates": [100, 10]}}, {"type": "Feature", "properties": {"name": "p4241", "val": 4241}, "geometry": {"type": "Point", "coordinates": [101, 11]}}, {"type": "Feature", "properties": {"name": "p4242", "val": 4242}, "geometry": {"type": "Point", "coordinates": [102, 12]}}, {"type": "Feature", "properties": {"name": "p4243", "val": 4243}, "geometry": {"type": "Point", "coordinates": [103, 13]}}, {"type": "Feature", "properties": {"name": "p4244", "val": 4244}, "geometry": {"type": "Point", "coordinates": [104, 14]}}, {"type": "Feature", "properties": {"name": "p4245", "val": 4245}, "geometry": {"type": "Point", "coordinates": [105, 15]}}, {"type": "Feature", "properties": {"name": "p4246", "val": 4246}, "geometry": {"type": "Point", "coordinates": [106, 16]}}, {"type": "Feature", "properties": {"name": "p4247", "val": 4247}, "geometry": {"type": "Point", "coordinates": [107, 17]}}, {"type": "Feature", "properties": {"name": "p4248", "val": 4248}, "geometry": {"type": "Point", "coordinates": [108, 18]}}, {"type": "Feature", "properties": {"name": "p4249", "val": 4249}, "geometry": {"type": "Point", "coordinates": [109, 19]}}, {"type": "Feature", "properties": {"name": "p4250", "val": 4250}, "geometry": {"type": "Point", "coordinates": [110, 20]}}, {"type": "Feature", "properties": {"name": "p4251", "val": 4251}, "geometry": {"type": "Point", "coordinates": [111, 21]}}, {"type": "Feature", "properties": {"name": "p4252", "val": 4252}, "geometry": {"type": "Point", "coordinates": [112, 22]}}, {"type": "Feature", "properties": {"name": "p4253", "val": 4253}, "geometry": {"type": "Point", "coordinates": [113, 23]}}, {"type": "Feature", "properties": {"name": "p4254", "val": 4254}, "geometry": {"type": "Point", "coordinates": [114, 24]}}, {"type": "Feature", "properties": {"name": "p4255", "val": 4255}, "geometry": {"type": "Point", "coordinates": [115, 25]}}, {"type": "Feature", "properties": {"name": "p4256", "val": 4256}, "geometry": {"type": "Point", "coordinates": [116, 26]}}, {"type": "Feature", "properties": {"name": "p4257", "val": 4257}, "geometry": {"type": "Point", "coordinates": [117, 27]}}, {"type": "Feature", "properties": {"name": "p4258", "val": 4258}, "geometry": {"type": "Point", "coordinates": [118, 28]}}, {"type": "Feature", "properties": {"name": "p4259", "val": 4259}, "geometry": {"type": "Point", "coordinates": [119, 29]}}, {"type": "Feature", "properties": {"name": "p4260", "val": 4260}, "geometry": {"type": "Point", "coordinates": [120, 30]}}, {"type": "Feature", "properties": {"name": "p4261", "val": 4261}, "geometry": {"type": "Point", "coordinates": [121, 31]}}, {"type": "Feature", "properties": {"name": "p4262", "val": 4262}, "geometry": {"type": "Point", "coordinates": [122, 32]}}, {"type": "Feature", "properties": {"name": "p4263", "val": 4263}, "geometry": {"type": "Point", "coordinates": [123, 33]}}, {"type": "Feature", "properties": {"name": "p4264", "val": 4264}, "geometry": {"type": "Point", "coordinates": [124, 34]}}, {"type": "Feature", "properties": {"name": "p4265", "val": 4265}, "geometry": {"type": "Point", "coordinates": [125, 35]}}, {"type": "Feature", "properties": {"name": "p4266", "val": 4266}, "geometry": {"type": "Point", "coordinates": [126, 36]}}, {"type": "Feature", "properties": {"name": "p4267", "val": 4267}, "geometry": {"type": "Point", "coordinates": [127, 37]}}, {"type": "Feature", "properties": {"name": "p4268", "val": 4268}, "geometry": {"type": "Point", "coordinates": [128, 38]}}, {"type": "Feature", "properties": {"name": "p4269", "val": 4269}, "geometry": {"type": "Point", "coordinates": [129, 39]}}, {"type": "Feature", "properties": {"name": "p4270", "val": 4270}, "geometry": {"type": "Point", "coordinates": [130, 40]}}, {"type": "Feature", "properties": {"name": "p4271", "val": 4271}, "geometry": {"type": "Point", "coordinates": [131, 41]}}, {"type": "Feature", "properties": {"name": "p4272", "val": 4272}, "geometry": {"type": "Point", "coordinates": [132, 42]}}, {"type": "Feature", "properties": {"name": "p4273", "val": 4273}, "geometry": {"type": "Point", "coordinates": [133, 43]}}, {"type": "Feature", "properties": {"name": "p4274", "val": 4274}, "geometry": {"type": "Point", "coordinates": [134, 44]}}, {"type": "Feature", "properties": {"name": "p4275", "val": 4275}, "geometry": {"type": "Point", "coordinates": [135, 45]}}, {"type": "Feature", "properties": {"name": "p4276", "val": 4276}, "geometry": {"type": "Point", "coordinates": [136, 46]}}, {"type": "Feature", "properties": {"name": "p4277", "val": 4277}, "geometry": {"type": "Point", "coordinates": [137, 47]}}, {"type": "Feature", "properties": {"name": "p4278", "val": 4278}, "geometry": {"type": "Point", "coordinates": [138, 48]}}, {"type": "Feature", "properties": {"name": "p4279", "val": 4279}, "geometry": {"type": "Point", "coordinates": [139, 49]}}, {"type": "Feature", "properties": {"name": "p4280", "val": 4280}, "geometry": {"type": "Point", "coordinates": [140, 50]}}, {"type": "Feature", "properties": {"name": "p4281", "val": 4281}, "geometry": {"type": "Point", "coordinates": [141, 51]}}, {"type": "Feature", "properties": {"name": "p4282", "val": 4282}, "geometry": {"type": "Point", "coordinates": [142, 52]}}, {"type": "Feature", "properties": {"name": "p4283", "val": 4283}, "geometry": {"type": "Point", "coordinates": [143, 53]}}, {"type": "Feature", "properties": {"name": "p4284", "val": 4284}, "geometry": {"type": "Point", "coordinates": [144, 54]}}, {"type": "Feature", "properties": {"name": "p4285", "val": 4285}, "geometry": {"type": "Point", "coordinates": [145, 55]}}, {"type": "Feature", "properties": {"name": "p4286", "val": 4286}, "geometry": {"type": "Point", "coordinates": [146, 56]}}, {"type": "Feature", "properties": {"name": "p4287", "val": 4287}, "geometry": {"type": "Point", "coordinates": [147, 57]}}, {"type": "Feature", "properties": {"name": "p4288", "val": 4288}, "geometry": {"type": "Point", "coordinates": [148, 58]}}, {"type": "Feature", "properties": {"name": "p4289", "val": 4289}, "geometry": {"type": "Point", "coordinates": [149, 59]}}, {"type": "Feature", "properties": {"name": "p4290", "val": 4290}, "geometry": {"type": "Point", "coordinates": [150, 60]}}, {"type": "Feature", "properties": {"name": "p4291", "val": 4291}, "geometry": {"type": "Point", "coordinates": [151, 61]}}, {"type": "Feature", "properties": {"name": "p4292", "val": 4292}, "geometry": {"type": "Point", "coordinates": [152, 62]}}, {"type": "Feature", "properties": {"name": "p4293", "val": 4293}, "geometry": {"type": "Point", "coordinates": [153, 63]}}, {"type": "Feature", "properties": {"name": "p4294", "val": 4294}, "geometry": {"type": "Point", "coordinates": [154, 64]}}, {"type": "Feature", "properties": {"name": "p4295", "val": 4295}, "geometry": {"type": "Point", "coordinates": [155, 65]}}, {"type": "Feature", "properties": {"name": "p4296", "val": 4296}, "geometry": {"type": "Point", "coordinates": [156, 66]}}, {"type": "Feature", "properties": {"name": "p4297", "val": 4297}, "geometry": {"type": "Point", "coordinates": [157, 67]}}, {"type": "Feature", "properties": {"name": "p4298", "val": 4298}, "geometry": {"type": "Point", "coordinates": [158, 68]}}, {"type": "Feature", "properties": {"name": "p4299", "val": 4299}, "geometry": {"type": "Point", "coordinates": [159, 69]}}, {"type": "Feature", "properties": {"name": "p4300", "val": 4300}, "geometry": {"type": "Point", "coordinates": [160, 70]}}, {"type": "Feature", "properties": {"name": "p4301", "val": 4301}, "geometry": {"type": "Point", "coordinates": [161, 71]}}, {"type": "Feature", "properties": {"name": "p4302", "val": 4302}, "geometry": {"type": "Point", "coordinates": [162, 72]}}, {"type": "Feature", "properties": {"name": "p4303", "val": 4303}, "geometry": {"type": "Point", "coordinates": [163, 73]}}, {"type": "Feature", "properties": {"name": "p4304", "val": 4304}, "geometry": {"type": "Point", "coordinates": [164, 74]}}, {"type": "Feature", "properties": {"name": "p4305", "val": 4305}, "geometry": {"type": "Point", "coordinates": [165, 75]}}, {"type": "Feature", "properties": {"name": "p4306", "val": 4306}, "geometry": {"type": "Point", "coordinates": [166, 76]}}, {"type": "Feature", "properties": {"name": "p4307", "val": 4307}, "geometry": {"type": "Point", "coordinates": [167, 77]}}, {"type": "Feature", "properties": {"name": "p4308", "val": 4308}, "geometry": {"type": "Point", "coordinates": [168, 78]}}, {"type": "Feature", "properties": {"name": "p4309", "val": 4309}, "geometry": {"type": "Point", "coordinates": [169, 79]}}, {"type": "Feature", "properties": {"name": "p4310", "val": 4310}, "geometry": {"type": "Point", "coordinates": [170, 80]}}, {"type": "Feature", "properties": {"name": "p4311", "val": 4311}, "geometry": {"type": "Point", "coordinates": [171, 81]}}, {"type": "Feature", "properties": {"name": "p4312", "val": 4312}, "geometry": {"type": "Point", "coordinates": [172, 82]}}, {"type": "Feature", "properties": {"name": "p4313", "val": 4313}, "geometry": {"type": "Point", "coordinates": [173, 83]}}, {"type": "Feature", "properties": {"name": "p4314", "val": 4314}, "geometry": {"type": "Point", "coordinates": [174, 84]}}, {"type": "Feature", "properties": {"name": "p4315", "val": 4315}, "geometry": {"type": "Point", "coordinates": [175, 85]}}, {"type": "Feature", "properties": {"name": "p4316", "val": 4316}, "geometry": {"type": "Point", "coordinates": [176, 86]}}, {"type": "Feature", "properties": {"name": "p4317", "val": 4317}, "geometry": {"type": "Point", "coordinates": [177, 87]}}, {"type": "Feature", "properties": {"name": "p4318", "val": 4318}, "geometry": {"type": "Point", "coordinates": [178, 88]}}, {"type": "Feature", "properties": {"name": "p4319", "val": 4319}, "geometry": {"type": "Point", "coordinates": [179, 89]}}, {"type": "Feature", "properties": {"name": "p4320", "val": 4320}, "geometry": {"type": "Point", "coordinates": [-180, -90]}}, {"type": "Feature", "properties": {"name": "p4321", "val": 4321}, "geometry": {"type": "Point", "coordinates": [-179, -89]}}, {"type": "Feature", "properties": {"name": "p4322", "val": 4322}, "geometry": {"type": "Point", "coordinates": [-178, -88]}}, {"type": "Feature", "properties": {"name": "p4323", "val": 4323}, "geometry": {"type": "Point", "coordinates": [-177, -87]}}, {"type": "Feature", "properties": {"name": "p4324", "val": 4324}, "geometry": {"type": "Point", "coordinates": [-176, -86]}}, {"type": "Feature", "properties": {"name": "p4325", "val": 4325}, "geometry": {"type": "Point", "coordinates": [-175, -85]}}, {"type": "Feature", "properties": {"name": "p4326", "val": 4326}, "geometry": {"type": "Point", "coordinates": [-174, -84]}}, {"type": "Feature", "properties": {"name": "p4327", "val": 4327}, "geometry": {"type": "Point", "coordinates": [-173, -83]}}, {"type": "Feature", "properties": {"name": "p4328", "val": 4328}, "geometry": {"type": "Point", "coordinates": [-172, -82]}}, {"type": "Feature", "properties": {"name": "p4329", "val": 4329}, "geometry": {"type": "Point", "coordinates": [-171, -81]}}, {"type": "Feature", "properties": {"name": "p4330", "val": 4330}, "geometry": {"type": "Point", "coordinates": [-170, -80]}}, {"type": "Feature", "properties": {"name": "p4331", "val": 4331}, "geometry": {"type": "Point", "coordinates": [-169, -79]}}, {"type": "Feature", "properties": {"name": "p4332", "val": 4332}, "geometry": {"type": "Point", "coordinates": [-168, -78]}}, {"type": "Feature", "properties": {"name": "p4333", "val": 4333}, "geometry": {"type": "Point", "coordinates": [-167, -77]}}, {"type": "Feature", "properties": {"name": "p4334", "val": 4334}, "geometry": {"type": "Point", "coordinates": [-166, -76]}}, {"type": "Feature", "properties": {"name": "p4335", "val": 4335}, "geometry": {"type": "Point", "coordinates": [-165, -75]}}, {"type": "Feature", "properties": {"name": "p4336", "val": 4336}, "geometry": {"type": "Point", "coordinates": [-164, -74]}}, {"type": "Feature", "properties": {"name": "p4337", "val": 4337}, "geometry": {"type": "Point", "coordinates": [-163, -73]}}, {"type": "Feature", "properties": {"name": "p4338", "val": 4338}, "geometry": {"type": "Point", "coordinates": [-162, -72]}}, {"type": "Feature", "properties": {"name": "p4339", "val": 4339}, "geometry": {"type": "Point", "coordinates": [-161, -71]}}, {"type": "Feature", "properties": {"name": "p4340", "val": 4340}, "geometry": {"type": "Point", "coordinates": [-160, -70]}}, {"type": "Feature", "properties": {"name": "p4341", "val": 4341}, "geometry": {"type": "Point", "coordinates": [-159, -69]}}, {"type": "Feature", "properties": {"name": "p4342", "val": 4342}, "geometry": {"type": "Point", "coordinates": [-158, -68]}}, {"type": "Feature", "properties": {"name": "p4343", "val": 4343}, "geometry": {"type": "Point", "coordinates": [-157, -67]}}, {"type": "Feature", "properties": {"name": "p4344", "val": 4344}, "geometry": {"type": "Point", "coordinates": [-156, -66]}}, {"type": "Feature", "properties": {"name": "p4345", "val": 4345}, "geometry": {"type": "Point", "coordinates": [-155, -65]}}, {"type": "Feature", "properties": {"name": "p4346", "val": 4346}, "geometry": {"type": "Point", "coordinates": [-154, -64]}}, {"type": "Feature", "properties": {"name": "p4347", "val": 4347}, "geometry": {"type": "Point", "coordinates": [-153, -63]}}, {"type": "Feature", "properties": {"name": "p4348", "val": 4348}, "geometry": {"type": "Point", "coordinates": [-152, -62]}}, {"type": "Feature", "properties": {"name": "p4349", "val": 4349}, "geometry": {"type": "Point", "coordinates": [-151, -61]}}, {"type": "Feature", "properties": {"name": "p4350", "val": 4350}, "geometry": {"type": "Point", "coordinates": [-150, -60]}}, {"type": "Feature", "properties": {"name": "p4351", "val": 4351}, "geometry": {"type": "Point", "coordinates": [-149, -59]}}, {"type": "Feature", "properties": {"name": "p4352", "val": 4352}, "geometry": {"type": "Point", "coordinates": [-148, -58]}}, {"type": "Feature", "properties": {"name": "p4353", "val": 4353}, "geometry": {"type": "Point", "coordinates": [-147, -57]}}, {"type": "Feature", "properties": {"name": "p4354", "val": 4354}, "geometry": {"type": "Point", "coordinates": [-146, -56]}}, {"type": "Feature", "properties": {"name": "p4355", "val": 4355}, "geometry": {"type": "Point", "coordinates": [-145, -55]}}, {"type": "Feature", "properties": {"name": "p4356", "val": 4356}, "geometry": {"type": "Point", "coordinates": [-144, -54]}}, {"type": "Feature", "properties": {"name": "p4357", "val": 4357}, "geometry": {"type": "Point", "coordinates": [-143, -53]}}, {"type": "Feature", "properties": {"name": "p4358", "val": 4358}, "geometry": {"type": "Point", "coordinates": [-142, -52]}}, {"type": "Feature", "properties": {"name": "p4359", "val": 4359}, "geometry": {"type": "Point", "coordinates": [-141, -51]}}, {"type": "Feature", "properties": {"name": "p4360", "val": 4360}, "geometry": {"type": "Point", "coordinates": [-140, -50]}}, {"type": "Feature", "properties": {"name": "p4361", "val": 4361}, "geometry": {"type": "Point", "coordinates": [-139, -49]}}, {"type": "Feature", "properties": {"name": "p4362", "val": 4362}, "geometry": {"type": "Point", "coordinates": [-138, -48]}}, {"type": "Feature", "properties": {"name": "p4363", "val": 4363}, "geometry": {"type": "Point", "coordinates": [-137, -47]}}, {"type": "Feature", "properties": {"name": "p4364", "val": 4364}, "geometry": {"type": "Point", "coordinates": [-136, -46]}}, {"type": "Feature", "properties": {"name": "p4365", "val": 4365}, "geometry": {"type": "Point", "coordinates": [-135, -45]}}, {"type": "Feature", "properties": {"name": "p4366", "val": 4366}, "geometry": {"type": "Point", "coordinates": [-134, -44]}}, {"type": "Feature", "properties": {"name": "p4367", "val": 4367}, "geometry": {"type": "Point", "coordinates": [-133, -43]}}, {"type": "Feature", "properties": {"name": "p4368", "val": 4368}, "geometry": {"type": "Point", "coordinates": [-132, -42]}}, {"type": "Feature", "properties": {"name": "p4369", "val": 4369}, "geometry": {"type": "Point", "coordinates": [-131, -41]}}, {"type": "Feature", "properties": {"name": "p4370", "val": 4370}, "geometry": {"type": "Point", "coordinates": [-130, -40]}}, {"type": "Feature", "properties": {"name": "p4371", "val": 4371}, "geometry": {"type": "Point", "coordinates": [-129, -39]}}, {"type": "Feature", "properties": {"name": "p4372", "val": 4372}, "geometry": {"type": "Point", "coordinates": [-128, -38]}}, {"type": "Feature", "properties": {"name": "p4373", "val": 4373}, "geometry": {"type": "Point", "coordinates": [-127, -37]}}, {"type": "Feature", "properties": {"name": "p4374", "val": 4374}, "geometry": {"type": "Point", "coordinates": [-126, -36]}}, {"type": "Feature", "properties": {"name": "p4375", "val": 4375}, "geometry": {"type": "Point", "coordinates": [-125, -35]}}, {"type": "Feature", "properties": {"name": "p4376", "val": 4376}, "geometry": {"type": "Point", "coordinates": [-124, -34]}}, {"type": "Feature", "properties": {"name": "p4377", "val": 4377}, "geometry": {"type": "Point", "coordinates": [-123, -33]}}, {"type": "Feature", "properties": {"name": "p4378", "val": 4378}, "geometry": {"type": "Point", "coordinates": [-122, -32]}}, {"type": "Feature", "properties": {"name": "p4379", "val": 4379}, "geometry": {"type": "Point", "coordinates": [-121, -31]}}, {"type": "Feature", "properties": {"name": "p4380", "val": 4380}, "geometry": {"type": "Point", "coordinates": [-120, -30]}}, {"type": "Feature", "properties": {"name": "p4381", "val": 4381}, "geometry": {"type": "Point", "coordinates": [-119, -29]}}, {"type": "Feature", "properties": {"name": "p4382", "val": 4382}, "geometry": {"type": "Point", "coordinates": [-118, -28]}}, {"type": "Feature", "properties": {"name": "p4383", "val": 4383}, "geometry": {"type": "Point", "coordinates": [-117, -27]}}, {"type": "Feature", "properties": {"name": "p4384", "val": 4384}, "geometry": {"type": "Point", "coordinates": [-116, -26]}}, {"type": "Feature", "properties": {"name": "p4385", "val": 4385}, "geometry": {"type": "Point", "coordinates": [-115, -25]}}, {"type": "Feature", "properties": {"name": "p4386", "val": 4386}, "geometry": {"type": "Point", "coordinates": [-114, -24]}}, {"type": "Feature", "properties": {"name": "p4387", "val": 4387}, "geometry": {"type": "Point", "coordinates": [-113, -23]}}, {"type": "Feature", "properties": {"name": "p4388", "val": 4388}, "geometry": {"type": "Point", "coordinates": [-112, -22]}}, {"type": "Feature", "properties": {"name": "p4389", "val": 4389}, "geometry": {"type": "Point", "coordinates": [-111, -21]}}, {"type": "Feature", "properties": {"name": "p4390", "val": 4390}, "geometry": {"type": "Point", "coordinates": [-110, -20]}}, {"type": "Feature", "properties": {"name": "p4391", "val": 4391}, "geometry": {"type": "Point", "coordinates": [-109, -19]}}, {"type": "Feature", "properties": {"name": "p4392", "val": 4392}, "geometry": {"type": "Point", "coordinates": [-108, -18]}}, {"type": "Feature", "properties": {"name": "p4393", "val": 4393}, "geometry": {"type": "Point", "coordinates": [-107, -17]}}, {"type": "Feature", "properties": {"name": "p4394", "val": 4394}, "geometry": {"type": "Point", "coordinates": [-106, -16]}}, {"type": "Feature", "properties": {"name": "p4395", "val": 4395}, "geometry": {"type": "Point", "coordinates": [-105, -15]}}, {"type": "Feature", "properties": {"name": "p4396", "val": 4396}, "geometry": {"type": "Point", "coordinates": [-104, -14]}}, {"type": "Feature", "properties": {"name": "p4397", "val": 4397}, "geometry": {"type": "Point", "coordinates": [-103, -13]}}, {"type": "Feature", "properties": {"name": "p4398", "val": 4398}, "geometry": {"type": "Point", "coordinates": [-102, -12]}}, {"type": "Feature", "properties": {"name": "p4399", "val": 4399}, "geometry": {"type": "Point", "coordinates": [-101, -11]}}, {"type": "Feature", "properties": {"name": "p4400", "val": 4400}, "geometry": {"type": "Point", "coordinates": [-100, -10]}}, {"type": "Feature", "properties": {"name": "p4401", "val": 4401}, "geometry": {"type": "Point", "coordinates": [-99, -9]}}, {"type": "Feature", "properties": {"name": "p4402", "val": 4402}, "geometry": {"type": "Point", "coordinates": [-98, -8]}}, {"type": "Feature", "properties": {"name": "p4403", "val": 4403}, "geometry": {"type": "Point", "coordinates": [-97, -7]}}, {"type": "Feature", "properties": {"name": "p4404", "val": 4404}, "geometry": {"type": "Point", "coordinates": [-96, -6]}}, {"type": "Feature", "properties": {"name": "p4405", "val": 4405}, "geometry": {"type": "Point", "coordinates": [-95, -5]}}, {"type": "Feature", "properties": {"name": "p4406", "val": 4406}, "geometry": {"type": "Point", "coordinates": [-94, -4]}}, {"type": "Feature", "properties": {"name": "p4407", "val": 4407}, "geometry": {"type": "Point", "coordinates": [-93, -3]}}, {"type": "Feature", "properties": {"name": "p4408", "val": 4408}, "geometry": {"type": "Point", "coordinates": [-92, -2]}}, {"type": "Feature", "properties": {"name": "p4409", "val": 4409}, "geometry": {"type": "Point", "coordinates": [-91, -1]}}, {"type": "Feature", "properties": {"name": "p4410", "val": 4410}, "geometry": {"type": "Point", "coordinates": [-90, 0]}}, {"type": "Feature", "properties": {"name": "p4411", "val": 4411}, "geometry": {"type": "Point", "coordinates": [-89, 1]}}, {"type": "Feature", "properties": {"name": "p4412", "val": 4412}, "geometry": {"type": "Point", "coordinates": [-88, 2]}}, {"type": "Feature", "properties": {"name": "p4413", "val": 4413}, "geometry": {"type": "Point", "coordinates": [-87, 3]}}, {"type": "Feature", "properties": {"name": "p4414", "val": 4414}, "geometry": {"type": "Point", "coordinates": [-86, 4]}}, {"type": "Feature", "properties": {"name": "p4415", "val": 4415}, "geometry": {"type": "Point", "coordinates": [-85, 5]}}, {"type": "Feature", "properties": {"name": "p4416", "val": 4416}, "geometry": {"type": "Point", "coordinates": [-84, 6]}}, {"type": "Feature", "properties": {"name": "p4417", "val": 4417}, "geometry": {"type": "Point", "coordinates": [-83, 7]}}, {"type": "Feature", "properties": {"name": "p4418", "val": 4418}, "geometry": {"type": "Point", "coordinates": [-82, 8]}}, {"type": "Feature", "properties": {"name": "p4419", "val": 4419}, "geometry": {"type": "Point", "coordinates": [-81, 9]}}, {"type": "Feature", "properties": {"name": "p4420", "val": 4420}, "geometry": {"type": "Point", "coordinates": [-80, 10]}}, {"type": "Feature", "properties": {"name": "p4421", "val": 4421}, "geometry": {"type": "Point", "coordinates": [-79, 11]}}, {"type": "Feature", "properties": {"name": "p4422", "val": 4422}, "geometry": {"type": "Point", "coordinates": [-78, 12]}}, {"type": "Feature", "properties": {"name": "p4423", "val": 4423}, "geometry": {"type": "Point", "coordinates": [-77, 13]}}, {"type": "Feature", "properties": {"name": "p4424", "val": 4424}, "geometry": {"type": "Point", "coordinates": [-76, 14]}}, {"type": "Feature", "properties": {"name": "p4425", "val": 4425}, "geometry": {"type": "Point", "coordinates": [-75, 15]}}, {"type": "Feature", "properties": {"name": "p4426", "val": 4426}, "geometry": {"type": "Point", "coordinates": [-74, 16]}}, {"type": "Feature", "properties": {"name": "p4427", "val": 4427}, "geometry": {"type": "Point", "coordinates": [-73, 17]}}, {"type": "Feature", "properties": {"name": "p4428", "val": 4428}, "geometry": {"type": "Point", "coordinates": [-72, 18]}}, {"type": "Feature", "properties": {"name": "p4429", "val": 4429}, "geometry": {"type": "Point", "coordinates": [-71, 19]}}, {"type": "Feature", "properties": {"name": "p4430", "val": 4430}, "geometry": {"type": "Point", "coordinates": [-70, 20]}}, {"type": "Feature", "properties": {"name": "p4431", "val": 4431}, "geometry": {"type": "Point", "coordinates": [-69, 21]}}, {"type": "Feature", "properties": {"name": "p4432", "val": 4432}, "geometry": {"type": "Point", "coordinates": [-68, 22]}}, {"type": "Feature", "properties": {"name": "p4433", "val": 4433}, "geometry": {"type": "Point", "coordinates": [-67, 23]}}, {"type": "Feature", "properties": {"name": "p4434", "val": 4434}, "geometry": {"type": "Point", "coordinates": [-66, 24]}}, {"type": "Feature", "properties": {"name": "p4435", "val": 4435}, "geometry": {"type": "Point", "coordinates": [-65, 25]}}, {"type": "Feature", "properties": {"name": "p4436", "val": 4436}, "geometry": {"type": "Point", "coordinates": [-64, 26]}}, {"type": "Feature", "properties": {"name": "p4437", "val": 4437}, "geometry": {"type": "Point", "coordinates": [-63, 27]}}, {"type": "Feature", "properties": {"name": "p4438", "val": 4438}, "geometry": {"type": "Point", "coordinates": [-62, 28]}}, {"type": "Feature", "properties": {"name": "p4439", "val": 4439}, "geometry": {"type": "Point", "coordinates": [-61, 29]}}, {"type": "Feature", "properties": {"name": "p4440", "val": 4440}, "geometry": {"type": "Point", "coordinates": [-60, 30]}}, {"type": "Feature", "properties": {"name": "p4441", "val": 4441}, "geometry": {"type": "Point", "coordinates": [-59, 31]}}, {"type": "Feature", "properties": {"name": "p4442", "val": 4442}, "geometry": {"type": "Point", "coordinates": [-58, 32]}}, {"type": "Feature", "properties": {"name": "p4443", "val": 4443}, "geometry": {"type": "Point", "coordinates": [-57, 33]}}, {"type": "Feature", "properties": {"name": "p4444", "val": 4444}, "geometry": {"type": "Point", "coordinates": [-56, 34]}}, {"type": "Feature", "properties": {"name": "p4445", "val": 4445}, "geometry": {"type": "Point", "coordinates": [-55, 35]}}, {"type": "Feature", "properties": {"name": "p4446", "val": 4446}, "geometry": {"type": "Point", "coordinates": [-54, 36]}}, {"type": "Feature", "properties": {"name": "p4447", "val": 4447}, "geometry": {"type": "Point", "coordinates": [-53, 37]}}, {"type": "Feature", "properties": {"name": "p4448", "val": 4448}, "geometry": {"type": "Point", "coordinates": [-52, 38]}}, {"type": "Feature", "properties": {"name": "p4449", "val": 4449}, "geometry": {"type": "Point", "coordinates": [-51, 39]}}, {"type": "Feature", "properties": {"name": "p4450", "val": 4450}, "geometry": {"type": "Point", "coordinates": [-50, 40]}}, {"type": "Feature", "properties": {"name": "p4451", "val": 4451}, "geometry": {"type": "Point", "coordinates": [-49, 41]}}, {"type": "Feature", "properties": {"name": "p4452", "val": 4452}, "geometry": {"type": "Point", "coordinates": [-48, 42]}}, {"type": "Feature", "properties": {"name": "p4453", "val": 4453}, "geometry": {"type": "Point", "coordinates": [-47, 43]}}, {"type": "Feature", "properties": {"name": "p4454", "val": 4454}, "geometry": {"type": "Point", "coordinates": [-46, 44]}}, {"type": "Feature", "properties": {"name": "p4455", "val": 4455}, "geometry": {"type": "Point", "coordinates": [-45, 45]}}, {"type": "Feature", "properties": {"name": "p4456", "val": 4456}, "geometry": {"type": "Point", "coordinates": [-44, 46]}}, {"type": "Feature", "properties": {"name": "p4457", "val": 4457}, "geometry": {"type": "Point", "coordinates": [-43, 47]}}, {"type": "Feature", "properties": {"name": "p4458", "val": 4458}, "geometry": {"type": "Point", "coordinates": [-42, 48]}}, {"type": "Feature", "properties": {"name": "p4459", "val": 4459}, "geometry": {"type": "Point", "coordinates": [-41, 49]}}, {"type": "Feature", "properties": {"name": "p4460", "val": 4460}, "geometry": {"type": "Point", "coordinates": [-40, 50]}}, {"type": "Feature", "properties": {"name": "p4461", "val": 4461}, "geometry": {"type": "Point", "coordinates": [-39, 51]}}, {"type": "Feature", "properties": {"name": "p4462", "val": 4462}, "geometry": {"type": "Point", "coordinates": [-38, 52]}}, {"type": "Feature", "properties": {"name": "p4463", "val": 4463}, "geometry": {"type": "Point", "coordinates": [-37, 53]}}, {"type": "Feature", "properties": {"name": "p4464", "val": 4464}, "geometry": {"type": "Point", "coordinates": [-36, 54]}}, {"type": "Feature", "properties": {"name": "p4465", "val": 4465}, "geometry": {"type": "Point", "coordinates": [-35, 55]}}, {"type": "Feature", "properties": {"name": "p4466", "val": 4466}, "geometry": {"type": "Point", "coordinates": [-34, 56]}}, {"type": "Feature", "properties": {"name": "p4467", "val": 4467}, "geometry": {"type": "Point", "coordinates": [-33, 57]}}, {"type": "Feature", "properties": {"name": "p4468", "val": 4468}, "geometry": {"type": "Point", "coordinates": [-32, 58]}}, {"type": "Feature", "properties": {"name": "p4469", "val": 4469}, "geometry": {"type": "Point", "coordinates": [-31, 59]}}, {"type": "Feature", "properties": {"name": "p4470", "val": 4470}, "geometry": {"type": "Point", "coordinates": [-30, 60]}}, {"type": "Feature", "properties": {"name": "p4471", "val": 4471}, "geometry": {"type": "Point", "coordinates": [-29, 61]}}, {"type": "Feature", "properties": {"name": "p4472", "val": 4472}, "geometry": {"type": "Point", "coordinates": [-28, 62]}}, {"type": "Feature", "properties": {"name": "p4473", "val": 4473}, "geometry": {"type": "Point", "coordinates": [-27, 63]}}, {"type": "Feature", "properties": {"name": "p4474", "val": 4474}, "geometry": {"type": "Point", "coordinates": [-26, 64]}}, {"type": "Feature", "properties": {"name": "p4475", "val": 4475}, "geometry": {"type": "Point", "coordinates": [-25, 65]}}, {"type": "Feature", "properties": {"name": "p4476", "val": 4476}, "geometry": {"type": "Point", "coordinates": [-24, 66]}}, {"type": "Feature", "properties": {"name": "p4477", "val": 4477}, "geometry": {"type": "Point", "coordinates": [-23, 67]}}, {"type": "Feature", "properties": {"name": "p4478", "val": 4478}, "geometry": {"type": "Point", "coordinates": [-22, 68]}}, {"type": "Feature", "properties": {"name": "p4479", "val": 4479}, "geometry": {"type": "Point", "coordinates": [-21, 69]}}, {"type": "Feature", "properties": {"name": "p4480", "val": 4480}, "geometry": {"type": "Point", "coordinates": [-20, 70]}}, {"type": "Feature", "properties": {"name": "p4481", "val": 4481}, "geometry": {"type": "Point", "coordinates": [-19, 71]}}, {"type": "Feature", "properties": {"name": "p4482", "val": 4482}, "geometry": {"type": "Point", "coordinates": [-18, 72]}}, {"type": "Feature", "properties": {"name": "p4483", "val": 4483}, "geometry": {"type": "Point", "coordinates": [-17, 73]}}, {"type": "Feature", "properties": {"name": "p4484", "val": 4484}, "geometry": {"type": "Point", "coordinates": [-16, 74]}}, {"type": "Feature", "properties": {"name": "p4485", "val": 4485}, "geometry": {"type": "Point", "coordinates": [-15, 75]}}, {"type": "Feature", "properties": {"name": "p4486", "val": 4486}, "geometry": {"type": "Point", "coordinates": [-14, 76]}}, {"type": "Feature", "properties": {"name": "p4487", "val": 4487}, "geometry": {"type": "Point", "coordinates": [-13, 77]}}, {"type": "Feature", "properties": {"name": "p4488", "val": 4488}, "geometry": {"type": "Point", "coordinates": [-12, 78]}}, {"type": "Feature", "properties": {"name": "p4489", "val": 4489}, "geometry": {"type": "Point", "coordinates": [-11, 79]}}, {"type": "Feature", "properties": {"name": "p4490", "val": 4490}, "geometry": {"type": "Point", "coordinates": [-10, 80]}}, {"type": "Feature", "properties": {"name": "p4491", "val": 4491}, "geometry": {"type": "Point", "coordinates": [-9, 81]}}, {"type": "Feature", "properties": {"name": "p4492", "val": 4492}, "geometry": {"type": "Point", "coordinates": [-8, 82]}}, {"type": "Feature", "properties": {"name": "p4493", "val": 4493}, "geometry": {"type": "Point", "coordinates": [-7, 83]}}, {"type": "Feature", "properties": {"name": "p4494", "val": 4494}, "geometry": {"type": "Point", "coordinates": [-6, 84]}}, {"type": "Feature", "properties": {"name": "p4495", "val": 4495}, "geometry": {"type": "Point", "coordinates": [-5, 85]}}, {"type": "Feature", "properties": {"name": "p4496", "val": 4496}, "geometry": {"type": "Point", "coordinates": [-4, 86]}}, {"type": "Feature", "properties": {"name": "p4497", "val": 4497}, "geometry": {"type": "Point", "coordinates": [-3, 87]}}, {"type": "Feature", "properties": {"name": "p4498", "val": 4498}, "geometry": {"type": "Point", "coordinates": [-2, 88]}}, {"type": "Feature", "properties": {"name": "p4499", "val": 4499}, "geometry": {"type": "Point", "coordinates": [-1, 89]}}, {"type": "Feature", "properties": {"name": "p4500", "val": 4500}, "geometry": {"type": "Point", "coordinates": [0, -90]}}, {"type": "Feature", "properties": {"name": "p4501", "val": 4501}, "geometry": {"type": "Point", "coordinates": [1, -89]}}, {"type": "Feature", "properties": {"name": "p4502", "val": 4502}, "geometry": {"type": "Point", "coordinates": [2, -88]}}, {"type": "Feature", "properties": {"name": "p4503", "val": 4503}, "geometry": {"type": "Point", "coordinates": [3, -87]}}, {"type": "Feature", "properties": {"name": "p4504", "val": 4504}, "geometry": {"type": "Point", "coordinates": [4, -86]}}, {"type": "Feature", "properties": {"name": "p4505", "val": 4505}, "geometry": {"type": "Point", "coordinates": [5, -85]}}, {"type": "Feature", "properties": {"name": "p4506", "val": 4506}, "geometry": {"type": "Point", "coordinates": [6, -84]}}, {"type": "Feature", "properties": {"name": "p4507", "val": 4507}, "geometry": {"type": "Point", "coordinates": [7, -83]}}, {"type": "Feature", "properties": {"name": "p4508", "val": 4508}, "geometry": {"type": "Point", "coordinates": [8, -82]}}, {"type": "Feature", "properties": {"name": "p4509", "val": 4509}, "geometry": {"type": "Point", "coordinates": [9, -81]}}, {"type": "Feature", "properties": {"name": "p4510", "val": 4510}, "geometry": {"type": "Point", "coordinates": [10, -80]}}, {"type": "Feature", "properties": {"name": "p4511", "val": 4511}, "geometry": {"type": "Point", "coordinates": [11, -79]}}, {"type": "Feature", "properties": {"name": "p4512", "val": 4512}, "geometry": {"type": "Point", "coordinates": [12, -78]}}, {"type": "Feature", "properties": {"name": "p4513", "val": 4513}, "geometry": {"type": "Point", "coordinates": [13, -77]}}, {"type": "Feature", "properties": {"name": "p4514", "val": 4514}, "geometry": {"type": "Point", "coordinates": [14, -76]}}, {"type": "Feature", "properties": {"name": "p4515", "val": 4515}, "geometry": {"type": "Point", "coordinates": [15, -75]}}, {"type": "Feature", "properties": {"name": "p4516", "val": 4516}, "geometry": {"type": "Point", "coordinates": [16, -74]}}, {"type": "Feature", "properties": {"name": "p4517", "val": 4517}, "geometry": {"type": "Point", "coordinates": [17, -73]}}, {"type": "Feature", "properties": {"name": "p4518", "val": 4518}, "geometry": {"type": "Point", "coordinates": [18, -72]}}, {"type": "Feature", "properties": {"name": "p4519", "val": 4519}, "geometry": {"type": "Point", "coordinates": [19, -71]}}, {"type": "Feature", "properties": {"name": "p4520", "val": 4520}, "geometry": {"type": "Point", "coordinates": [20, -70]}}, {"type": "Feature", "properties": {"name": "p4521", "val": 4521}, "geometry": {"type": "Point", "coordinates": [21, -69]}}, {"type": "Feature", "properties": {"name": "p4522", "val": 4522}, "geometry": {"type": "Point", "coordinates": [22, -68]}}, {"type": "Feature", "properties": {"name": "p4523", "val": 4523}, "geometry": {"type": "Point", "coordinates": [23, -67]}}, {"type": "Feature", "properties": {"name": "p4524", "val": 4524}, "geometry": {"type": "Point", "coordinates": [24, -66]}}, {"type": "Feature", "properties": {"name": "p4525", "val": 4525}, "geometry": {"type": "Point", "coordinates": [25, -65]}}, {"type": "Feature", "properties": {"name": "p4526", "val": 4526}, "geometry": {"type": "Point", "coordinates": [26, -64]}}, {"type": "Feature", "properties": {"name": "p4527", "val": 4527}, "geometry": {"type": "Point", "coordinates": [27, -63]}}, {"type": "Feature", "properties": {"name": "p4528", "val": 4528}, "geometry": {"type": "Point", "coordinates": [28, -62]}}, {"type": "Feature", "properties": {"name": "p4529", "val": 4529}, "geometry": {"type": "Point", "coordinates": [29, -61]}}, {"type": "Feature", "properties": {"name": "p4530", "val": 4530}, "geometry": {"type": "Point", "coordinates": [30, -60]}}, {"type": "Feature", "properties": {"name": "p4531", "val": 4531}, "geometry": {"type": "Point", "coordinates": [31, -59]}}, {"type": "Feature", "properties": {"name": "p4532", "val": 4532}, "geometry": {"type": "Point", "coordinates": [32, -58]}}, {"type": "Feature", "properties": {"name": "p4533", "val": 4533}, "geometry": {"type": "Point", "coordinates": [33, -57]}}, {"type": "Feature", "properties": {"name": "p4534", "val": 4534}, "geometry": {"type": "Point", "coordinates": [34, -56]}}, {"type": "Feature", "properties": {"name": "p4535", "val": 4535}, "geometry": {"type": "Point", "coordinates": [35, -55]}}, {"type": "Feature", "properties": {"name": "p4536", "val": 4536}, "geometry": {"type": "Point", "coordinates": [36, -54]}}, {"type": "Feature", "properties": {"name": "p4537", "val": 4537}, "geometry": {"type": "Point", "coordinates": [37, -53]}}, {"type": "Feature", "properties": {"name": "p4538", "val": 4538}, "geometry": {"type": "Point", "coordinates": [38, -52]}}, {"type": "Feature", "properties": {"name": "p4539", "val": 4539}, "geometry": {"type": "Point", "coordinates": [39, -51]}}, {"type": "Feature", "properties": {"name": "p4540", "val": 4540}, "geometry": {"type": "Point", "coordinates": [40, -50]}}, {"type": "Feature", "properties": {"name": "p4541", "val": 4541}, "geometry": {"type": "Point", "coordinates": [41, -49]}}, {"type": "Feature", "properties": {"name": "p4542", "val": 4542}, "geometry": {"type": "Point", "coordinates": [42, -48]}}, {"type": "Feature", "properties": {"name": "p4543", "val": 4543}, "geometry": {"type": "Point", "coordinates": [43, -47]}}, {"type": "Feature", "properties": {"name": "p4544", "val": 4544}, "geometry": {"type": "Point", "coordinates": [44, -46]}}, {"type": "Feature", "properties": {"name": "p4545", "val": 4545}, "geometry": {"type": "Point", "coordinates": [45, -45]}}, {"type": "Feature", "properties": {"name": "p4546", "val": 4546}, "geometry": {"type": "Point", "coordinates": [46, -44]}}, {"type": "Feature", "properties": {"name": "p4547", "val": 4547}, "geometry": {"type": "Point", "coordinates": [47, -43]}}, {"type": "Feature", "properties": {"name": "p4548", "val": 4548}, "geometry": {"type": "Point", "coordinates": [48, -42]}}, {"type": "Feature", "properties": {"name": "p4549", "val": 4549}, "geometry": {"type": "Point", "coordinates": [49, -41]}}, {"type": "Feature", "properties": {"name": "p4550", "val": 4550}, "geometry": {"type": "Point", "coordinates": [50, -40]}}, {"type": "Feature", "properties": {"name": "p4551", "val": 4551}, "geometry": {"type": "Point", "coordinates": [51, -39]}}, {"type": "Feature", "properties": {"name": "p4552", "val": 4552}, "geometry": {"type": "Point", "coordinates": [52, -38]}}, {"type": "Feature", "properties": {"name": "p4553", "val": 4553}, "geometry": {"type": "Point", "coordinates": [53, -37]}}, {"type": "Feature", "properties": {"name": "p4554", "val": 4554}, "geometry": {"type": "Point", "coordinates": [54, -36]}}, {"type": "Feature", "properties": {"name": "p4555", "val": 4555}, "geometry": {"type": "Point", "coordinates": [55, -35]}}, {"type": "Feature", "properties": {"name": "p4556", "val": 4556}, "geometry": {"type": "Point", "coordinates": [56, -34]}}, {"type": "Feature", "properties": {"name": "p4557", "val": 4557}, "geometry": {"type": "Point", "coordinates": [57, -33]}}, {"type": "Feature", "properties": {"name": "p4558", "val": 4558}, "geometry": {"type": "Point", "coordinates": [58, -32]}}, {"type": "Feature", "properties": {"name": "p4559", "val": 4559}, "geometry": {"type": "Point", "coordinates": [59, -31]}}, {"type": "Feature", "properties": {"name": "p4560", "val": 4560}, "geometry": {"type": "Point", "coordinates": [60, -30]}}, {"type": "Feature", "properties": {"name": "p4561", "val": 4561}, "geometry": {"type": "Point", "coordinates": [61, -29]}}, {"type": "Feature", "properties": {"name": "p4562", "val": 4562}, "geometry": {"type": "Point", "coordinates": [62, -28]}}, {"type": "Feature", "properties": {"name": "p4563", "val": 4563}, "geometry": {"type": "Point", "coordinates": [63, -27]}}, {"type": "Feature", "properties": {"name": "p4564", "val": 4564}, "geometry": {"type": "Point", "coordinates": [64, -26]}}, {"type": "Feature", "properties": {"name": "p4565", "val": 4565}, "geometry": {"type": "Point", "coordinates": [65, -25]}}, {"type": "Feature", "properties": {"name": "p4566", "val": 4566}, "geometry": {"type": "Point", "coordinates": [66, -24]}}, {"type": "Feature", "properties": {"name": "p4567", "val": 4567}, "geometry": {"type": "Point", "coordinates": [67, -23]}}, {"type": "Feature", "properties": {"name": "p4568", "val": 4568}, "geometry": {"type": "Point", "coordinates": [68, -22]}}, {"type": "Feature", "properties": {"name": "p4569", "val": 4569}, "geometry": {"type": "Point", "coordinates": [69, -21]}}, {"type": "Feature", "properties": {"name": "p4570", "val": 4570}, "geometry": {"type": "Point", "coordinates": [70, -20]}}, {"type": "Feature", "properties": {"name": "p4571", "val": 4571}, "geometry": {"type": "Point", "coordinates": [71, -19]}}, {"type": "Feature", "properties": {"name": "p4572", "val": 4572}, "geometry": {"type": "Point", "coordinates": [72, -18]}}, {"type": "Feature", "properties": {"name": "p4573", "val": 4573}, "geometry": {"type": "Point", "coordinates": [73, -17]}}, {"type": "Feature", "properties": {"name": "p4574", "val": 4574}, "geometry": {"type": "Point", "coordinates": [74, -16]}}, {"type": "Feature", "properties": {"name": "p4575", "val": 4575}, "geometry": {"type": "Point", "coordinates": [75, -15]}}, {"type": "Feature", "properties": {"name": "p4576", "val": 4576}, "geometry": {"type": "Point", "coordinates": [76, -14]}}, {"type": "Feature", "properties": {"name": "p4577", "val": 4577}, "geometry": {"type": "Point", "coordinates": [77, -13]}}, {"type": "Feature", "properties": {"name": "p4578", "val": 4578}, "geometry": {"type": "Point", "coordinates": [78, -12]}}, {"type": "Feature", "properties": {"name": "p4579", "val": 4579}, "geometry": {"type": "Point", "coordinates": [79, -11]}}, {"type": "Feature", "properties": {"name": "p4580", "val": 4580}, "geometry": {"type": "Point", "coordinates": [80, -10]}}, {"type": "Feature", "properties": {"name": "p4581", "val": 4581}, "geometry": {"type": "Point", "coordinates": [81, -9]}}, {"type": "Feature", "properties": {"name": "p4582", "val": 4582}, "geometry": {"type": "Point", "coordinates": [82, -8]}}, {"type": "Feature", "properties": {"name": "p4583", "val": 4583}, "geometry": {"type": "Point", "coordinates": [83, -7]}}, {"type": "Feature", "properties": {"name": "p4584", "val": 4584}, "geometry": {"type": "Point", "coordinates": [84, -6]}}, {"type": "Feature", "properties": {"name": "p4585", "val": 4585}, "geometry": {"type": "Point", "coordinates": [85, -5]}}, {"type": "Feature", "properties": {"name": "p4586", "val": 4586}, "geometry": {"type": "Point", "coordinates": [86, -4]}}, {"type": "Feature", "properties": {"name": "p4587", "val": 4587}, "geometry": {"type": "Point", "coordinates": [87, -3]}}, {"type": "Feature", "properties": {"name": "p4588", "val": 4588}, "geometry": {"type": "Point", "coordinates": [88, -2]}}, {"type": "Feature", "properties": {"name": "p4589", "val": 4589}, "geometry": {"type": "Point", "coordinates": [89, -1]}}, {"type": "Feature", "properties": {"name": "p4590", "val": 4590}, "geometry": {"type": "Point", "coordinates": [90, 0]}}, {"type": "Feature", "properties": {"name": "p4591", "val": 4591}, "geometry": {"type": "Point", "coordinates": [91, 1]}}, {"type": "Feature", "properties": {"name": "p4592", "val": 4592}, "geometry": {"type": "Point", "coordinates": [92, 2]}}, {"type": "Feature", "properties": {"name": "p4593", "val": 4593}, "geometry": {"type": "Point", "coordinates": [93, 3]}}, {"type": "Feature", "properties": {"name": "p4594", "val": 4594}, "geometry": {"type": "Point", "coordinates": [94, 4]}}, {"type": "Feature", "properties": {"name": "p4595", "val": 4595}, "geometry": {"type": "Point", "coordinates": [95, 5]}}, {"type": "Feature", "properties": {"name": "p4596", "val": 4596}, "geometry": {"type": "Point", "coordinates": [96, 6]}}, {"type": "Feature", "properties": {"name": "p4597", "val": 4597}, "geometry": {"type": "Point", "coordinates": [97, 7]}}, {"type": "Feature", "properties": {"name": "p4598", "val": 4598}, "geometry": {"type": "Point", "coordinates": [98, 8]}}, {"type": "Feature", "properties": {"name": "p4599", "val": 4599}, "geometry": {"type": "Point", "coordinates": [99, 9]}}, {"type": "Feature", "properties": {"name": "p4600", "val": 4600}, "geometry": {"type": "Point", "coordinates": [100, 10]}}, {"type": "Feature", "properties": {"name": "p4601", "val": 4601}, "geometry": {"type": "Point", "coordinates": [101, 11]}}, {"type": "Feature", "properties": {"name": "p4602", "val": 4602}, "geometry": {"type": "Point", "coordinates": [102, 12]}}, {"type": "Feature", "properties": {"name": "p4603", "val": 4603}, "geometry": {"type": "Point", "coordinates": [103, 13]}}, {"type": "Feature", "properties": {"name": "p4604", "val": 4604}, "geometry": {"type": "Point", "coordinates": [104, 14]}}, {"type": "Feature", "properties": {"name": "p4605", "val": 4605}, "geometry": {"type": "Point", "coordinates": [105, 15]}}, {"type": "Feature", "properties": {"name": "p4606", "val": 4606}, "geometry": {"type": "Point", "coordinates": [106, 16]}}, {"type": "Feature", "properties": {"name": "p4607", "val": 4607}, "geometry": {"type": "Point", "coordinates": [107, 17]}}, {"type": "Feature", "properties": {"name": "p4608", "val": 4608}, "geometry": {"type": "Point", "coordinates": [108, 18]}}, {"type": "Feature", "properties": {"name": "p4609", "val": 4609}, "geometry": {"type": "Point", "coordinates": [109, 19]}}, {"type": "Feature", "properties": {"name": "p4610", "val": 4610}, "geometry": {"type": "Point", "coordinates": [110, 20]}}, {"type": "Feature", "properties": {"name": "p4611", "val": 4611}, "geometry": {"type": "Point", "coordinates": [111, 21]}}, {"type": "Feature", "properties": {"name": "p4612", "val": 4612}, "geometry": {"type": "Point", "coordinates": [112, 22]}}, {"type": "Feature", "properties": {"name": "p4613", "val": 4613}, "geometry": {"type": "Point", "coordinates": [113, 23]}}, {"type": "Feature", "properties": {"name": "p4614", "val": 4614}, "geometry": {"type": "Point", "coordinates": [114, 24]}}, {"type": "Feature", "properties": {"name": "p4615", "val": 4615}, "geometry": {"type": "Point", "coordinates": [115, 25]}}, {"type": "Feature", "properties": {"name": "p4616", "val": 4616}, "geometry": {"type": "Point", "coordinates": [116, 26]}}, {"type": "Feature", "properties": {"name": "p4617", "val": 4617}, "geometry": {"type": "Point", "coordinates": [117, 27]}}, {"type": "Feature", "properties": {"name": "p4618", "val": 4618}, "geometry": {"type": "Point", "coordinates": [118, 28]}}, {"type": "Feature", "properties": {"name": "p4619", "val": 4619}, "geometry": {"type": "Point", "coordinates": [119, 29]}}, {"type": "Feature", "properties": {"name": "p4620", "val": 4620}, "geometry": {"type": "Point", "coordinates": [120, 30]}}, {"type": "Feature", "properties": {"name": "p4621", "val": 4621}, "geometry": {"type": "Point", "coordinates": [121, 31]}}, {"type": "Feature", "properties": {"name": "p4622", "val": 4622}, "geometry": {"type": "Point", "coordinates": [122, 32]}}, {"type": "Feature", "properties": {"name": "p4623", "val": 4623}, "geometry": {"type": "Point", "coordinates": [123, 33]}}, {"type": "Feature", "properties": {"name": "p4624", "val": 4624}, "geometry": {"type": "Point", "coordinates": [124, 34]}}, {"type": "Feature", "properties": {"name": "p4625", "val": 4625}, "geometry": {"type": "Point", "coordinates": [125, 35]}}, {"type": "Feature", "properties": {"name": "p4626", "val": 4626}, "geometry": {"type": "Point", "coordinates": [126, 36]}}, {"type": "Feature", "properties": {"name": "p4627", "val": 4627}, "geometry": {"type": "Point", "coordinates": [127, 37]}}, {"type": "Feature", "properties": {"name": "p4628", "val": 4628}, "geometry": {"type": "Point", "coordinates": [128, 38]}}, {"type": "Feature", "properties": {"name": "p4629", "val": 4629}, "geometry": {"type": "Point", "coordinates": [129, 39]}}, {"type": "Feature", "properties": {"name": "p4630", "val": 4630}, "geometry": {"type": "Point", "coordinates": [130, 40]}}, {"type": "Feature", "properties": {"name": "p4631", "val": 4631}, "geometry": {"type": "Point", "coordinates": [131, 41]}}, {"type": "Feature", "properties": {"name": "p4632", "val": 4632}, "geometry": {"type": "Point", "coordinates": [132, 42]}}, {"type": "Feature", "properties": {"name": "p4633", "val": 4633}, "geometry": {"type": "Point", "coordinates": [133, 43]}}, {"type": "Feature", "properties": {"name": "p4634", "val": 4634}, "geometry": {"type": "Point", "coordinates": [134, 44]}}, {"type": "Feature", "properties": {"name": "p4635", "val": 4635}, "geometry": {"type": "Point", "coordinates": [135, 45]}}, {"type": "Feature", "properties": {"name": "p4636", "val": 4636}, "geometry": {"type": "Point", "coordinates": [136, 46]}}, {"type": "Feature", "properties": {"name": "p4637", "val": 4637}, "geometry": {"type": "Point", "coordinates": [137, 47]}}, {"type": "Feature", "properties": {"name": "p4638", "val": 4638}, "geometry": {"type": "Point", "coordinates": [138, 48]}}, {"type": "Feature", "properties": {"name": "p4639", "val": 4639}, "geometry": {"type": "Point", "coordinates": [139, 49]}}, {"type": "Feature", "properties": {"name": "p4640", "val": 4640}, "geometry": {"type": "Point", "coordinates": [140, 50]}}, {"type": "Feature", "properties": {"name": "p4641", "val": 4641}, "geometry": {"type": "Point", "coordinates": [141, 51]}}, {"type": "Feature", "properties": {"name": "p4642", "val": 4642}, "geometry": {"type": "Point", "coordinates": [142, 52]}}, {"type": "Feature", "properties": {"name": "p4643", "val": 4643}, "geometry": {"type": "Point", "coordinates": [143, 53]}}, {"type": "Feature", "properties": {"name": "p4644", "val": 4644}, "geometry": {"type": "Point", "coordinates": [144, 54]}}, {"type": "Feature", "properties": {"name": "p4645", "val": 4645}, "geometry": {"type": "Point", "coordinates": [145, 55]}}, {"type": "Feature", "properties": {"name": "p4646", "val": 4646}, "geometry": {"type": "Point", "coordinates": [146, 56]}}, {"type": "Feature", "properties": {"name": "p4647", "val": 4647}, "geometry": {"type": "Point", "coordinates": [147, 57]}}, {"type": "Feature", "properties": {"name": "p4648", "val": 4648}, "geometry": {"type": "Point", "coordinates": [148, 58]}}, {"type": "Feature", "properties": {"name": "p4649", "val": 4649}, "geometry": {"type": "Point", "coordinates": [149, 59]}}, {"type": "Feature", "properties": {"name": "p4650", "val": 4650}, "geometry": {"type": "Point", "coordinates": [150, 60]}}, {"type": "Feature", "properties": {"name": "p4651", "val": 4651}, "geometry": {"type": "Point", "coordinates": [151, 61]}}, {"type": "Feature", "properties": {"name": "p4652", "val": 4652}, "geometry": {"type": "Point", "coordinates": [152, 62]}}, {"type": "Feature", "properties": {"name": "p4653", "val": 4653}, "geometry": {"type": "Point", "coordinates": [153, 63]}}, {"type": "Feature", "properties": {"name": "p4654", "val": 4654}, "geometry": {"type": "Point", "coordinates": [154, 64]}}, {"type": "Feature", "properties": {"name": "p4655", "val": 4655}, "geometry": {"type": "Point", "coordinates": [155, 65]}}, {"type": "Feature", "properties": {"name": "p4656", "val": 4656}, "geometry": {"type": "Point", "coordinates": [156, 66]}}, {"type": "Feature", "properties": {"name": "p4657", "val": 4657}, "geometry": {"type": "Point", "coordinates": [157, 67]}}, {"type": "Feature", "properties": {"name": "p4658", "val": 4658}, "geometry": {"type": "Point", "coordinates": [158, 68]}}, {"type": "Feature", "properties": {"name": "p4659", "val": 4659}, "geometry": {"type": "Point", "coordinates": [159, 69]}}, {"type": "Feature", "properties": {"name": "p4660", "val": 4660}, "geometry": {"type": "Point", "coordinates": [160, 70]}}, {"type": "Feature", "properties": {"name": "p4661", "val": 4661}, "geometry": {"type": "Point", "coordinates": [161, 71]}}, {"type": "Feature", "properties": {"name": "p4662", "val": 4662}, "geometry": {"type": "Point", "coordinates": [162, 72]}}, {"type": "Feature", "properties": {"name": "p4663", "val": 4663}, "geometry": {"type": "Point", "coordinates": [163, 73]}}, {"type": "Feature", "properties": {"name": "p4664", "val": 4664}, "geometry": {"type": "Point", "coordinates": [164, 74]}}, {"type": "Feature", "properties": {"name": "p4665", "val": 4665}, "geometry": {"type": "Point", "coordinates": [165, 75]}}, {"type": "Feature", "properties": {"name": "p4666", "val": 4666}, "geometry": {"type": "Point", "coordinates": [166, 76]}}, {"type": "Feature", "properties": {"name": "p4667", "val": 4667}, "geometry": {"type": "Point", "coordinates": [167, 77]}}, {"type": "Feature", "properties": {"name": "p4668", "val": 4668}, "geometry": {"type": "Point", "coordinates": [168, 78]}}, {"type": "Feature", "properties": {"name": "p4669", "val": 4669}, "geometry": {"type": "Point", "coordinates": [169, 79]}}, {"type": "Feature", "properties": {"name": "p4670", "val": 4670}, "geometry": {"type": "Point", "coordinates": [170, 80]}}, {"type": "Feature", "properties": {"name": "p4671", "val": 4671}, "geometry": {"type": "Point", "coordinates": [171, 81]}}, {"type": "Feature", "properties": {"name": "p4672", "val": 4672}, "geometry": {"type": "Point", "coordinates": [172, 82]}}, {"type": "Feature", "properties": {"name": "p4673", "val": 4673}, "geometry": {"type": "Point", "coordinates": [173, 83]}}, {"type": "Feature", "properties": {"name": "p4674", "val": 4674}, "geometry": {"type": "Point", "coordinates": [174, 84]}}, {"type": "Feature", "properties": {"name": "p4675", "val": 4675}, "geometry": {"type": "Point", "coordinates": [175, 85]}}, {"type": "Feature", "properties": {"name": "p4676", "val": 4676}, "geometry": {"type": "Point", "coordinates": [176, 86]}}, {"type": "Feature", "properties": {"name": "p4677", "val": 4677}, "geometry": {"type": "Point", "coordinates": [177, 87]}}, {"type": "Feature", "properties": {"name": "p4678", "val": 4678}, "geometry": {"type": "Point", "coordinates": [178, 88]}}, {"type": "Feature", "properties": {"name": "p4679", "val": 4679}, "geometry": {"type": "Point", "coordinates": [179, 89]}}, {"type": "Feature", "properties": {"name": "p4680", "val": 4680}, "geometry": {"type": "Point", "coordinates": [-180, -90]}}, {"type": "Feature", "properties": {"name": "p4681", "val": 4681}, "geometry": {"type": "Point", "coordinates": [-179, -89]}}, {"type": "Feature", "properties": {"name": "p4682", "val": 4682}, "geometry": {"type": "Point", "coordinates": [-178, -88]}}, {"type": "Feature", "properties": {"name": "p4683", "val": 4683}, "geometry": {"type": "Point", "coordinates": [-177, -87]}}, {"type": "Feature", "properties": {"name": "p4684", "val": 4684}, "geometry": {"type": "Point", "coordinates": [-176, -86]}}, {"type": "Feature", "properties": {"name": "p4685", "val": 4685}, "geometry": {"type": "Point", "coordinates": [-175, -85]}}, {"type": "Feature", "properties": {"name": "p4686", "val": 4686}, "geometry": {"type": "Point", "coordinates": [-174, -84]}}, {"type": "Feature", "properties": {"name": "p4687", "val": 4687}, "geometry": {"type": "Point", "coordinates": [-173, -83]}}, {"type": "Feature", "properties": {"name": "p4688", "val": 4688}, "geometry": {"type": "Point", "coordinates": [-172, -82]}}, {"type": "Feature", "properties": {"name": "p4689", "val": 4689}, "geometry": {"type": "Point", "coordinates": [-171, -81]}}, {"type": "Feature", "properties": {"name": "p4690", "val": 4690}, "geometry": {"type": "Point", "coordinates": [-170, -80]}}, {"type": "Feature", "properties": {"name": "p4691", "val": 4691}, "geometry": {"type": "Point", "coordinates": [-169, -79]}}, {"type": "Feature", "properties": {"name": "p4692", "val": 4692}, "geometry": {"type": "Point", "coordinates": [-168, -78]}}, {"type": "Feature", "properties": {"name": "p4693", "val": 4693}, "geometry": {"type": "Point", "coordinates": [-167, -77]}}, {"type": "Feature", "properties": {"name": "p4694", "val": 4694}, "geometry": {"type": "Point", "coordinates": [-166, -76]}}, {"type": "Feature", "properties": {"name": "p4695", "val": 4695}, "geometry": {"type": "Point", "coordinates": [-165, -75]}}, {"type": "Feature", "properties": {"name": "p4696", "val": 4696}, "geometry": {"type": "Point", "coordinates": [-164, -74]}}, {"type": "Feature", "properties": {"name": "p4697", "val": 4697}, "geometry": {"type": "Point", "coordinates": [-163, -73]}}, {"type": "Feature", "properties": {"name": "p4698", "val": 4698}, "geometry": {"type": "Point", "coordinates": [-162, -72]}}, {"type": "Feature", "properties": {"name": "p4699", "val": 4699}, "geometry": {"type": "Point", "coordinates": [-161, -71]}}, {"type": "Feature", "properties": {"name": "p4700", "val": 4700}, "geometry": {"type": "Point", "coordinates": [-160, -70]}}, {"type": "Feature", "properties": {"name": "p4701", "val": 4701}, "geometry": {"type": "Point", "coordinates": [-159, -69]}}, {"type": "Feature", "properties": {"name": "p4702", "val": 4702}, "geometry": {"type": "Point", "coordinates": [-158, -68]}}, {"type": "Feature", "properties": {"name": "p4703", "val": 4703}, "geometry": {"type": "Point", "coordinates": [-157, -67]}}, {"type": "Feature", "properties": {"name": "p4704", "val": 4704}, "geometry": {"type": "Point", "coordinates": [-156, -66]}}, {"type": "Feature", "properties": {"name": "p4705", "val": 4705}, "geometry": {"type": "Point", "coordinates": [-155, -65]}}, {"type": "Feature", "properties": {"name": "p4706", "val": 4706}, "geometry": {"type": "Point", "coordinates": [-154, -64]}}, {"type": "Feature", "properties": {"name": "p4707", "val": 4707}, "geometry": {"type": "Point", "coordinates": [-153, -63]}}, {"type": "Feature", "properties": {"name": "p4708", "val": 4708}, "geometry": {"type": "Point", "coordinates": [-152, -62]}}, {"type": "Feature", "properties": {"name": "p4709", "val": 4709}, "geometry": {"type": "Point", "coordinates": [-151, -61]}}, {"type": "Feature", "properties": {"name": "p4710", "val": 4710}, "geometry": {"type": "Point", "coordinates": [-150, -60]}}, {"type": "Feature", "properties": {"name": "p4711", "val": 4711}, "geometry": {"type": "Point", "coordinates": [-149, -59]}}, {"type": "Feature", "properties": {"name": "p4712", "val": 4712}, "geometry": {"type": "Point", "coordinates": [-148, -58]}}, {"type": "Feature", "properties": {"name": "p4713", "val": 4713}, "geometry": {"type": "Point", "coordinates": [-147, -57]}}, {"type": "Feature", "properties": {"name": "p4714", "val": 4714}, "geometry": {"type": "Point", "coordinates": [-146, -56]}}, {"type": "Feature", "properties": {"name": "p4715", "val": 4715}, "geometry": {"type": "Point", "coordinates": [-145, -55]}}, {"type": "Feature", "properties": {"name": "p4716", "val": 4716}, "geometry": {"type": "Point", "coordinates": [-144, -54]}}, {"type": "Feature", "properties": {"name": "p4717", "val": 4717}, "geometry": {"type": "Point", "coordinates": [-143, -53]}}, {"type": "Feature", "properties": {"name": "p4718", "val": 4718}, "geometry": {"type": "Point", "coordinates": [-142, -52]}}, {"type": "Feature", "properties": {"name": "p4719", "val": 4719}, "geometry": {"type": "Point", "coordinates": [-141, -51]}}, {"type": "Feature", "properties": {"name": "p4720", "val": 4720}, "geometry": {"type": "Point", "coordinates": [-140, -50]}}, {"type": "Feature", "properties": {"name": "p4721", "val": 4721}, "geometry": {"type": "Point", "coordinates": [-139, -49]}}, {"type": "Feature", "properties": {"name": "p4722", "val": 4722}, "geometry": {"type": "Point", "coordinates": [-138, -48]}}, {"type": "Feature", "properties": {"name": "p4723", "val": 4723}, "geometry": {"type": "Point", "coordinates": [-137, -47]}}, {"type": "Feature", "properties": {"name": "p4724", "val": 4724}, "geometry": {"type": "Point", "coordinates": [-136, -46]}}, {"type": "Feature", "properties": {"name": "p4725", "val": 4725}, "geometry": {"type": "Point", "coordinates": [-135, -45]}}, {"type": "Feature", "properties": {"name": "p4726", "val": 4726}, "geometry": {"type": "Point", "coordinates": [-134, -44]}}, {"type": "Feature", "properties": {"name": "p4727", "val": 4727}, "geometry": {"type": "Point", "coordinates": [-133, -43]}}, {"type": "Feature", "properties": {"name": "p4728", "val": 4728}, "geometry": {"type": "Point", "coordinates": [-132, -42]}}, {"type": "Feature", "properties": {"name": "p4729", "val": 4729}, "geometry": {"type": "Point", "coordinates": [-131, -41]}}, {"type": "Feature", "properties": {"name": "p4730", "val": 4730}, "geometry": {"type": "Point", "coordinates": [-130, -40]}}, {"type": "Feature", "properties": {"name": "p4731", "val": 4731}, "geometry": {"type": "Point", "coordinates": [-129, -39]}}, {"type": "Feature", "properties": {"name": "p4732", "val": 4732}, "geometry": {"type": "Point", "coordinates": [-128, -38]}}, {"type": "Feature", "properties": {"name": "p4733", "val": 4733}, "geometry": {"type": "Point", "coordinates": [-127, -37]}}, {"type": "Feature", "properties": {"name": "p4734", "val": 4734}, "geometry": {"type": "Point", "coordinates": [-126, -36]}}, {"type": "Feature", "properties": {"name": "p4735", "val": 4735}, "geometry": {"type": "Point", "coordinates": [-125, -35]}}, {"type": "Feature", "properties": {"name": "p4736", "val": 4736}, "geometry": {"type": "Point", "coordinates": [-124, -34]}}, {"type": "Feature", "properties": {"name": "p4737", "val": 4737}, "geometry": {"type": "Point", "coordinates": [-123, -33]}}, {"type": "Feature", "properties": {"name": "p4738", "val": 4738}, "geometry": {"type": "Point", "coordinates": [-122, -32]}}, {"type": "Feature", "properties": {"name": "p4739", "val": 4739}, "geometry": {"type": "Point", "coordinates": [-121, -31]}}, {"type": "Feature", "properties": {"name": "p4740", "val": 4740}, "geometry": {"type": "Point", "coordinates": [-120, -30]}}, {"type": "Feature", "properties": {"name": "p4741", "val": 4741}, "geometry": {"type": "Point", "coordinates": [-119, -29]}}, {"type": "Feature", "properties": {"name": "p4742", "val": 4742}, "geometry": {"type": "Point", "coordinates": [-118, -28]}}, {"type": "Feature", "properties": {"name": "p4743", "val": 4743}, "geometry": {"type": "Point", "coordinates": [-117, -27]}}, {"type": "Feature", "properties": {"name": "p4744", "val": 4744}, "geometry": {"type": "Point", "coordinates": [-116, -26]}}, {"type": "Feature", "properties": {"name": "p4745", "val": 4745}, "geometry": {"type": "Point", "coordinates": [-115, -25]}}, {"type": "Feature", "properties": {"name": "p4746", "val": 4746}, "geometry": {"type": "Point", "coordinates": [-114, -24]}}, {"type": "Feature", "properties": {"name": "p4747", "val": 4747}, "geometry": {"type": "Point", "coordinates": [-113, -23]}}, {"type": "Feature", "properties": {"name": "p4748", "val": 4748}, "geometry": {"type": "Point", "coordinates": [-112, -22]}}, {"type": "Feature", "properties": {"name": "p4749", "val": 4749}, "geometry": {"type": "Point", "coordinates": [-111, -21]}}, {"type": "Feature", "properties": {"name": "p4750", "val": 4750}, "geometry": {"type": "Point", "coordinates": [-110, -20]}}, {"type": "Feature", "properties": {"name": "p4751", "val": 4751}, "geometry": {"type": "Point", "coordinates": [-109, -19]}}, {"type": "Feature", "properties": {"name": "p4752", "val": 4752}, "geometry": {"type": "Point", "coordinates": [-108, -18]}}, {"type": "Feature", "properties": {"name": "p4753", "val": 4753}, "geometry": {"type": "Point", "coordinates": [-107, -17]}}, {"type": "Feature", "properties": {"name": "p4754", "val": 4754}, "geometry": {"type": "Point", "coordinates": [-106, -16]}}, {"type": "Feature", "properties": {"name": "p4755", "val": 4755}, "geometry": {"type": "Point", "coordinates": [-105, -15]}}, {"type": "Feature", "properties": {"name": "p4756", "val": 4756}, "geometry": {"type": "Point", "coordinates": [-104, -14]}}, {"type": "Feature", "properties": {"name": "p4757", "val": 4757}, "geometry": {"type": "Point", "coordinates": [-103, -13]}}, {"type": "Feature", "properties": {"name": "p4758", "val": 4758}, "geometry": {"type": "Point", "coordinates": [-102, -12]}}, {"type": "Feature", "properties": {"name": "p4759", "val": 4759}, "geometry": {"type": "Point", "coordinates": [-101, -11]}}, {"type": "Feature", "properties": {"name": "p4760", "val": 4760}, "geometry": {"type": "Point", "coordinates": [-100, -10]}}, {"type": "Feature", "properties": {"name": "p4761", "val": 4761}, "geometry": {"type": "Point", "coordinates": [-99, -9]}}, {"type": "Feature", "properties": {"name": "p4762", "val": 4762}, "geometry": {"type": "Point", "coordinates": [-98, -8]}}, {"type": "Feature", "properties": {"name": "p4763", "val": 4763}, "geometry": {"type": "Point", "coordinates": [-97, -7]}}, {"type": "Feature", "properties": {"name": "p4764", "val": 4764}, "geometry": {"type": "Point", "coordinates": [-96, -6]}}, {"type": "Feature", "properties": {"name": "p4765", "val": 4765}, "geometry": {"type": "Point", "coordinates": [-95, -5]}}, {"type": "Feature", "properties": {"name": "p4766", "val": 4766}, "geometry": {"type": "Point", "coordinates": [-94, -4]}}, {"type": "Feature", "properties": {"name": "p4767", "val": 4767}, "geometry": {"type": "Point", "coordinates": [-93, -3]}}, {"type": "Feature", "properties": {"name": "p4768", "val": 4768}, "geometry": {"type": "Point", "coordinates": [-92, -2]}}, {"type": "Feature", "properties": {"name": "p4769", "val": 4769}, "geometry": {"type": "Point", "coordinates": [-91, -1]}}, {"type": "Feature", "properties": {"name": "p4770", "val": 4770}, "geometry": {"type": "Point", "coordinates": [-90, 0]}}, {"type": "Feature", "properties": {"name": "p4771", "val": 4771}, "geometry": {"type": "Point", "coordinates": [-89, 1]}}, {"type": "Feature", "properties": {"name": "p4772", "val": 4772}, "geometry": {"type": "Point", "coordinates": [-88, 2]}}, {"type": "Feature", "properties": {"name": "p4773", "val": 4773}, "geometry": {"type": "Point", "coordinates": [-87, 3]}}, {"type": "Feature", "properties": {"name": "p4774", "val": 4774}, "geometry": {"type": "Point", "coordinates": [-86, 4]}}, {"type": "Feature", "properties": {"name": "p4775", "val": 4775}, "geometry": {"type": "Point", "coordinates": [-85, 5]}}, {"type": "Feature", "properties": {"name": "p4776", "val": 4776}, "geometry": {"type": "Point", "coordinates": [-84, 6]}}, {"type": "Feature", "properties": {"name": "p4777", "val": 4777}, "geometry": {"type": "Point", "coordinates": [-83, 7]}}, {"type": "Feature", "properties": {"name": "p4778", "val": 4778}, "geometry": {"type": "Point", "coordinates": [-82, 8]}}, {"type": "Feature", "properties": {"name": "p4779", "val": 4779}, "geometry": {"type": "Point", "coordinates": [-81, 9]}}, {"type": "Feature", "properties": {"name": "p4780", "val": 4780}, "geometry": {"type": "Point", "coordinates": [-80, 10]}}, {"type": "Feature", "properties": {"name": "p4781", "val": 4781}, "geometry": {"type": "Point", "coordinates": [-79, 11]}}, {"type": "Feature", "properties": {"name": "p4782", "val": 4782}, "geometry": {"type": "Point", "coordinates": [-78, 12]}}, {"type": "Feature", "properties": {"name": "p4783", "val": 4783}, "geometry": {"type": "Point", "coordinates": [-77, 13]}}, {"type": "Feature", "properties": {"name": "p4784", "val": 4784}, "geometry": {"type": "Point", "coordinates": [-76, 14]}}, {"type": "Feature", "properties": {"name": "p4785", "val": 4785}, "geometry": {"type": "Point", "coordinates": [-75, 15]}}, {"type": "Feature", "properties": {"name": "p4786", "val": 4786}, "geometry": {"type": "Point", "coordinates": [-74, 16]}}, {"type": "Feature", "properties": {"name": "p4787", "val": 4787}, "geometry": {"type": "Point", "coordinates": [-73, 17]}}, {"type": "Feature", "properties": {"name": "p4788", "val": 4788}, "geometry": {"type": "Point", "coordinates": [-72, 18]}}, {"type": "Feature", "properties": {"name": "p4789", "val": 4789}, "geometry": {"type": "Point", "coordinates": [-71, 19]}}, {"type": "Feature", "properties": {"name": "p4790", "val": 4790}, "geometry": {"type": "Point", "coordinates": [-70, 20]}}, {"type": "Feature", "properties": {"name": "p4791", "val": 4791}, "geometry": {"type": "Point", "coordinates": [-69, 21]}}, {"type": "Feature", "properties": {"name": "p4792", "val": 4792}, "geometry": {"type": "Point", "coordinates": [-68, 22]}}, {"type": "Feature", "properties": {"name": "p4793", "val": 4793}, "geometry": {"type": "Point", "coordinates": [-67, 23]}}, {"type": "Feature", "properties": {"name": "p4794", "val": 4794}, "geometry": {"type": "Point", "coordinates": [-66, 24]}}, {"type": "Feature", "properties": {"name": "p4795", "val": 4795}, "geometry": {"type": "Point", "coordinates": [-65, 25]}}, {"type": "Feature", "properties": {"name": "p4796", "val": 4796}, "geometry": {"type": "Point", "coordinates": [-64, 26]}}, {"type": "Feature", "properties": {"name": "p4797", "val": 4797}, "geometry": {"type": "Point", "coordinates": [-63, 27]}}, {"type": "Feature", "properties": {"name": "p4798", "val": 4798}, "geometry": {"type": "Point", "coordinates": [-62, 28]}}, {"type": "Feature", "properties": {"name": "p4799", "val": 4799}, "geometry": {"type": "Point", "coordinates": [-61, 29]}}, {"type": "Feature", "properties": {"name": "p4800", "val": 4800}, "geometry": {"type": "Point", "coordinates": [-60, 30]}}, {"type": "Feature", "properties": {"name": "p4801", "val": 4801}, "geometry": {"type": "Point", "coordinates": [-59, 31]}}, {"type": "Feature", "properties": {"name": "p4802", "val": 4802}, "geometry": {"type": "Point", "coordinates": [-58, 32]}}, {"type": "Feature", "properties": {"name": "p4803", "val": 4803}, "geometry": {"type": "Point", "coordinates": [-57, 33]}}, {"type": "Feature", "properties": {"name": "p4804", "val": 4804}, "geometry": {"type": "Point", "coordinates": [-56, 34]}}, {"type": "Feature", "properties": {"name": "p4805", "val": 4805}, "geometry": {"type": "Point", "coordinates": [-55, 35]}}, {"type": "Feature", "properties": {"name": "p4806", "val": 4806}, "geometry": {"type": "Point", "coordinates": [-54, 36]}}, {"type": "Feature", "properties": {"name": "p4807", "val": 4807}, "geometry": {"type": "Point", "coordinates": [-53, 37]}}, {"type": "Feature", "properties": {"name": "p4808", "val": 4808}, "geometry": {"type": "Point", "coordinates": [-52, 38]}}, {"type": "Feature", "properties": {"name": "p4809", "val": 4809}, "geometry": {"type": "Point", "coordinates": [-51, 39]}}, {"type": "Feature", "properties": {"name": "p4810", "val": 4810}, "geometry": {"type": "Point", "coordinates": [-50, 40]}}, {"type": "Feature", "properties": {"name": "p4811", "val": 4811}, "geometry": {"type": "Point", "coordinates": [-49, 41]}}, {"type": "Feature", "properties": {"name": "p4812", "val": 4812}, "geometry": {"type": "Point", "coordinates": [-48, 42]}}, {"type": "Feature", "properties": {"name": "p4813", "val": 4813}, "geometry": {"type": "Point", "coordinates": [-47, 43]}}, {"type": "Feature", "properties": {"name": "p4814", "val": 4814}, "geometry": {"type": "Point", "coordinates": [-46, 44]}}, {"type": "Feature", "properties": {"name": "p4815", "val": 4815}, "geometry": {"type": "Point", "coordinates": [-45, 45]}}, {"type": "Feature", "properties": {"name": "p4816", "val": 4816}, "geometry": {"type": "Point", "coordinates": [-44, 46]}}, {"type": "Feature", "properties": {"name": "p4817", "val": 4817}, "geometry": {"type": "Point", "coordinates": [-43, 47]}}, {"type": "Feature", "properties": {"name": "p4818", "val": 4818}, "geometry": {"type": "Point", "coordinates": [-42, 48]}}, {"type": "Feature", "properties": {"name": "p4819", "val": 4819}, "geometry": {"type": "Point", "coordinates": [-41, 49]}}, {"type": "Feature", "properties": {"name": "p4820", "val": 4820}, "geometry": {"type": "Point", "coordinates": [-40, 50]}}, {"type": "Feature", "properties": {"name": "p4821", "val": 4821}, "geometry": {"type": "Point", "coordinates": [-39, 51]}}, {"type": "Feature", "properties": {"name": "p4822", "val": 4822}, "geometry": {"type": "Point", "coordinates": [-38, 52]}}, {"type": "Feature", "properties": {"name": "p4823", "val": 4823}, "geometry": {"type": "Point", "coordinates": [-37, 53]}}, {"type": "Feature", "properties": {"name": "p4824", "val": 4824}, "geometry": {"type": "Point", "coordinates": [-36, 54]}}, {"type": "Feature", "properties": {"name": "p4825", "val": 4825}, "geometry": {"type": "Point", "coordinates": [-35, 55]}}, {"type": "Feature", "properties": {"name": "p4826", "val": 4826}, "geometry": {"type": "Point", "coordinates": [-34, 56]}}, {"type": "Feature", "properties": {"name": "p4827", "val": 4827}, "geometry": {"type": "Point", "coordinates": [-33, 57]}}, {"type": "Feature", "properties": {"name": "p4828", "val": 4828}, "geometry": {"type": "Point", "coordinates": [-32, 58]}}, {"type": "Feature", "properties": {"name": "p4829", "val": 4829}, "geometry": {"type": "Point", "coordinates": [-31, 59]}}, {"type": "Feature", "properties": {"name": "p4830", "val": 4830}, "geometry": {"type": "Point", "coordinates": [-30, 60]}}, {"type": "Feature", "properties": {"name": "p4831", "val": 4831}, "geometry": {"type": "Point", "coordinates": [-29, 61]}}, {"type": "Feature", "properties": {"name": "p4832", "val": 4832}, "geometry": {"type": "Point", "coordinates": [-28, 62]}}, {"type": "Feature", "properties": {"name": "p4833", "val": 4833}, "geometry": {"type": "Point", "coordinates": [-27, 63]}}, {"type": "Feature", "properties": {"name": "p4834", "val": 4834}, "geometry": {"type": "Point", "coordinates": [-26, 64]}}, {"type": "Feature", "properties": {"name": "p4835", "val": 4835}, "geometry": {"type": "Point", "coordinates": [-25, 65]}}, {"type": "Feature", "properties": {"name": "p4836", "val": 4836}, "geometry": {"type": "Point", "coordinates": [-24, 66]}}, {"type": "Feature", "properties": {"name": "p4837", "val": 4837}, "geometry": {"type": "Point", "coordinates": [-23, 67]}}, {"type": "Feature", "properties": {"name": "p4838", "val": 4838}, "geometry": {"type": "Point", "coordinates": [-22, 68]}}, {"type": "Feature", "properties": {"name": "p4839", "val": 4839}, "geometry": {"type": "Point", "coordinates": [-21, 69]}}, {"type": "Feature", "properties": {"name": "p4840", "val": 4840}, "geometry": {"type": "Point", "coordinates": [-20, 70]}}, {"type": "Feature", "properties": {"name": "p4841", "val": 4841}, "geometry": {"type": "Point", "coordinates": [-19, 71]}}, {"type": "Feature", "properties": {"name": "p4842", "val": 4842}, "geometry": {"type": "Point", "coordinates": [-18, 72]}}, {"type": "Feature", "properties": {"name": "p4843", "val": 4843}, "geometry": {"type": "Point", "coordinates": [-17, 73]}}, {"type": "Feature", "properties": {"name": "p4844", "val": 4844}, "geometry": {"type": "Point", "coordinates": [-16, 74]}}, {"type": "Feature", "properties": {"name": "p4845", "val": 4845}, "geometry": {"type": "Point", "coordinates": [-15, 75]}}, {"type": "Feature", "properties": {"name": "p4846", "val": 4846}, "geometry": {"type": "Point", "coordinates": [-14, 76]}}, {"type": "Feature", "properties": {"name": "p4847", "val": 4847}, "geometry": {"type": "Point", "coordinates": [-13, 77]}}, {"type": "Feature", "properties": {"name": "p4848", "val": 4848}, "geometry": {"type": "Point", "coordinates": [-12, 78]}}, {"type": "Feature", "properties": {"name": "p4849", "val": 4849}, "geometry": {"type": "Point", "coordinates": [-11, 79]}}, {"type": "Feature", "properties": {"name": "p4850", "val": 4850}, "geometry": {"type": "Point", "coordinates": [-10, 80]}}, {"type": "Feature", "properties": {"name": "p4851", "val": 4851}, "geometry": {"type": "Point", "coordinates": [-9, 81]}}, {"type": "Feature", "properties": {"name": "p4852", "val": 4852}, "geometry": {"type": "Point", "coordinates": [-8, 82]}}, {"type": "Feature", "properties": {"name": "p4853", "val": 4853}, "geometry": {"type": "Point", "coordinates": [-7, 83]}}, {"type": "Feature", "properties": {"name": "p4854", "val": 4854}, "geometry": {"type": "Point", "coordinates": [-6, 84]}}, {"type": "Feature", "properties": {"name": "p4855", "val": 4855}, "geometry": {"type": "Point", "coordinates": [-5, 85]}}, {"type": "Feature", "properties": {"name": "p4856", "val": 4856}, "geometry": {"type": "Point", "coordinates": [-4, 86]}}, {"type": "Feature", "properties": {"name": "p4857", "val": 4857}, "geometry": {"type": "Point", "coordinates": [-3, 87]}}, {"type": "Feature", "properties": {"name": "p4858", "val": 4858}, "geometry": {"type": "Point", "coordinates": [-2, 88]}}, {"type": "Feature", "properties": {"name": "p4859", "val": 4859}, "geometry": {"type": "Point", "coordinates": [-1, 89]}}, {"type": "Feature", "properties": {"name": "p4860", "val": 4860}, "geometry": {"type": "Point", "coordinates": [0, -90]}}, {"type": "Feature", "properties": {"name": "p4861", "val": 4861}, "geometry": {"type": "Point", "coordinates": [1, -89]}}, {"type": "Feature", "properties": {"name": "p4862", "val": 4862}, "geometry": {"type": "Point", "coordinates": [2, -88]}}, {"type": "Feature", "properties": {"name": "p4863", "val": 4863}, "geometry": {"type": "Point", "coordinates": [3, -87]}}, {"type": "Feature", "properties": {"name": "p4864", "val": 4864}, "geometry": {"type": "Point", "coordinates": [4, -86]}}, {"type": "Feature", "properties": {"name": "p4865", "val": 4865}, "geometry": {"type": "Point", "coordinates": [5, -85]}}, {"type": "Feature", "properties": {"name": "p4866", "val": 4866}, "geometry": {"type": "Point", "coordinates": [6, -84]}}, {"type": "Feature", "properties": {"name": "p4867", "val": 4867}, "geometry": {"type": "Point", "coordinates": [7, -83]}}, {"type": "Feature", "properties": {"name": "p4868", "val": 4868}, "geometry": {"type": "Point", "coordinates": [8, -82]}}, {"type": "Feature", "properties": {"name": "p4869", "val": 4869}, "geometry": {"type": "Point", "coordinates": [9, -81]}}, {"type": "Feature", "properties": {"name": "p4870", "val": 4870}, "geometry": {"type": "Point", "coordinates": [10, -80]}}, {"type": "Feature", "properties": {"name": "p4871", "val": 4871}, "geometry": {"type": "Point", "coordinates": [11, -79]}}, {"type": "Feature", "properties": {"name": "p4872", "val": 4872}, "geometry": {"type": "Point", "coordinates": [12, -78]}}, {"type": "Feature", "properties": {"name": "p4873", "val": 4873}, "geometry": {"type": "Point", "coordinates": [13, -77]}}, {"type": "Feature", "properties": {"name": "p4874", "val": 4874}, "geometry": {"type": "Point", "coordinates": [14, -76]}}, {"type": "Feature", "properties": {"name": "p4875", "val": 4875}, "geometry": {"type": "Point", "coordinates": [15, -75]}}, {"type": "Feature", "properties": {"name": "p4876", "val": 4876}, "geometry": {"type": "Point", "coordinates": [16, -74]}}, {"type": "Feature", "properties": {"name": "p4877", "val": 4877}, "geometry": {"type": "Point", "coordinates": [17, -73]}}, {"type": "Feature", "properties": {"name": "p4878", "val": 4878}, "geometry": {"type": "Point", "coordinates": [18, -72]}}, {"type": "Feature", "properties": {"name": "p4879", "val": 4879}, "geometry": {"type": "Point", "coordinates": [19, -71]}}, {"type": "Feature", "properties": {"name": "p4880", "val": 4880}, "geometry": {"type": "Point", "coordinates": [20, -70]}}, {"type": "Feature", "properties": {"name": "p4881", "val": 4881}, "geometry": {"type": "Point", "coordinates": [21, -69]}}, {"type": "Feature", "properties": {"name": "p4882", "val": 4882}, "geometry": {"type": "Point", "coordinates": [22, -68]}}, {"type": "Feature", "properties": {"name": "p4883", "val": 4883}, "geometry": {"type": "Point", "coordinates": [23, -67]}}, {"type": "Feature", "properties": {"name": "p4884", "val": 4884}, "geometry": {"type": "Point", "coordinates": [24, -66]}}, {"type": "Feature", "properties": {"name": "p4885", "val": 4885}, "geometry": {"type": "Point", "coordinates": [25, -65]}}, {"type": "Feature", "properties": {"name": "p4886", "val": 4886}, "geometry": {"type": "Point", "coordinates": [26, -64]}}, {"type": "Feature", "properties": {"name": "p4887", "val": 4887}, "geometry": {"type": "Point", "coordinates": [27, -63]}}, {"type": "Feature", "properties": {"name": "p4888", "val": 4888}, "geometry": {"type": "Point", "coordinates": [28, -62]}}, {"type": "Feature", "properties": {"name": "p4889", "val": 4889}, "geometry": {"type": "Point", "coordinates": [29, -61]}}, {"type": "Feature", "properties": {"name": "p4890", "val": 4890}, "geometry": {"type": "Point", "coordinates": [30, -60]}}, {"type": "Feature", "properties": {"name": "p4891", "val": 4891}, "geometry": {"type": "Point", "coordinates": [31, -59]}}, {"type": "Feature", "properties": {"name": "p4892", "val": 4892}, "geometry": {"type": "Point", "coordinates": [32, -58]}}, {"type": "Feature", "properties": {"name": "p4893", "val": 4893}, "geometry": {"type": "Point", "coordinates": [33, -57]}}, {"type": "Feature", "properties": {"name": "p4894", "val": 4894}, "geometry": {"type": "Point", "coordinates": [34, -56]}}, {"type": "Feature", "properties": {"name": "p4895", "val": 4895}, "geometry": {"type": "Point", "coordinates": [35, -55]}}, {"type": "Feature", "properties": {"name": "p4896", "val": 4896}, "geometry": {"type": "Point", "coordinates": [36, -54]}}, {"type": "Feature", "properties": {"name": "p4897", "val": 4897}, "geometry": {"type": "Point", "coordinates": [37, -53]}}, {"type": "Feature", "properties": {"name": "p4898", "val": 4898}, "geometry": {"type": "Point", "coordinates": [38, -52]}}, {"type": "Feature", "properties": {"name": "p4899", "val": 4899}, "geometry": {"type": "Point", "coordinates": [39, -51]}}, {"type": "Feature", "properties": {"name": "p4900", "val": 4900}, "geometry": {"type": "Point", "coordinates": [40, -50]}}, {"type": "Feature", "properties": {"name": "p4901", "val": 4901}, "geometry": {"type": "Point", "coordinates": [41, -49]}}, {"type": "Feature", "properties": {"name": "p4902", "val": 4902}, "geometry": {"type": "Point", "coordinates": [42, -48]}}, {"type": "Feature", "properties": {"name": "p4903", "val": 4903}, "geometry": {"type": "Point", "coordinates": [43, -47]}}, {"type": "Feature", "properties": {"name": "p4904", "val": 4904}, "geometry": {"type": "Point", "coordinates": [44, -46]}}, {"type": "Feature", "properties": {"name": "p4905", "val": 4905}, "geometry": {"type": "Point", "coordinates": [45, -45]}}, {"type": "Feature", "properties": {"name": "p4906", "val": 4906}, "geometry": {"type": "Point", "coordinates": [46, -44]}}, {"type": "Feature", "properties": {"name": "p4907", "val": 4907}, "geometry": {"type": "Point", "coordinates": [47, -43]}}, {"type": "Feature", "properties": {"name": "p4908", "val": 4908}, "geometry": {"type": "Point", "coordinates": [48, -42]}}, {"type": "Feature", "properties": {"name": "p4909", "val": 4909}, "geometry": {"type": "Point", "coordinates": [49, -41]}}, {"type": "Feature", "properties": {"name": "p4910", "val": 4910}, "geometry": {"type": "Point", "coordinates": [50, -40]}}, {"type": "Feature", "properties": {"name": "p4911", "val": 4911}, "geometry": {"type": "Point", "coordinates": [51, -39]}}, {"type": "Feature", "properties": {"name": "p4912", "val": 4912}, "geometry": {"type": "Point", "coordinates": [52, -38]}}, {"type": "Feature", "properties": {"name": "p4913", "val": 4913}, "geometry": {"type": "Point", "coordinates": [53, -37]}}, {"type": "Feature", "properties": {"name": "p4914", "val": 4914}, "geometry": {"type": "Point", "coordinates": [54, -36]}}, {"type": "Feature", "properties": {"name": "p4915", "val": 4915}, "geometry": {"type": "Point", "coordinates": [55, -35]}}, {"type": "Feature", "properties": {"name": "p4916", "val": 4916}, "geometry": {"type": "Point", "coordinates": [56, -34]}}, {"type": "Feature", "properties": {"name": "p4917", "val": 4917}, "geometry": {"type": "Point", "coordinates": [57, -33]}}, {"type": "Feature", "properties": {"name": "p4918", "val": 4918}, "geometry": {"type": "Point", "coordinates": [58, -32]}}, {"type": "Feature", "properties": {"name": "p4919", "val": 4919}, "geometry": {"type": "Point", "coordinates": [59, -31]}}, {"type": "Feature", "properties": {"name": "p4920", "val": 4920}, "geometry": {"type": "Point", "coordinates": [60, -30]}}, {"type": "Feature", "properties": {"name": "p4921", "val": 4921}, "geometry": {"type": "Point", "coordinates": [61, -29]}}, {"type": "Feature", "properties": {"name": "p4922", "val": 4922}, "geometry": {"type": "Point", "coordinates": [62, -28]}}, {"type": "Feature", "properties": {"name": "p4923", "val": 4923}, "geometry": {"type": "Point", "coordinates": [63, -27]}}, {"type": "Feature", "properties": {"name": "p4924", "val": 4924}, "geometry": {"type": "Point", "coordinates": [64, -26]}}, {"type": "Feature", "properties": {"name": "p4925", "val": 4925}, "geometry": {"type": "Point", "coordinates": [65, -25]}}, {"type": "Feature", "properties": {"name": "p4926", "val": 4926}, "geometry": {"type": "Point", "coordinates": [66, -24]}}, {"type": "Feature", "properties": {"name": "p4927", "val": 4927}, "geometry": {"type": "Point", "coordinates": [67, -23]}}, {"type": "Feature", "properties": {"name": "p4928", "val": 4928}, "geometry": {"type": "Point", "coordinates": [68, -22]}}, {"type": "Feature", "properties": {"name": "p4929", "val": 4929}, "geometry": {"type": "Point", "coordinates": [69, -21]}}, {"type": "Feature", "properties": {"name": "p4930", "val": 4930}, "geometry": {"type": "Point", "coordinates": [70, -20]}}, {"type": "Feature", "properties": {"name": "p4931", "val": 4931}, "geometry": {"type": "Point", "coordinates": [71, -19]}}, {"type": "Feature", "properties": {"name": "p4932", "val": 4932}, "geometry": {"type": "Point", "coordinates": [72, -18]}}, {"type": "Feature", "properties": {"name": "p4933", "val": 4933}, "geometry": {"type": "Point", "coordinates": [73, -17]}}, {"type": "Feature", "properties": {"name": "p4934", "val": 4934}, "geometry": {"type": "Point", "coordinates": [74, -16]}}, {"type": "Feature", "properties": {"name": "p4935", "val": 4935}, "geometry": {"type": "Point", "coordinates": [75, -15]}}, {"type": "Feature", "properties": {"name": "p4936", "val": 4936}, "geometry": {"type": "Point", "coordinates": [76, -14]}}, {"type": "Feature", "properties": {"name": "p4937", "val": 4937}, "geometry": {"type": "Point", "coordinates": [77, -13]}}, {"type": "Feature", "properties": {"name": "p4938", "val": 4938}, "geometry": {"type": "Point", "coordinates": [78, -12]}}, {"type": "Feature", "properties": {"name": "p4939", "val": 4939}, "geometry": {"type": "Point", "coordinates": [79, -11]}}, {"type": "Feature", "properties": {"name": "p4940", "val": 4940}, "geometry": {"type": "Point", "coordinates": [80, -10]}}, {"type": "Feature", "properties": {"name": "p4941", "val": 4941}, "geometry": {"type": "Point", "coordinates": [81, -9]}}, {"type": "Feature", "properties": {"name": "p4942", "val": 4942}, "geometry": {"type": "Point", "coordinates": [82, -8]}}, {"type": "Feature", "properties": {"name": "p4943", "val": 4943}, "geometry": {"type": "Point", "coordinates": [83, -7]}}, {"type": "Feature", "properties": {"name": "p4944", "val": 4944}, "geometry": {"type": "Point", "coordinates": [84, -6]}}, {"type": "Feature", "properties": {"name": "p4945", "val": 4945}, "geometry": {"type": "Point", "coordinates": [85, -5]}}, {"type": "Feature", "properties": {"name": "p4946", "val": 4946}, "geometry": {"type": "Point", "coordinates": [86, -4]}}, {"type": "Feature", "properties": {"name": "p4947", "val": 4947}, "geometry": {"type": "Point", "coordinates": [87, -3]}}, {"type": "Feature", "properties": {"name": "p4948", "val": 4948}, "geometry": {"type": "Point", "coordinates": [88, -2]}}, {"type": "Feature", "properties": {"name": "p4949", "val": 4949}, "geometry": {"type": "Point", "coordinates": [89, -1]}}, {"type": "Feature", "properties": {"name": "p4950", "val": 4950}, "geometry": {"type": "Point", "coordinates": [90, 0]}}, {"type": "Feature", "properties": {"name": "p4951", "val": 4951}, "geometry": {"type": "Point", "coordinates": [91, 1]}}, {"type": "Feature", "properties": {"name": "p4952", "val": 4952}, "geometry": {"type": "Point", "coordinates": [92, 2]}}, {"type": "Feature", "properties": {"name": "p4953", "val": 4953}, "geometry": {"type": "Point", "coordinates": [93, 3]}}, {"type": "Feature", "properties": {"name": "p4954", "val": 4954}, "geometry": {"type": "Point", "coordinates": [94, 4]}}, {"type": "Feature", "properties": {"name": "p4955", "val": 4955}, "geometry": {"type": "Point", "coordinates": [95, 5]}}, {"type": "Feature", "properties": {"name": "p4956", "val": 4956}, "geometry": {"type": "Point", "coordinates": [96, 6]}}, {"type": "Feature", "properties": {"name": "p4957", "val": 4957}, "geometry": {"type": "Point", "coordinates": [97, 7]}}, {"type": "Feature", "properties": {"name": "p4958", "val": 4958}, "geometry": {"type": "Point", "coordinates": [98, 8]}}, {"type": "Feature", "properties": {"name": "p4959", "val": 4959}, "geometry": {"type": "Point", "coordinates": [99, 9]}}, {"type": "Feature", "properties": {"name": "p4960", "val": 4960}, "geometry": {"type": "Point", "coordinates": [100, 10]}}, {"type": "Feature", "properties": {"name": "p4961", "val": 4961}, "geometry": {"type": "Point", "coordinates": [101, 11]}}, {"type": "Feature", "properties": {"name": "p4962", "val": 4962}, "geometry": {"type": "Point", "coordinates": [102, 12]}}, {"type": "Feature", "properties": {"name": "p4963", "val": 4963}, "geometry": {"type": "Point", "coordinates": [103, 13]}}, {"type": "Feature", "properties": {"name": "p4964", "val": 4964}, "geometry": {"type": "Point", "coordinates": [104, 14]}}, {"type": "Feature", "properties": {"name": "p4965", "val": 4965}, "geometry": {"type": "Point", "coordinates": [105, 15]}}, {"type": "Feature", "properties": {"name": "p4966", "val": 4966}, "geometry": {"type": "Point", "coordinates": [106, 16]}}, {"type": "Feature", "properties": {"name": "p4967", "val": 4967}, "geometry": {"type": "Point", "coordinates": [107, 17]}}, {"type": "Feature", "properties": {"name": "p4968", "val": 4968}, "geometry": {"type": "Point", "coordinates": [108, 18]}}, {"type": "Feature", "properties": {"name": "p4969", "val": 4969}, "geometry": {"type": "Point", "coordinates": [109, 19]}}, {"type": "Feature", "properties": {"name": "p4970", "val": 4970}, "geometry": {"type": "Point", "coordinates": [110, 20]}}, {"type": "Feature", "properties": {"name": "p4971", "val": 4971}, "geometry": {"type": "Point", "coordinates": [111, 21]}}, {"type": "Feature", "properties": {"name": "p4972", "val": 4972}, "geometry": {"type": "Point", "coordinates": [112, 22]}}, {"type": "Feature", "properties": {"name": "p4973", "val": 4973}, "geometry": {"type": "Point", "coordinates": [113, 23]}}, {"type": "Feature", "properties": {"name": "p4974", "val": 4974}, "geometry": {"type": "Point", "coordinates": [114, 24]}}, {"type": "Feature", "properties": {"name": "p4975", "val": 4975}, "geometry": {"type": "Point", "coordinates": [115, 25]}}, {"type": "Feature", "properties": {"name": "p4976", "val": 4976}, "geometry": {"type": "Point", "coordinates": [116, 26]}}, {"type": "Feature", "properties": {"name": "p4977", "val": 4977}, "geometry": {"type": "Point", "coordinates": [117, 27]}}, {"type": "Feature", "properties": {"name": "p4978", "val": 4978}, "geometry": {"type": "Point", "coordinates": [118, 28]}}, {"type": "Feature", "properties": {"name": "p4979", "val": 4979}, "geometry": {"type": "Point", "coordinates": [119, 29]}}, {"type": "Feature", "properties": {"name": "p4980", "val": 4980}, "geometry": {"type": "Point", "coordinates": [120, 30]}}, {"type": "Feature", "properties": {"name": "p4981", "val": 4981}, "geometry": {"type": "Point", "coordinates": [121, 31]}}, {"type": "Feature", "properties": {"name": "p4982", "val": 4982}, "geometry": {"type": "Point", "coordinates": [122, 32]}}, {"type": "Feature", "properties": {"name": "p4983", "val": 4983}, "geometry": {"type": "Point", "coordinates": [123, 33]}}, {"type": "Feature", "properties": {"name": "p4984", "val": 4984}, "geometry": {"type": "Point", "coordinates": [124, 34]}}, {"type": "Feature", "properties": {"name": "p4985", "val": 4985}, "geometry": {"type": "Point", "coordinates": [125, 35]}}, {"type": "Feature", "properties": {"name": "p4986", "val": 4986}, "geometry": {"type": "Point", "coordinates": [126, 36]}}, {"type": "Feature", "properties": {"name": "p4987", "val": 4987}, "geometry": {"type": "Point", "coordinates": [127, 37]}}, {"type": "Feature", "properties": {"name": "p4988", "val": 4988}, "geometry": {"type": "Point", "coordinates": [128, 38]}}, {"type": "Feature", "properties": {"name": "p4989", "val": 4989}, "geometry": {"type": "Point", "coordinates": [129, 39]}}, {"type": "Feature", "properties": {"name": "p4990", "val": 4990}, "geometry": {"type": "Point", "coordinates": [130, 40]}}, {"type": "Feature", "properties": {"name": "p4991", "val": 4991}, "geometry": {"type": "Point", "coordinates": [131, 41]}}, {"type": "Feature", "properties": {"name": "p4992", "val": 4992}, "geometry": {"type": "Point", "coordinates": [132, 42]}}, {"type": "Feature", "properties": {"name": "p4993", "val": 4993}, "geometry": {"type": "Point", "coordinates": [133, 43]}}, {"type": "Feature", "properties": {"name": "p4994", "val": 4994}, "geometry": {"type": "Point", "coordinates": [134, 44]}}, {"type": "Feature", "properties": {"name": "p4995", "val": 4995}, "geometry": {"type": "Point", "coordinates": [135, 45]}}, {"type": "Feature", "properties": {"name": "p4996", "val": 4996}, "geometry": {"type": "Point", "coordinates": [136, 46]}}, {"type": "Feature", "properties": {"name": "p4997", "val": 4997}, "geometry": {"type": "Point", "coordinates": [137, 47]}}, {"type": "Feature", "properties": {"name": "p4998", "val": 4998}, "geometry": {"type": "Point", "coordinates": [138, 48]}}, {"type": "Feature", "properties": {"name": "p4999", "val": 4999}, "geometry": {"type": "Point", "coordinates": [139, 49]}}, {"type": "Feature", "properties": {"name": "p5000", "val": 5000}, "geometry": {"type": "Point", "coordinates": [140, 50]}}, {"type": "Feature", "properties": {"name": "p5001", "val": 5001}, "geometry": {"type": "Point", "coordinates": [141, 51]}}, {"type": "Feature", "properties": {"name": "p5002", "val": 5002}, "geometry": {"type": "Point", "coordinates": [142, 52]}}, {"type": "Feature", "properties": {"name": "p5003", "val": 5003}, "geometry": {"type": "Point", "coordinates": [143, 53]}}, {"type": "Feature", "properties": {"name": "p5004", "val": 5004}, "geometry": {"type": "Point", "coordinates": [144, 54]}}, {"type": "Feature", "properties": {"name": "p5005", "val": 5005}, "geometry": {"type": "Point", "coordinates": [145, 55]}}, {"type": "Feature", "properties": {"name": "p5006", "val": 5006}, "geometry": {"type": "Point", "coordinates": [146, 56]}}, {"type": "Feature", "properties": {"name": "p5007", "val": 5007}, "geometry": {"type": "Point", "coordinates": [147, 57]}}, {"type": "Feature", "properties": {"name": "p5008", "val": 5008}, "geometry": {"type": "Point", "coordinates": [148, 58]}}, {"type": "Feature", "properties": {"name": "p5009", "val": 5009}, "geometry": {"type": "Point", "coordinates": [149, 59]}}, {"type": "Feature", "properties": {"name": "p5010", "val": 5010}, "geometry": {"type": "Point", "coordinates": [150, 60]}}, {"type": "Feature", "properties": {"name": "p5011", "val": 5011}, "geometry": {"type": "Point", "coordinates": [151, 61]}}, {"type": "Feature", "properties": {"name": "p5012", "val": 5012}, "geometry": {"type": "Point", "coordinates": [152, 62]}}, {"type": "Feature", "properties": {"name": "p5013", "val": 5013}, "geometry": {"type": "Point", "coordinates": [153, 63]}}, {"type": "Feature", "properties": {"name": "p5014", "val": 5014}, "geometry": {"type": "Point", "coordinates": [154, 64]}}, {"type": "Feature", "properties": {"name": "p5015", "val": 5015}, "geometry": {"type": "Point", "coordinates": [155, 65]}}, {"type": "Feature", "properties": {"name": "p5016", "val": 5016}, "geometry": {"type": "Point", "coordinates": [156, 66]}}, {"type": "Feature", "properties": {"name": "p5017", "val": 5017}, "geometry": {"type": "Point", "coordinates": [157, 67]}}, {"type": "Feature", "properties": {"name": "p5018", "val": 5018}, "geometry": {"type": "Point", "coordinates": [158, 68]}}, {"type": "Feature", "properties": {"name": "p5019", "val": 5019}, "geometry": {"type": "Point", "coordinates": [159, 69]}}, {"type": "Feature", "properties": {"name": "p5020", "val": 5020}, "geometry": {"type": "Point", "coordinates": [160, 70]}}, {"type": "Feature", "properties": {"name": "p5021", "val": 5021}, "geometry": {"type": "Point", "coordinates": [161, 71]}}, {"type": "Feature", "properties": {"name": "p5022", "val": 5022}, "geometry": {"type": "Point", "coordinates": [162, 72]}}, {"type": "Feature", "properties": {"name": "p5023", "val": 5023}, "geometry": {"type": "Point", "coordinates": [163, 73]}}, {"type": "Feature", "properties": {"name": "p5024", "val": 5024}, "geometry": {"type": "Point", "coordinates": [164, 74]}}, {"type": "Feature", "properties": {"name": "p5025", "val": 5025}, "geometry": {"type": "Point", "coordinates": [165, 75]}}, {"type": "Feature", "properties": {"name": "p5026", "val": 5026}, "geometry": {"type": "Point", "coordinates": [166, 76]}}, {"type": "Feature", "properties": {"name": "p5027", "val": 5027}, "geometry": {"type": "Point", "coordinates": [167, 77]}}, {"type": "Feature", "properties": {"name": "p5028", "val": 5028}, "geometry": {"type": "Point", "coordinates": [168, 78]}}, {"type": "Feature", "properties": {"name": "p5029", "val": 5029}, "geometry": {"type": "Point", "coordinates": [169, 79]}}, {"type": "Feature", "properties": {"name": "p5030", "val": 5030}, "geometry": {"type": "Point", "coordinates": [170, 80]}}, {"type": "Feature", "properties": {"name": "p5031", "val": 5031}, "geometry": {"type": "Point", "coordinates": [171, 81]}}, {"type": "Feature", "properties": {"name": "p5032", "val": 5032}, "geometry": {"type": "Point", "coordinates": [172, 82]}}, {"type": "Feature", "properties": {"name": "p5033", "val": 5033}, "geometry": {"type": "Point", "coordinates": [173, 83]}}, {"type": "Feature", "properties": {"name": "p5034", "val": 5034}, "geometry": {"type": "Point", "coordinates": [174, 84]}}, {"type": "Feature", "properties": {"name": "p5035", "val": 5035}, "geometry": {"type": "Point", "coordinates": [175, 85]}}, {"type": "Feature", "properties": {"name": "p5036", "val": 5036}, "geometry": {"type": "Point", "coordinates": [176, 86]}}, {"type": "Feature", "properties": {"name": "p5037", "val": 5037}, "geometry": {"type": "Point", "coordinates": [177, 87]}}, {"type": "Feature", "properties": {"name": "p5038", "val": 5038}, "geometry": {"type": "Point", "coordinates": [178, 88]}}, {"type": "Feature", "properties": {"name": "p5039", "val": 5039}, "geometry": {"type": "Point", "coordinates": [179, 89]}}, {"type": "Feature", "properties": {"name": "p5040", "val": 5040}, "geometry": {"type": "Point", "coordinates": [-180, -90]}}, {"type": "Feature", "properties": {"name": "p5041", "val": 5041}, "geometry": {"type": "Point", "coordinates": [-179, -89]}}, {"type": "Feature", "properties": {"name": "p5042", "val": 5042}, "geometry": {"type": "Point", "coordinates": [-178, -88]}}, {"type": "Feature", "properties": {"name": "p5043", "val": 5043}, "geometry": {"type": "Point", "coordinates": [-177, -87]}}, {"type": "Feature", "properties": {"name": "p5044", "val": 5044}, "geometry": {"type": "Point", "coordinates": [-176, -86]}}, {"type": "Feature", "properties": {"name": "p5045", "val": 5045}, "geometry": {"type": "Point", "coordinates": [-175, -85]}}, {"type": "Feature", "properties": {"name": "p5046", "val": 5046}, "geometry": {"type": "Point", "coordinates": [-174, -84]}}, {"type": "Feature", "properties": {"name": "p5047", "val": 5047}, "geometry": {"type": "Point", "coordinates": [-173, -83]}}, {"type": "Feature", "properties": {"name": "p5048", "val": 5048}, "geometry": {"type": "Point", "coordinates": [-172, -82]}}, {"type": "Feature", "properties": {"name": "p5049", "val": 5049}, "geometry": {"type": "Point", "coordinates": [-171, -81]}}, {"type": "Feature", "properties": {"name": "p5050", "val": 5050}, "geometry": {"type": "Point", "coordinates": [-170, -80]}}, {"type": "Feature", "properties": {"name": "p5051", "val": 5051}, "geometry": {"type": "Point", "coordinates": [-169, -79]}}, {"type": "Feature", "properties": {"name": "p5052", "val": 5052}, "geometry": {"type": "Point", "coordinates": [-168, -78]}}, {"type": "Feature", "properties": {"name": "p5053", "val": 5053}, "geometry": {"type": "Point", "coordinates": [-167, -77]}}, {"type": "Feature", "properties": {"name": "p5054", "val": 5054}, "geometry": {"type": "Point", "coordinates": [-166, -76]}}, {"type": "Feature", "properties": {"name": "p5055", "val": 5055}, "geometry": {"type": "Point", "coordinates": [-165, -75]}}, {"type": "Feature", "properties": {"name": "p5056", "val": 5056}, "geometry": {"type": "Point", "coordinates": [-164, -74]}}, {"type": "Feature", "properties": {"name": "p5057", "val": 5057}, "geometry": {"type": "Point", "coordinates": [-163, -73]}}, {"type": "Feature", "properties": {"name": "p5058", "val": 5058}, "geometry": {"type": "Point", "coordinates": [-162, -72]}}, {"type": "Feature", "properties": {"name": "p5059", "val": 5059}, "geometry": {"type": "Point", "coordinates": [-161, -71]}}, {"type": "Feature", "properties": {"name": "p5060", "val": 5060}, "geometry": {"type": "Point", "coordinates": [-160, -70]}}, {"type": "Feature", "properties": {"name": "p5061", "val": 5061}, "geometry": {"type": "Point", "coordinates": [-159, -69]}}, {"type": "Feature", "properties": {"name": "p5062", "val": 5062}, "geometry": {"type": "Point", "coordinates": [-158, -68]}}, {"type": "Feature", "properties": {"name": "p5063", "val": 5063}, "geometry": {"type": "Point", "coordinates": [-157, -67]}}, {"type": "Feature", "properties": {"name": "p5064", "val": 5064}, "geometry": {"type": "Point", "coordinates": [-156, -66]}}, {"type": "Feature", "properties": {"name": "p5065", "val": 5065}, "geometry": {"type": "Point", "coordinates": [-155, -65]}}, {"type": "Feature", "properties": {"name": "p5066", "val": 5066}, "geometry": {"type": "Point", "coordinates": [-154, -64]}}, {"type": "Feature", "properties": {"name": "p5067", "val": 5067}, "geometry": {"type": "Point", "coordinates": [-153, -63]}}, {"type": "Feature", "properties": {"name": "p5068", "val": 5068}, "geometry": {"type": "Point", "coordinates": [-152, -62]}}, {"type": "Feature", "properties": {"name": "p5069", "val": 5069}, "geometry": {"type": "Point", "coordinates": [-151, -61]}}, {"type": "Feature", "properties": {"name": "p5070", "val": 5070}, "geometry": {"type": "Point", "coordinates": [-150, -60]}}, {"type": "Feature", "properties": {"name": "p5071", "val": 5071}, "geometry": {"type": "Point", "coordinates": [-149, -59]}}, {"type": "Feature", "properties": {"name": "p5072", "val": 5072}, "geometry": {"type": "Point", "coordinates": [-148, -58]}}, {"type": "Feature", "properties": {"name": "p5073", "val": 5073}, "geometry": {"type": "Point", "coordinates": [-147, -57]}}, {"type": "Feature", "properties": {"name": "p5074", "val": 5074}, "geometry": {"type": "Point", "coordinates": [-146, -56]}}, {"type": "Feature", "properties": {"name": "p5075", "val": 5075}, "geometry": {"type": "Point", "coordinates": [-145, -55]}}, {"type": "Feature", "properties": {"name": "p5076", "val": 5076}, "geometry": {"type": "Point", "coordinates": [-144, -54]}}, {"type": "Feature", "properties": {"name": "p5077", "val": 5077}, "geometry": {"type": "Point", "coordinates": [-143, -53]}}, {"type": "Feature", "properties": {"name": "p5078", "val": 5078}, "geometry": {"type": "Point", "coordinates": [-142, -52]}}, {"type": "Feature", "properties": {"name": "p5079", "val": 5079}, "geometry": {"type": "Point", "coordinates": [-141, -51]}}, {"type": "Feature", "properties": {"name": "p5080", "val": 5080}, "geometry": {"type": "Point", "coordinates": [-140, -50]}}, {"type": "Feature", "properties": {"name": "p5081", "val": 5081}, "geometry": {"type": "Point", "coordinates": [-139, -49]}}, {"type": "Feature", "properties": {"name": "p5082", "val": 5082}, "geometry": {"type": "Point", "coordinates": [-138, -48]}}, {"type": "Feature", "properties": {"name": "p5083", "val": 5083}, "geometry": {"type": "Point", "coordinates": [-137, -47]}}, {"type": "Feature", "properties": {"name": "p5084", "val": 5084}, "geometry": {"type": "Point", "coordinates": [-136, -46]}}, {"type": "Feature", "properties": {"name": "p5085", "val": 5085}, "geometry": {"type": "Point", "coordinates": [-135, -45]}}, {"type": "Feature", "properties": {"name": "p5086", "val": 5086}, "geometry": {"type": "Point", "coordinates": [-134, -44]}}, {"type": "Feature", "properties": {"name": "p5087", "val": 5087}, "geometry": {"type": "Point", "coordinates": [-133, -43]}}, {"type": "Feature", "properties": {"name": "p5088", "val": 5088}, "geometry": {"type": "Point", "coordinates": [-132, -42]}}, {"type": "Feature", "properties": {"name": "p5089", "val": 5089}, "geometry": {"type": "Point", "coordinates": [-131, -41]}}, {"type": "Feature", "properties": {"name": "p5090", "val": 5090}, "geometry": {"type": "Point", "coordinates": [-130, -40]}}, {"type": "Feature", "properties": {"name": "p5091", "val": 5091}, "geometry": {"type": "Point", "coordinates": [-129, -39]}}, {"type": "Feature", "properties": {"name": "p5092", "val": 5092}, "geometry": {"type": "Point", "coordinates": [-128, -38]}}, {"type": "Feature", "properties": {"name": "p5093", "val": 5093}, "geometry": {"type": "Point", "coordinates": [-127, -37]}}, {"type": "Feature", "properties": {"name": "p5094", "val": 5094}, "geometry": {"type": "Point", "coordinates": [-126, -36]}}, {"type": "Feature", "properties": {"name": "p5095", "val": 5095}, "geometry": {"type": "Point", "coordinates": [-125, -35]}}, {"type": "Feature", "properties": {"name": "p5096", "val": 5096}, "geometry": {"type": "Point", "coordinates": [-124, -34]}}, {"type": "Feature", "properties": {"name": "p5097", "val": 5097}, "geometry": {"type": "Point", "coordinates": [-123, -33]}}, {"type": "Feature", "properties": {"name": "p5098", "val": 5098}, "geometry": {"type": "Point", "coordinates": [-122, -32]}}, {"type": "Feature", "properties": {"name": "p5099", "val": 5099}, "geometry": {"type": "Point", "coordinates": [-121, -31]}}, {"type": "Feature", "properties": {"name": "p5100", "val": 5100}, "geometry": {"type": "Point", "coordinates": [-120, -30]}}, {"type": "Feature", "properties": {"name": "p5101", "val": 5101}, "geometry": {"type": "Point", "coordinates": [-119, -29]}}, {"type": "Feature", "properties": {"name": "p5102", "val": 5102}, "geometry": {"type": "Point", "coordinates": [-118, -28]}}, {"type": "Feature", "properties": {"name": "p5103", "val": 5103}, "geometry": {"type": "Point", "coordinates": [-117, -27]}}, {"type": "Feature", "properties": {"name": "p5104", "val": 5104}, "geometry": {"type": "Point", "coordinates": [-116, -26]}}, {"type": "Feature", "properties": {"name": "p5105", "val": 5105}, "geometry": {"type": "Point", "coordinates": [-115, -25]}}, {"type": "Feature", "properties": {"name": "p5106", "val": 5106}, "geometry": {"type": "Point", "coordinates": [-114, -24]}}, {"type": "Feature", "properties": {"name": "p5107", "val": 5107}, "geometry": {"type": "Point", "coordinates": [-113, -23]}}, {"type": "Feature", "properties": {"name": "p5108", "val": 5108}, "geometry": {"type": "Point", "coordinates": [-112, -22]}}, {"type": "Feature", "properties": {"name": "p5109", "val": 5109}, "geometry": {"type": "Point", "coordinates": [-111, -21]}}, {"type": "Feature", "properties": {"name": "p5110", "val": 5110}, "geometry": {"type": "Point", "coordinates": [-110, -20]}}, {"type": "Feature", "properties": {"name": "p5111", "val": 5111}, "geometry": {"type": "Point", "coordinates": [-109, -19]}}, {"type": "Feature", "properties": {"name": "p5112", "val": 5112}, "geometry": {"type": "Point", "coordinates": [-108, -18]}}, {"type": "Feature", "properties": {"name": "p5113", "val": 5113}, "geometry": {"type": "Point", "coordinates": [-107, -17]}}, {"type": "Feature", "properties": {"name": "p5114", "val": 5114}, "geometry": {"type": "Point", "coordinates": [-106, -16]}}, {"type": "Feature", "properties": {"name": "p5115", "val": 5115}, "geometry": {"type": "Point", "coordinates": [-105, -15]}}, {"type": "Feature", "properties": {"name": "p5116", "val": 5116}, "geometry": {"type": "Point", "coordinates": [-104, -14]}}, {"type": "Feature", "properties": {"name": "p5117", "val": 5117}, "geometry": {"type": "Point", "coordinates": [-103, -13]}}, {"type": "Feature", "properties": {"name": "p5118", "val": 5118}, "geometry": {"type": "Point", "coordinates": [-102, -12]}}, {"type": "Feature", "properties": {"name": "p5119", "val": 5119}, "geometry": {"type": "Point", "coordinates": [-101, -11]}}, {"type": "Feature", "properties": {"name": "p5120", "val": 5120}, "geometry": {"type": "Point", "coordinates": [-100, -10]}}, {"type": "Feature", "properties": {"name": "p5121", "val": 5121}, "geometry": {"type": "Point", "coordinates": [-99, -9]}}, {"type": "Feature", "properties": {"name": "p5122", "val": 5122}, "geometry": {"type": "Point", "coordinates": [-98, -8]}}, {"type": "Feature", "properties": {"name": "p5123", "val": 5123}, "geometry": {"type": "Point", "coordinates": [-97, -7]}}, {"type": "Feature", "properties": {"name": "p5124", "val": 5124}, "geometry": {"type": "Point", "coordinates": [-96, -6]}}, {"type": "Feature", "properties": {"name": "p5125", "val": 5125}, "geometry": {"type": "Point", "coordinates": [-95, -5]}}, {"type": "Feature", "properties": {"name": "p5126", "val": 5126}, "geometry": {"type": "Point", "coordinates": [-94, -4]}}, {"type": "Feature", "properties": {"name": "p5127", "val": 5127}, "geometry": {"type": "Point", "coordinates": [-93, -3]}}, {"type": "Feature", "properties": {"name": "p5128", "val": 5128}, "geometry": {"type": "Point", "coordinates": [-92, -2]}}, {"type": "Feature", "properties": {"name": "p5129", "val": 5129}, "geometry": {"type": "Point", "coordinates": [-91, -1]}}, {"type": "Feature", "properties": {"name": "p5130", "val": 5130}, "geometry": {"type": "Point", "coordinates": [-90, 0]}}, {"type": "Feature", "properties": {"name": "p5131", "val": 5131}, "geometry": {"type": "Point", "coordinates": [-89, 1]}}, {"type": "Feature", "properties": {"name": "p5132", "val": 5132}, "geometry": {"type": "Point", "coordinates": [-88, 2]}}, {"type": "Feature", "properties": {"name": "p5133", "val": 5133}, "geometry": {"type": "Point", "coordinates": [-87, 3]}}, {"type": "Feature", "properties": {"name": "p5134", "val": 5134}, "geometry": {"type": "Point", "coordinates": [-86, 4]}}, {"type": "Feature", "properties": {"name": "p5135", "val": 5135}, "geometry": {"type": "Point", "coordinates": [-85, 5]}}, {"type": "Feature", "properties": {"name": "p5136", "val": 5136}, "geometry": {"type": "Point", "coordinates": [-84, 6]}}, {"type": "Feature", "properties": {"name": "p5137", "val": 5137}, "geometry": {"type": "Point", "coordinates": [-83, 7]}}, {"type": "Feature", "properties": {"name": "p5138", "val": 5138}, "geometry": {"type": "Point", "coordinates": [-82, 8]}}, {"type": "Feature", "properties": {"name": "p5139", "val": 5139}, "geometry": {"type": "Point", "coordinates": [-81, 9]}}, {"type": "Feature", "properties": {"name": "p5140", "val": 5140}, "geometry": {"type": "Point", "coordinates": [-80, 10]}}, {"type": "Feature", "properties": {"name": "p5141", "val": 5141}, "geometry": {"type": "Point", "coordinates": [-79, 11]}}, {"type": "Feature", "properties": {"name": "p5142", "val": 5142}, "geometry": {"type": "Point", "coordinates": [-78, 12]}}, {"type": "Feature", "properties": {"name": "p5143", "val": 5143}, "geometry": {"type": "Point", "coordinates": [-77, 13]}}, {"type": "Feature", "properties": {"name": "p5144", "val": 5144}, "geometry": {"type": "Point", "coordinates": [-76, 14]}}, {"type": "Feature", "properties": {"name": "p5145", "val": 5145}, "geometry": {"type": "Point", "coordinates": [-75, 15]}}, {"type": "Feature", "properties": {"name": "p5146", "val": 5146}, "geometry": {"type": "Point", "coordinates": [-74, 16]}}, {"type": "Feature", "properties": {"name": "p5147", "val": 5147}, "geometry": {"type": "Point", "coordinates": [-73, 17]}}, {"type": "Feature", "properties": {"name": "p5148", "val": 5148}, "geometry": {"type": "Point", "coordinates": [-72, 18]}}, {"type": "Feature", "properties": {"name": "p5149", "val": 5149}, "geometry": {"type": "Point", "coordinates": [-71, 19]}}, {"type": "Feature", "properties": {"name": "p5150", "val": 5150}, "geometry": {"type": "Point", "coordinates": [-70, 20]}}, {"type": "Feature", "properties": {"name": "p5151", "val": 5151}, "geometry": {"type": "Point", "coordinates": [-69, 21]}}, {"type": "Feature", "properties": {"name": "p5152", "val": 5152}, "geometry": {"type": "Point", "coordinates": [-68, 22]}}, {"type": "Feature", "properties": {"name": "p5153", "val": 5153}, "geometry": {"type": "Point", "coordinates": [-67, 23]}}, {"type": "Feature", "properties": {"name": "p5154", "val": 5154}, "geometry": {"type": "Point", "coordinates": [-66, 24]}}, {"type": "Feature", "properties": {"name": "p5155", "val": 5155}, "geometry": {"type": "Point", "coordinates": [-65, 25]}}, {"type": "Feature", "properties": {"name": "p5156", "val": 5156}, "geometry": {"type": "Point", "coordinates": [-64, 26]}}, {"type": "Feature", "properties": {"name": "p5157", "val": 5157}, "geometry": {"type": "Point", "coordinates": [-63, 27]}}, {"type": "Feature", "properties": {"name": "p5158", "val": 5158}, "geometry": {"type": "Point", "coordinates": [-62, 28]}}, {"type": "Feature", "properties": {"name": "p5159", "val": 5159}, "geometry": {"type": "Point", "coordinates": [-61, 29]}}, {"type": "Feature", "properties": {"name": "p5160", "val": 5160}, "geometry": {"type": "Point", "coordinates": [-60, 30]}}, {"type": "Feature", "properties": {"name": "p5161", "val": 5161}, "geometry": {"type": "Point", "coordinates": [-59, 31]}}, {"type": "Feature", "properties": {"name": "p5162", "val": 5162}, "geometry": {"type": "Point", "coordinates": [-58, 32]}}, {"type": "Feature", "properties": {"name": "p5163", "val": 5163}, "geometry": {"type": "Point", "coordinates": [-57, 33]}}, {"type": "Feature", "properties": {"name": "p5164", "val": 5164}, "geometry": {"type": "Point", "coordinates": [-56, 34]}}, {"type": "Feature", "properties": {"name": "p5165", "val": 5165}, "geometry": {"type": "Point", "coordinates": [-55, 35]}}, {"type": "Feature", "properties": {"name": "p5166", "val": 5166}, "geometry": {"type": "Point", "coordinates": [-54, 36]}}, {"type": "Feature", "properties": {"name": "p5167", "val": 5167}, "geometry": {"type": "Point", "coordinates": [-53, 37]}}, {"type": "Feature", "properties": {"name": "p5168", "val": 5168}, "geometry": {"type": "Point", "coordinates": [-52, 38]}}, {"type": "Feature", "properties": {"name": "p5169", "val": 5169}, "geometry": {"type": "Point", "coordinates": [-51, 39]}}, {"type": "Feature", "properties": {"name": "p5170", "val": 5170}, "geometry": {"type": "Point", "coordinates": [-50, 40]}}, {"type": "Feature", "properties": {"name": "p5171", "val": 5171}, "geometry": {"type": "Point", "coordinates": [-49, 41]}}, {"type": "Feature", "properties": {"name": "p5172", "val": 5172}, "geometry": {"type": "Point", "coordinates": [-48, 42]}}, {"type": "Feature", "properties": {"name": "p5173", "val": 5173}, "geometry": {"type": "Point", "coordinates": [-47, 43]}}, {"type": "Feature", "properties": {"name": "p5174", "val": 5174}, "geometry": {"type": "Point", "coordinates": [-46, 44]}}, {"type": "Feature", "properties": {"name": "p5175", "val": 5175}, "geometry": {"type": "Point", "coordinates": [-45, 45]}}, {"type": "Feature", "properties": {"name": "p5176", "val": 5176}, "geometry": {"type": "Point", "coordinates": [-44, 46]}}, {"type": "Feature", "properties": {"name": "p5177", "val": 5177}, "geometry": {"type": "Point", "coordinates": [-43, 47]}}, {"type": "Feature", "properties": {"name": "p5178", "val": 5178}, "geometry": {"type": "Point", "coordinates": [-42, 48]}}, {"type": "Feature", "properties": {"name": "p5179", "val": 5179}, "geometry": {"type": "Point", "coordinates": [-41, 49]}}, {"type": "Feature", "properties": {"name": "p5180", "val": 5180}, "geometry": {"type": "Point", "coordinates": [-40, 50]}}, {"type": "Feature", "properties": {"name": "p5181", "val": 5181}, "geometry": {"type": "Point", "coordinates": [-39, 51]}}, {"type": "Feature", "properties": {"name": "p5182", "val": 5182}, "geometry": {"type": "Point", "coordinates": [-38, 52]}}, {"type": "Feature", "properties": {"name": "p5183", "val": 5183}, "geometry": {"type": "Point", "coordinates": [-37, 53]}}, {"type": "Feature", "properties": {"name": "p5184", "val": 5184}, "geometry": {"type": "Point", "coordinates": [-36, 54]}}, {"type": "Feature", "properties": {"name": "p5185", "val": 5185}, "geometry": {"type": "Point", "coordinates": [-35, 55]}}, {"type": "Feature", "properties": {"name": "p5186", "val": 5186}, "geometry": {"type": "Point", "coordinates": [-34, 56]}}, {"type": "Feature", "properties": {"name": "p5187", "val": 5187}, "geometry": {"type": "Point", "coordinates": [-33, 57]}}, {"type": "Feature", "properties": {"name": "p5188", "val": 5188}, "geometry": {"type": "Point", "coordinates": [-32, 58]}}, {"type": "Feature", "properties": {"name": "p5189", "val": 5189}, "geometry": {"type": "Point", "coordinates": [-31, 59]}}, {"type": "Feature", "properties": {"name": "p5190", "val": 5190}, "geometry": {"type": "Point", "coordinates": [-30, 60]}}, {"type": "Feature", "properties": {"name": "p5191", "val": 5191}, "geometry": {"type": "Point", "coordinates": [-29, 61]}}, {"type": "Feature", "properties": {"name": "p5192", "val": 5192}, "geometry": {"type": "Point", "coordinates": [-28, 62]}}, {"type": "Feature", "properties": {"name": "p5193", "val": 5193}, "geometry": {"type": "Point", "coordinates": [-27, 63]}}, {"type": "Feature", "properties": {"name": "p5194", "val": 5194}, "geometry": {"type": "Point", "coordinates": [-26, 64]}}, {"type": "Feature", "properties": {"name": "p5195", "val": 5195}, "geometry": {"type": "Point", "coordinates": [-25, 65]}}, {"type": "Feature", "properties": {"name": "p5196", "val": 5196}, "geometry": {"type": "Point", "coordinates": [-24, 66]}}, {"type": "Feature", "properties": {"name": "p5197", "val": 5197}, "geometry": {"type": "Point", "coordinates": [-23, 67]}}, {"type": "Feature", "properties": {"name": "p5198", "val": 5198}, "geometry": {"type": "Point", "coordinates": [-22, 68]}}, {"type": "Feature", "properties": {"name": "p5199", "val": 5199}, "geometry": {"type": "Point", "coordinates": [-21, 69]}}, {"type": "Feature", "properties": {"name": "p5200", "val": 5200}, "geometry": {"type": "Point", "coordinates": [-20, 70]}}, {"type": "Feature", "properties": {"name": "p5201", "val": 5201}, "geometry": {"type": "Point", "coordinates": [-19, 71]}}, {"type": "Feature", "properties": {"name": "p5202", "val": 5202}, "geometry": {"type": "Point", "coordinates": [-18, 72]}}, {"type": "Feature", "properties": {"name": "p5203", "val": 5203}, "geometry": {"type": "Point", "coordinates": [-17, 73]}}, {"type": "Feature", "properties": {"name": "p5204", "val": 5204}, "geometry": {"type": "Point", "coordinates": [-16, 74]}}, {"type": "Feature", "properties": {"name": "p5205", "val": 5205}, "geometry": {"type": "Point", "coordinates": [-15, 75]}}, {"type": "Feature", "properties": {"name": "p5206", "val": 5206}, "geometry": {"type": "Point", "coordinates": [-14, 76]}}, {"type": "Feature", "properties": {"name": "p5207", "val": 5207}, "geometry": {"type": "Point", "coordinates": [-13, 77]}}, {"type": "Feature", "properties": {"name": "p5208", "val": 5208}, "geometry": {"type": "Point", "coordinates": [-12, 78]}}, {"type": "Feature", "properties": {"name": "p5209", "val": 5209}, "geometry": {"type": "Point", "coordinates": [-11, 79]}}, {"type": "Feature", "properties": {"name": "p5210", "val": 5210}, "geometry": {"type": "Point", "coordinates": [-10, 80]}}, {"type": "Feature", "properties": {"name": "p5211", "val": 5211}, "geometry": {"type": "Point", "coordinates": [-9, 81]}}, {"type": "Feature", "properties": {"name": "p5212", "val": 5212}, "geometry": {"type": "Point", "coordinates": [-8, 82]}}, {"type": "Feature", "properties": {"name": "p5213", "val": 5213}, "geometry": {"type": "Point", "coordinates": [-7, 83]}}, {"type": "Feature", "properties": {"name": "p5214", "val": 5214}, "geometry": {"type": "Point", "coordinates": [-6, 84]}}, {"type": "Feature", "properties": {"name": "p5215", "val": 5215}, "geometry": {"type": "Point", "coordinates": [-5, 85]}}, {"type": "Feature", "properties": {"name": "p5216", "val": 5216}, "geometry": {"type": "Point", "coordinates": [-4, 86]}}, {"type": "Feature", "properties": {"name": "p5217", "val": 5217}, "geometry": {"type": "Point", "coordinates": [-3, 87]}}, {"type": "Feature", "properties": {"name": "p5218", "val": 5218}, "geometry": {"type": "Point", "coordinates": [-2, 88]}}, {"type": "Feature", "properties": {"name": "p5219", "val": 5219}, "geometry": {"type": "Point", "coordinates": [-1, 89]}}, {"type": "Feature", "properties": {"name": "p5220", "val": 5220}, "geometry": {"type": "Point", "coordinates": [0, -90]}}, {"type": "Feature", "properties": {"name": "p5221", "val": 5221}, "geometry": {"type": "Point", "coordinates": [1, -89]}}, {"type": "Feature", "properties": {"name": "p5222", "val": 5222}, "geometry": {"type": "Point", "coordinates": [2, -88]}}, {"type": "Feature", "properties": {"name": "p5223", "val": 5223}, "geometry": {"type": "Point", "coordinates": [3, -87]}}, {"type": "Feature", "properties": {"name": "p5224", "val": 5224}, "geometry": {"type": "Point", "coordinates": [4, -86]}}, {"type": "Feature", "properties": {"name": "p5225", "val": 5225}, "geometry": {"type": "Point", "coordinates": [5, -85]}}, {"type": "Feature", "properties": {"name": "p5226", "val": 5226}, "geometry": {"type": "Point", "coordinates": [6, -84]}}, {"type": "Feature", "properties": {"name": "p5227", "val": 5227}, "geometry": {"type": "Point", "coordinates": [7, -83]}}, {"type": "Feature", "properties": {"name": "p5228", "val": 5228}, "geometry": {"type": "Point", "coordinates": [8, -82]}}, {"type": "Feature", "properties": {"name": "p5229", "val": 5229}, "geometry": {"type": "Point", "coordinates": [9, -81]}}, {"type": "Feature", "properties": {"name": "p5230", "val": 5230}, "geometry": {"type": "Point", "coordinates": [10, -80]}}, {"type": "Feature", "properties": {"name": "p5231", "val": 5231}, "geometry": {"type": "Point", "coordinates": [11, -79]}}, {"type": "Feature", "properties": {"name": "p5232", "val": 5232}, "geometry": {"type": "Point", "coordinates": [12, -78]}}, {"type": "Feature", "properties": {"name": "p5233", "val": 5233}, "geometry": {"type": "Point", "coordinates": [13, -77]}}, {"type": "Feature", "properties": {"name": "p5234", "val": 5234}, "geometry": {"type": "Point", "coordinates": [14, -76]}}, {"type": "Feature", "properties": {"name": "p5235", "val": 5235}, "geometry": {"type": "Point", "coordinates": [15, -75]}}, {"type": "Feature", "properties": {"name": "p5236", "val": 5236}, "geometry": {"type": "Point", "coordinates": [16, -74]}}, {"type": "Feature", "properties": {"name": "p5237", "val": 5237}, "geometry": {"type": "Point", "coordinates": [17, -73]}}, {"type": "Feature", "properties": {"name": "p5238", "val": 5238}, "geometry": {"type": "Point", "coordinates": [18, -72]}}, {"type": "Feature", "properties": {"name": "p5239", "val": 5239}, "geometry": {"type": "Point", "coordinates": [19, -71]}}, {"type": "Feature", "properties": {"name": "p5240", "val": 5240}, "geometry": {"type": "Point", "coordinates": [20, -70]}}, {"type": "Feature", "properties": {"name": "p5241", "val": 5241}, "geometry": {"type": "Point", "coordinates": [21, -69]}}, {"type": "Feature", "properties": {"name": "p5242", "val": 5242}, "geometry": {"type": "Point", "coordinates": [22, -68]}}, {"type": "Feature", "properties": {"name": "p5243", "val": 5243}, "geometry": {"type": "Point", "coordinates": [23, -67]}}, {"type": "Feature", "properties": {"name": "p5244", "val": 5244}, "geometry": {"type": "Point", "coordinates": [24, -66]}}, {"type": "Feature", "properties": {"name": "p5245", "val": 5245}, "geometry": {"type": "Point", "coordinates": [25, -65]}}, {"type": "Feature", "properties": {"name": "p5246", "val": 5246}, "geometry": {"type": "Point", "coordinates": [26, -64]}}, {"type": "Feature", "properties": {"name": "p5247", "val": 5247}, "geometry": {"type": "Point", "coordinates": [27, -63]}}, {"type": "Feature", "properties": {"name": "p5248", "val": 5248}, "geometry": {"type": "Point", "coordinates": [28, -62]}}, {"type": "Feature", "properties": {"name": "p5249", "val": 5249}, "geometry": {"type": "Point", "coordinates": [29, -61]}}, {"type": "Feature", "properties": {"name": "p5250", "val": 5250}, "geometry": {"type": "Point", "coordinates": [30, -60]}}, {"type": "Feature", "properties": {"name": "p5251", "val": 5251}, "geometry": {"type": "Point", "coordinates": [31, -59]}}, {"type": "Feature", "properties": {"name": "p5252", "val": 5252}, "geometry": {"type": "Point", "coordinates": [32, -58]}}, {"type": "Feature", "properties": {"name": "p5253", "val": 5253}, "geometry": {"type": "Point", "coordinates": [33, -57]}}, {"type": "Feature", "properties": {"name": "p5254", "val": 5254}, "geometry": {"type": "Point", "coordinates": [34, -56]}}, {"type": "Feature", "properties": {"name": "p5255", "val": 5255}, "geometry": {"type": "Point", "coordinates": [35, -55]}}, {"type": "Feature", "properties": {"name": "p5256", "val": 5256}, "geometry": {"type": "Point", "coordinates": [36, -54]}}, {"type": "Feature", "properties": {"name": "p5257", "val": 5257}, "geometry": {"type": "Point", "coordinates": [37, -53]}}, {"type": "Feature", "properties": {"name": "p5258", "val": 5258}, "geometry": {"type": "Point", "coordinates": [38, -52]}}, {"type": "Feature", "properties": {"name": "p5259", "val": 5259}, "geometry": {"type": "Point", "coordinates": [39, -51]}}, {"type": "Feature", "properties": {"name": "p5260", "val": 5260}, "geometry": {"type": "Point", "coordinates": [40, -50]}}, {"type": "Feature", "properties": {"name": "p5261", "val": 5261}, "geometry": {"type": "Point", "coordinates": [41, -49]}}, {"type": "Feature", "properties": {"name": "p5262", "val": 5262}, "geometry": {"type": "Point", "coordinates": [42, -48]}}, {"type": "Feature", "properties": {"name": "p5263", "val": 5263}, "geometry": {"type": "Point", "coordinates": [43, -47]}}, {"type": "Feature", "properties": {"name": "p5264", "val": 5264}, "geometry": {"type": "Point", "coordinates": [44, -46]}}, {"type": "Feature", "properties": {"name": "p5265", "val": 5265}, "geometry": {"type": "Point", "coordinates": [45, -45]}}, {"type": "Feature", "properties": {"name": "p5266", "val": 5266}, "geometry": {"type": "Point", "coordinates": [46, -44]}}, {"type": "Feature", "properties": {"name": "p5267", "val": 5267}, "geometry": {"type": "Point", "coordinates": [47, -43]}}, {"type": "Feature", "properties": {"name": "p5268", "val": 5268}, "geometry": {"type": "Point", "coordinates": [48, -42]}}, {"type": "Feature", "properties": {"name": "p5269", "val": 5269}, "geometry": {"type": "Point", "coordinates": [49, -41]}}, {"type": "Feature", "properties": {"name": "p5270", "val": 5270}, "geometry": {"type": "Point", "coordinates": [50, -40]}}, {"type": "Feature", "properties": {"name": "p5271", "val": 5271}, "geometry": {"type": "Point", "coordinates": [51, -39]}}, {"type": "Feature", "properties": {"name": "p5272", "val": 5272}, "geometry": {"type": "Point", "coordinates": [52, -38]}}, {"type": "Feature", "properties": {"name": "p5273", "val": 5273}, "geometry": {"type": "Point", "coordinates": [53, -37]}}, {"type": "Feature", "properties": {"name": "p5274", "val": 5274}, "geometry": {"type": "Point", "coordinates": [54, -36]}}, {"type": "Feature", "properties": {"name": "p5275", "val": 5275}, "geometry": {"type": "Point", "coordinates": [55, -35]}}, {"type": "Feature", "properties": {"name": "p5276", "val": 5276}, "geometry": {"type": "Point", "coordinates": [56, -34]}}, {"type": "Feature", "properties": {"name": "p5277", "val": 5277}, "geometry": {"type": "Point", "coordinates": [57, -33]}}, {"type": "Feature", "properties": {"name": "p5278", "val": 5278}, "geometry": {"type": "Point", "coordinates": [58, -32]}}, {"type": "Feature", "properties": {"name": "p5279", "val": 5279}, "geometry": {"type": "Point", "coordinates": [59, -31]}}, {"type": "Feature", "properties": {"name": "p5280", "val": 5280}, "geometry": {"type": "Point", "coordinates": [60, -30]}}, {"type": "Feature", "properties": {"name": "p5281", "val": 5281}, "geometry": {"type": "Point", "coordinates": [61, -29]}}, {"type": "Feature", "properties": {"name": "p5282", "val": 5282}, "geometry": {"type": "Point", "coordinates": [62, -28]}}, {"type": "Feature", "properties": {"name": "p5283", "val": 5283}, "geometry": {"type": "Point", "coordinates": [63, -27]}}, {"type": "Feature", "properties": {"name": "p5284", "val": 5284}, "geometry": {"type": "Point", "coordinates": [64, -26]}}, {"type": "Feature", "properties": {"name": "p5285", "val": 5285}, "geometry": {"type": "Point", "coordinates": [65, -25]}}, {"type": "Feature", "properties": {"name": "p5286", "val": 5286}, "geometry": {"type": "Point", "coordinates": [66, -24]}}, {"type": "Feature", "properties": {"name": "p5287", "val": 5287}, "geometry": {"type": "Point", "coordinates": [67, -23]}}, {"type": "Feature", "properties": {"name": "p5288", "val": 5288}, "geometry": {"type": "Point", "coordinates": [68, -22]}}, {"type": "Feature", "properties": {"name": "p5289", "val": 5289}, "geometry": {"type": "Point", "coordinates": [69, -21]}}, {"type": "Feature", "properties": {"name": "p5290", "val": 5290}, "geometry": {"type": "Point", "coordinates": [70, -20]}}, {"type": "Feature", "properties": {"name": "p5291", "val": 5291}, "geometry": {"type": "Point", "coordinates": [71, -19]}}, {"type": "Feature", "properties": {"name": "p5292", "val": 5292}, "geometry": {"type": "Point", "coordinates": [72, -18]}}, {"type": "Feature", "properties": {"name": "p5293", "val": 5293}, "geometry": {"type": "Point", "coordinates": [73, -17]}}, {"type": "Feature", "properties": {"name": "p5294", "val": 5294}, "geometry": {"type": "Point", "coordinates": [74, -16]}}, {"type": "Feature", "properties": {"name": "p5295", "val": 5295}, "geometry": {"type": "Point", "coordinates": [75, -15]}}, {"type": "Feature", "properties": {"name": "p5296", "val": 5296}, "geometry": {"type": "Point", "coordinates": [76, -14]}}, {"type": "Feature", "properties": {"name": "p5297", "val": 5297}, "geometry": {"type": "Point", "coordinates": [77, -13]}}, {"type": "Feature", "properties": {"name": "p5298", "val": 5298}, "geometry": {"type": "Point", "coordinates": [78, -12]}}, {"type": "Feature", "properties": {"name": "p5299", "val": 5299}, "geometry": {"type": "Point", "coordinates": [79, -11]}}, {"type": "Feature", "properties": {"name": "p5300", "val": 5300}, "geometry": {"type": "Point", "coordinates": [80, -10]}}, {"type": "Feature", "properties": {"name": "p5301", "val": 5301}, "geometry": {"type": "Point", "coordinates": [81, -9]}}, {"type": "Feature", "properties": {"name": "p5302", "val": 5302}, "geometry": {"type": "Point", "coordinates": [82, -8]}}, {"type": "Feature", "properties": {"name": "p5303", "val": 5303}, "geometry": {"type": "Point", "coordinates": [83, -7]}}, {"type": "Feature", "properties": {"name": "p5304", "val": 5304}, "geometry": {"type": "Point", "coordinates": [84, -6]}}, {"type": "Feature", "properties": {"name": "p5305", "val": 5305}, "geometry": {"type": "Point", "coordinates": [85, -5]}}, {"type": "Feature", "properties": {"name": "p5306", "val": 5306}, "geometry": {"type": "Point", "coordinates": [86, -4]}}, {"type": "Feature", "properties": {"name": "p5307", "val": 5307}, "geometry": {"type": "Point", "coordinates": [87, -3]}}, {"type": "Feature", "properties": {"name": "p5308", "val": 5308}, "geometry": {"type": "Point", "coordinates": [88, -2]}}, {"type": "Feature", "properties": {"name": "p5309", "val": 5309}, "geometry": {"type": "Point", "coordinates": [89, -1]}}, {"type": "Feature", "properties": {"name": "p5310", "val": 5310}, "geometry": {"type": "Point", "coordinates": [90, 0]}}, {"type": "Feature", "properties": {"name": "p5311", "val": 5311}, "geometry": {"type": "Point", "coordinates": [91, 1]}}, {"type": "Feature", "properties": {"name": "p5312", "val": 5312}, "geometry": {"type": "Point", "coordinates": [92, 2]}}, {"type": "Feature", "properties": {"name": "p5313", "val": 5313}, "geometry": {"type": "Point", "coordinates": [93, 3]}}, {"type": "Feature", "properties": {"name": "p5314", "val": 5314}, "geometry": {"type": "Point", "coordinates": [94, 4]}}, {"type": "Feature", "properties": {"name": "p5315", "val": 5315}, "geometry": {"type": "Point", "coordinates": [95, 5]}}, {"type": "Feature", "properties": {"name": "p5316", "val": 5316}, "geometry": {"type": "Point", "coordinates": [96, 6]}}, {"type": "Feature", "properties": {"name": "p5317", "val": 5317}, "geometry": {"type": "Point", "coordinates": [97, 7]}}, {"type": "Feature", "properties": {"name": "p5318", "val": 5318}, "geometry": {"type": "Point", "coordinates": [98, 8]}}, {"type": "Feature", "properties": {"name": "p5319", "val": 5319}, "geometry": {"type": "Point", "coordinates": [99, 9]}}, {"type": "Feature", "properties": {"name": "p5320", "val": 5320}, "geometry": {"type": "Point", "coordinates": [100, 10]}}, {"type": "Feature", "properties": {"name": "p5321", "val": 5321}, "geometry": {"type": "Point", "coordinates": [101, 11]}}, {"type": "Feature", "properties": {"name": "p5322", "val": 5322}, "geometry": {"type": "Point", "coordinates": [102, 12]}}, {"type": "Feature", "properties": {"name": "p5323", "val": 5323}, "geometry": {"type": "Point", "coordinates": [103, 13]}}, {"type": "Feature", "properties": {"name": "p5324", "val": 5324}, "geometry": {"type": "Point", "coordinates": [104, 14]}}, {"type": "Feature", "properties": {"name": "p5325", "val": 5325}, "geometry": {"type": "Point", "coordinates": [105, 15]}}, {"type": "Feature", "properties": {"name": "p5326", "val": 5326}, "geometry": {"type": "Point", "coordinates": [106, 16]}}, {"type": "Feature", "properties": {"name": "p5327", "val": 5327}, "geometry": {"type": "Point", "coordinates": [107, 17]}}, {"type": "Feature", "properties": {"name": "p5328", "val": 5328}, "geometry": {"type": "Point", "coordinates": [108, 18]}}, {"type": "Feature", "properties": {"name": "p5329", "val": 5329}, "geometry": {"type": "Point", "coordinates": [109, 19]}}, {"type": "Feature", "properties": {"name": "p5330", "val": 5330}, "geometry": {"type": "Point", "coordinates": [110, 20]}}, {"type": "Feature", "properties": {"name": "p5331", "val": 5331}, "geometry": {"type": "Point", "coordinates": [111, 21]}}, {"type": "Feature", "properties": {"name": "p5332", "val": 5332}, "geometry": {"type": "Point", "coordinates": [112, 22]}}, {"type": "Feature", "properties": {"name": "p5333", "val": 5333}, "geometry": {"type": "Point", "coordinates": [113, 23]}}, {"type": "Feature", "properties": {"name": "p5334", "val": 5334}, "geometry": {"type": "Point", "coordinates": [114, 24]}}, {"type": "Feature", "properties": {"name": "p5335", "val": 5335}, "geometry": {"type": "Point", "coordinates": [115, 25]}}, {"type": "Feature", "properties": {"name": "p5336", "val": 5336}, "geometry": {"type": "Point", "coordinates": [116, 26]}}, {"type": "Feature", "properties": {"name": "p5337", "val": 5337}, "geometry": {"type": "Point", "coordinates": [117, 27]}}, {"type": "Feature", "properties": {"name": "p5338", "val": 5338}, "geometry": {"type": "Point", "coordinates": [118, 28]}}, {"type": "Feature", "properties": {"name": "p5339", "val": 5339}, "geometry": {"type": "Point", "coordinates": [119, 29]}}, {"type": "Feature", "properties": {"name": "p5340", "val": 5340}, "geometry": {"type": "Point", "coordinates": [120, 30]}}, {"type": "Feature", "properties": {"name": "p5341", "val": 5341}, "geometry": {"type": "Point", "coordinates": [121, 31]}}, {"type": "Feature", "properties": {"name": "p5342", "val": 5342}, "geometry": {"type": "Point", "coordinates": [122, 32]}}, {"type": "Feature", "properties": {"name": "p5343", "val": 5343}, "geometry": {"type": "Point", "coordinates": [123, 33]}}, {"type": "Feature", "properties": {"name": "p5344", "val": 5344}, "geometry": {"type": "Point", "coordinates": [124, 34]}}, {"type": "Feature", "properties": {"name": "p5345", "val": 5345}, "geometry": {"type": "Point", "coordinates": [125, 35]}}, {"type": "Feature", "properties": {"name": "p5346", "val": 5346}, "geometry": {"type": "Point", "coordinates": [126, 36]}}, {"type": "Feature", "properties": {"name": "p5347", "val": 5347}, "geometry": {"type": "Point", "coordinates": [127, 37]}}, {"type": "Feature", "properties": {"name": "p5348", "val": 5348}, "geometry": {"type": "Point", "coordinates": [128, 38]}}, {"type": "Feature", "properties": {"name": "p5349", "val": 5349}, "geometry": {"type": "Point", "coordinates": [129, 39]}}, {"type": "Feature", "properties": {"name": "p5350", "val": 5350}, "geometry": {"type": "Point", "coordinates": [130, 40]}}, {"type": "Feature", "properties": {"name": "p5351", "val": 5351}, "geometry": {"type": "Point", "coordinates": [131, 41]}}, {"type": "Feature", "properties": {"name": "p5352", "val": 5352}, "geometry": {"type": "Point", "coordinates": [132, 42]}}, {"type": "Feature", "properties": {"name": "p5353", "val": 5353}, "geometry": {"type": "Point", "coordinates": [133, 43]}}, {"type": "Feature", "properties": {"name": "p5354", "val": 5354}, "geometry": {"type": "Point", "coordinates": [134, 44]}}, {"type": "Feature", "properties": {"name": "p5355", "val": 5355}, "geometry": {"type": "Point", "coordinates": [135, 45]}}, {"type": "Feature", "properties": {"name": "p5356", "val": 5356}, "geometry": {"type": "Point", "coordinates": [136, 46]}}, {"type": "Feature", "properties": {"name": "p5357", "val": 5357}, "geometry": {"type": "Point", "coordinates": [137, 47]}}, {"type": "Feature", "properties": {"name": "p5358", "val": 5358}, "geometry": {"type": "Point", "coordinates": [138, 48]}}, {"type": "Feature", "properties": {"name": "p5359", "val": 5359}, "geometry": {"type": "Point", "coordinates": [139, 49]}}, {"type": "Feature", "properties": {"name": "p5360", "val": 5360}, "geometry": {"type": "Point", "coordinates": [140, 50]}}, {"type": "Feature", "properties": {"name": "p5361", "val": 5361}, "geometry": {"type": "Point", "coordinates": [141, 51]}}, {"type": "Feature", "properties": {"name": "p5362", "val": 5362}, "geometry": {"type": "Point", "coordinates": [142, 52]}}, {"type": "Feature", "properties": {"name": "p5363", "val": 5363}, "geometry": {"type": "Point", "coordinates": [143, 53]}}, {"type": "Feature", "properties": {"name": "p5364", "val": 5364}, "geometry": {"type": "Point", "coordinates": [144, 54]}}, {"type": "Feature", "properties": {"name": "p5365", "val": 5365}, "geometry": {"type": "Point", "coordinates": [145, 55]}}, {"type": "Feature", "properties": {"name": "p5366", "val": 5366}, "geometry": {"type": "Point", "coordinates": [146, 56]}}, {"type": "Feature", "properties": {"name": "p5367", "val": 5367}, "geometry": {"type": "Point", "coordinates": [147, 57]}}, {"type": "Feature", "properties": {"name": "p5368", "val": 5368}, "geometry": {"type": "Point", "coordinates": [148, 58]}}, {"type": "Feature", "properties": {"name": "p5369", "val": 5369}, "geometry": {"type": "Point", "coordinates": [149, 59]}}, {"type": "Feature", "properties": {"name": "p5370", "val": 5370}, "geometry": {"type": "Point", "coordinates": [150, 60]}}, {"type": "Feature", "properties": {"name": "p5371", "val": 5371}, "geometry": {"type": "Point", "coordinates": [151, 61]}}, {"type": "Feature", "properties": {"name": "p5372", "val": 5372}, "geometry": {"type": "Point", "coordinates": [152, 62]}}, {"type": "Feature", "properties": {"name": "p5373", "val": 5373}, "geometry": {"type": "Point", "coordinates": [153, 63]}}, {"type": "Feature", "properties": {"name": "p5374", "val": 5374}, "geometry": {"type": "Point", "coordinates": [154, 64]}}, {"type": "Feature", "properties": {"name": "p5375", "val": 5375}, "geometry": {"type": "Point", "coordinates": [155, 65]}}, {"type": "Feature", "properties": {"name": "p5376", "val": 5376}, "geometry": {"type": "Point", "coordinates": [156, 66]}}, {"type": "Feature", "properties": {"name": "p5377", "val": 5377}, "geometry": {"type": "Point", "coordinates": [157, 67]}}, {"type": "Feature", "properties": {"name": "p5378", "val": 5378}, "geometry": {"type": "Point", "coordinates": [158, 68]}}, {"type": "Feature", "properties": {"name": "p5379", "val": 5379}, "geometry": {"type": "Point", "coordinates": [159, 69]}}, {"type": "Feature", "properties": {"name": "p5380", "val": 5380}, "geometry": {"type": "Point", "coordinates": [160, 70]}}, {"type": "Feature", "properties": {"name": "p5381", "val": 5381}, "geometry": {"type": "Point", "coordinates": [161, 71]}}, {"type": "Feature", "properties": {"name": "p5382", "val": 5382}, "geometry": {"type": "Point", "coordinates": [162, 72]}}, {"type": "Feature", "properties": {"name": "p5383", "val": 5383}, "geometry": {"type": "Point", "coordinates": [163, 73]}}, {"type": "Feature", "properties": {"name": "p5384", "val": 5384}, "geometry": {"type": "Point", "coordinates": [164, 74]}}, {"type": "Feature", "properties": {"name": "p5385", "val": 5385}, "geometry": {"type": "Point", "coordinates": [165, 75]}}, {"type": "Feature", "properties": {"name": "p5386", "val": 5386}, "geometry": {"type": "Point", "coordinates": [166, 76]}}, {"type": "Feature", "properties": {"name": "p5387", "val": 5387}, "geometry": {"type": "Point", "coordinates": [167, 77]}}, {"type": "Feature", "properties": {"name": "p5388", "val": 5388}, "geometry": {"type": "Point", "coordinates": [168, 78]}}, {"type": "Feature", "properties": {"name": "p5389", "val": 5389}, "geometry": {"type": "Point", "coordinates": [169, 79]}}, {"type": "Feature", "properties": {"name": "p5390", "val": 5390}, "geometry": {"type": "Point", "coordinates": [170, 80]}}, {"type": "Feature", "properties": {"name": "p5391", "val": 5391}, "geometry": {"type": "Point", "coordinates": [171, 81]}}, {"type": "Feature", "properties": {"name": "p5392", "val": 5392}, "geometry": {"type": "Point", "coordinates": [172, 82]}}, {"type": "Feature", "properties": {"name": "p5393", "val": 5393}, "geometry": {"type": "Point", "coordinates": [173, 83]}}, {"type": "Feature", "properties": {"name": "p5394", "val": 5394}, "geometry": {"type": "Point", "coordinates": [174, 84]}}, {"type": "Feature", "properties": {"name": "p5395", "val": 5395}, "geometry": {"type": "Point", "coordinates": [175, 85]}}, {"type": "Feature", "properties": {"name": "p5396", "val": 5396}, "geometry": {"type": "Point", "coordinates": [176, 86]}}, {"type": "Feature", "properties": {"name": "p5397", "val": 5397}, "geometry": {"type": "Point", "coordinates": [177, 87]}}, {"type": "Feature", "properties": {"name": "p5398", "val": 5398}, "geometry": {"type": "Point", "coordinates": [178, 88]}}, {"type": "Feature", "properties": {"name": "p5399", "val": 5399}, "geometry": {"type": "Point", "coordinates": [179, 89]}}, {"type": "Feature", "properties": {"name": "p5400", "val": 5400}, "geometry": {"type": "Point", "coordinates": [-180, -90]}}, {"type": "Feature", "properties": {"name": "p5401", "val": 5401}, "geometry": {"type": "Point", "coordinates": [-179, -89]}}, {"type": "Feature", "properties": {"name": "p5402", "val": 5402}, "geometry": {"type": "Point", "coordinates": [-178, -88]}}, {"type": "Feature", "properties": {"name": "p5403", "val": 5403}, "geometry": {"type": "Point", "coordinates": [-177, -87]}}, {"type": "Feature", "properties": {"name": "p5404", "val": 5404}, "geometry": {"type": "Point", "coordinates": [-176, -86]}}, {"type": "Feature", "properties": {"name": "p5405", "val": 5405}, "geometry": {"type": "Point", "coordinates": [-175, -85]}}, {"type": "Feature", "properties": {"name": "p5406", "val": 5406}, "geometry": {"type": "Point", "coordinates": [-174, -84]}}, {"type": "Feature", "properties": {"name": "p5407", "val": 5407}, "geometry": {"type": "Point", "coordinates": [-173, -83]}}, {"type": "Feature", "properties": {"name": "p5408", "val": 5408}, "geometry": {"type": "Point", "coordinates": [-172, -82]}}, {"type": "Feature", "properties": {"name": "p5409", "val": 5409}, "geometry": {"type": "Point", "coordinates": [-171, -81]}}, {"type": "Feature", "properties": {"name": "p5410", "val": 5410}, "geometry": {"type": "Point", "coordinates": [-170, -80]}}, {"type": "Feature", "properties": {"name": "p5411", "val": 5411}, "geometry": {"type": "Point", "coordinates": [-169, -79]}}, {"type": "Feature", "properties": {"name": "p5412", "val": 5412}, "geometry": {"type": "Point", "coordinates": [-168, -78]}}, {"type": "Feature", "properties": {"name": "p5413", "val": 5413}, "geometry": {"type": "Point", "coordinates": [-167, -77]}}, {"type": "Feature", "properties": {"name": "p5414", "val": 5414}, "geometry": {"type": "Point", "coordinates": [-166, -76]}}, {"type": "Feature", "properties": {"name": "p5415", "val": 5415}, "geometry": {"type": "Point", "coordinates": [-165, -75]}}, {"type": "Feature", "properties": {"name": "p5416", "val": 5416}, "geometry": {"type": "Point", "coordinates": [-164, -74]}}, {"type": "Feature", "properties": {"name": "p5417", "val": 5417}, "geometry": {"type": "Point", "coordinates": [-163, -73]}}, {"type": "Feature", "properties": {"name": "p5418", "val": 5418}, "geometry": {"type": "Point", "coordinates": [-162, -72]}}, {"type": "Feature", "properties": {"name": "p5419", "val": 5419}, "geometry": {"type": "Point", "coordinates": [-161, -71]}}, {"type": "Feature", "properties": {"name": "p5420", "val": 5420}, "geometry": {"type": "Point", "coordinates": [-160, -70]}}, {"type": "Feature", "properties": {"name": "p5421", "val": 5421}, "geometry": {"type": "Point", "coordinates": [-159, -69]}}, {"type": "Feature", "properties": {"name": "p5422", "val": 5422}, "geometry": {"type": "Point", "coordinates": [-158, -68]}}, {"type": "Feature", "properties": {"name": "p5423", "val": 5423}, "geometry": {"type": "Point", "coordinates": [-157, -67]}}, {"type": "Feature", "properties": {"name": "p5424", "val": 5424}, "geometry": {"type": "Point", "coordinates": [-156, -66]}}, {"type": "Feature", "properties": {"name": "p5425", "val": 5425}, "geometry": {"type": "Point", "coordinates": [-155, -65]}}, {"type": "Feature", "properties": {"name": "p5426", "val": 5426}, "geometry": {"type": "Point", "coordinates": [-154, -64]}}, {"type": "Feature", "properties": {"name": "p5427", "val": 5427}, "geometry": {"type": "Point", "coordinates": [-153, -63]}}, {"type": "Feature", "properties": {"name": "p5428", "val": 5428}, "geometry": {"type": "Point", "coordinates": [-152, -62]}}, {"type": "Feature", "properties": {"name": "p5429", "val": 5429}, "geometry": {"type": "Point", "coordinates": [-151, -61]}}, {"type": "Feature", "properties": {"name": "p5430", "val": 5430}, "geometry": {"type": "Point", "coordinates": [-150, -60]}}, {"type": "Feature", "properties": {"name": "p5431", "val": 5431}, "geometry": {"type": "Point", "coordinates": [-149, -59]}}, {"type": "Feature", "properties": {"name": "p5432", "val": 5432}, "geometry": {"type": "Point", "coordinates": [-148, -58]}}, {"type": "Feature", "properties": {"name": "p5433", "val": 5433}, "geometry": {"type": "Point", "coordinates": [-147, -57]}}, {"type": "Feature", "properties": {"name": "p5434", "val": 5434}, "geometry": {"type": "Point", "coordinates": [-146, -56]}}, {"type": "Feature", "properties": {"name": "p5435", "val": 5435}, "geometry": {"type": "Point", "coordinates": [-145, -55]}}, {"type": "Feature", "properties": {"name": "p5436", "val": 5436}, "geometry": {"type": "Point", "coordinates": [-144, -54]}}, {"type": "Feature", "properties": {"name": "p5437", "val": 5437}, "geometry": {"type": "Point", "coordinates": [-143, -53]}}, {"type": "Feature", "properties": {"name": "p5438", "val": 5438}, "geometry": {"type": "Point", "coordinates": [-142, -52]}}, {"type": "Feature", "properties": {"name": "p5439", "val": 5439}, "geometry": {"type": "Point", "coordinates": [-141, -51]}}, {"type": "Feature", "properties": {"name": "p5440", "val": 5440}, "geometry": {"type": "Point", "coordinates": [-140, -50]}}, {"type": "Feature", "properties": {"name": "p5441", "val": 5441}, "geometry": {"type": "Point", "coordinates": [-139, -49]}}, {"type": "Feature", "properties": {"name": "p5442", "val": 5442}, "geometry": {"type": "Point", "coordinates": [-138, -48]}}, {"type": "Feature", "properties": {"name": "p5443", "val": 5443}, "geometry": {"type": "Point", "coordinates": [-137, -47]}}, {"type": "Feature", "properties": {"name": "p5444", "val": 5444}, "geometry": {"type": "Point", "coordinates": [-136, -46]}}, {"type": "Feature", "properties": {"name": "p5445", "val": 5445}, "geometry": {"type": "Point", "coordinates": [-135, -45]}}, {"type": "Feature", "properties": {"name": "p5446", "val": 5446}, "geometry": {"type": "Point", "coordinates": [-134, -44]}}, {"type": "Feature", "properties": {"name": "p5447", "val": 5447}, "geometry": {"type": "Point", "coordinates": [-133, -43]}}, {"type": "Feature", "properties": {"name": "p5448", "val": 5448}, "geometry": {"type": "Point", "coordinates": [-132, -42]}}, {"type": "Feature", "properties": {"name": "p5449", "val": 5449}, "geometry": {"type": "Point", "coordinates": [-131, -41]}}, {"type": "Feature", "properties": {"name": "p5450", "val": 5450}, "geometry": {"type": "Point", "coordinates": [-130, -40]}}, {"type": "Feature", "properties": {"name": "p5451", "val": 5451}, "geometry": {"type": "Point", "coordinates": [-129, -39]}}, {"type": "Feature", "properties": {"name": "p5452", "val": 5452}, "geometry": {"type": "Point", "coordinates": [-128, -38]}}, {"type": "Feature", "properties": {"name": "p5453", "val": 5453}, "geometry": {"type": "Point", "coordinates": [-127, -37]}}, {"type": "Feature", "properties": {"name": "p5454", "val": 5454}, "geometry": {"type": "Point", "coordinates": [-126, -36]}}, {"type": "Feature", "properties": {"name": "p5455", "val": 5455}, "geometry": {"type": "Point", "coordinates": [-125, -35]}}, {"type": "Feature", "properties": {"name": "p5456", "val": 5456}, "geometry": {"type": "Point", "coordinates": [-124, -34]}}, {"type": "Feature", "properties": {"name": "p5457", "val": 5457}, "geometry": {"type": "Point", "coordinates": [-123, -33]}}, {"type": "Feature", "properties": {"name": "p5458", "val": 5458}, "geometry": {"type": "Point", "coordinates": [-122, -32]}}, {"type": "Feature", "properties": {"name": "p5459", "val": 5459}, "geometry": {"type": "Point", "coordinates": [-121, -31]}}, {"type": "Feature", "properties": {"name": "p5460", "val": 5460}, "geometry": {"type": "Point", "coordinates": [-120, -30]}}, {"type": "Feature", "properties": {"name": "p5461", "val": 5461}, "geometry": {"type": "Point", "coordinates": [-119, -29]}}, {"type": "Feature", "properties": {"name": "p5462", "val": 5462}, "geometry": {"type": "Point", "coordinates": [-118, -28]}}, {"type": "Feature", "properties": {"name": "p5463", "val": 5463}, "geometry": {"type": "Point", "coordinates": [-117, -27]}}, {"type": "Feature", "properties": {"name": "p5464", "val": 5464}, "geometry": {"type": "Point", "coordinates": [-116, -26]}}, {"type": "Feature", "properties": {"name": "p5465", "val": 5465}, "geometry": {"type": "Point", "coordinates": [-115, -25]}}, {"type": "Feature", "properties": {"name": "p5466", "val": 5466}, "geometry": {"type": "Point", "coordinates": [-114, -24]}}, {"type": "Feature", "properties": {"name": "p5467", "val": 5467}, "geometry": {"type": "Point", "coordinates": [-113, -23]}}, {"type": "Feature", "properties": {"name": "p5468", "val": 5468}, "geometry": {"type": "Point", "coordinates": [-112, -22]}}, {"type": "Feature", "properties": {"name": "p5469", "val": 5469}, "geometry": {"type": "Point", "coordinates": [-111, -21]}}, {"type": "Feature", "properties": {"name": "p5470", "val": 5470}, "geometry": {"type": "Point", "coordinates": [-110, -20]}}, {"type": "Feature", "properties": {"name": "p5471", "val": 5471}, "geometry": {"type": "Point", "coordinates": [-109, -19]}}, {"type": "Feature", "properties": {"name": "p5472", "val": 5472}, "geometry": {"type": "Point", "coordinates": [-108, -18]}}, {"type": "Feature", "properties": {"name": "p5473", "val": 5473}, "geometry": {"type": "Point", "coordinates": [-107, -17]}}, {"type": "Feature", "properties": {"name": "p5474", "val": 5474}, "geometry": {"type": "Point", "coordinates": [-106, -16]}}, {"type": "Feature", "properties": {"name": "p5475", "val": 5475}, "geometry": {"type": "Point", "coordinates": [-105, -15]}}, {"type": "Feature", "properties": {"name": "p5476", "val": 5476}, "geometry": {"type": "Point", "coordinates": [-104, -14]}}, {"type": "Feature", "properties": {"name": "p5477", "val": 5477}, "geometry": {"type": "Point", "coordinates": [-103, -13]}}, {"type": "Feature", "properties": {"name": "p5478", "val": 5478}, "geometry": {"type": "Point", "coordinates": [-102, -12]}}, {"type": "Feature", "properties": {"name": "p5479", "val": 5479}, "geometry": {"type": "Point", "coordinates": [-101, -11]}}, {"type": "Feature", "properties": {"name": "p5480", "val": 5480}, "geometry": {"type": "Point", "coordinates": [-100, -10]}}, {"type": "Feature", "properties": {"name": "p5481", "val": 5481}, "geometry": {"type": "Point", "coordinates": [-99, -9]}}, {"type": "Feature", "properties": {"name": "p5482", "val": 5482}, "geometry": {"type": "Point", "coordinates": [-98, -8]}}, {"type": "Feature", "properties": {"name": "p5483", "val": 5483}, "geometry": {"type": "Point", "coordinates": [-97, -7]}}, {"type": "Feature", "properties": {"name": "p5484", "val": 5484}, "geometry": {"type": "Point", "coordinates": [-96, -6]}}, {"type": "Feature", "properties": {"name": "p5485", "val": 5485}, "geometry": {"type": "Point", "coordinates": [-95, -5]}}, {"type": "Feature", "properties": {"name": "p5486", "val": 5486}, "geometry": {"type": "Point", "coordinates": [-94, -4]}}, {"type": "Feature", "properties": {"name": "p5487", "val": 5487}, "geometry": {"type": "Point", "coordinates": [-93, -3]}}, {"type": "Feature", "properties": {"name": "p5488", "val": 5488}, "geometry": {"type": "Point", "coordinates": [-92, -2]}}, {"type": "Feature", "properties": {"name": "p5489", "val": 5489}, "geometry": {"type": "Point", "coordinates": [-91, -1]}}, {"type": "Feature", "properties": {"name": "p5490", "val": 5490}, "geometry": {"type": "Point", "coordinates": [-90, 0]}}, {"type": "Feature", "properties": {"name": "p5491", "val": 5491}, "geometry": {"type": "Point", "coordinates": [-89, 1]}}, {"type": "Feature", "properties": {"name": "p5492", "val": 5492}, "geometry": {"type": "Point", "coordinates": [-88, 2]}}, {"type": "Feature", "properties": {"name": "p5493", "val": 5493}, "geometry": {"type": "Point", "coordinates": [-87, 3]}}, {"type": "Feature", "properties": {"name": "p5494", "val": 5494}, "geometry": {"type": "Point", "coordinates": [-86, 4]}}, {"type": "Feature", "properties": {"name": "p5495", "val": 5495}, "geometry": {"type": "Point", "coordinates": [-85, 5]}}, {"type": "Feature", "properties": {"name": "p5496", "val": 5496}, "geometry": {"type": "Point", "coordinates": [-84, 6]}}, {"type": "Feature", "properties": {"name": "p5497", "val": 5497}, "geometry": {"type": "Point", "coordinates": [-83, 7]}}, {"type": "Feature", "properties": {"name": "p5498", "val": 5498}, "geometry": {"type": "Point", "coordinates": [-82, 8]}}, {"type": "Feature", "properties": {"name": "p5499", "val": 5499}, "geometry": {"type": "Point", "coordinates": [-81, 9]}}, {"type": "Feature", "properties": {"name": "p5500", "val": 5500}, "geometry": {"type": "Point", "coordinates": [-80, 10]}}, {"type": "Feature", "properties": {"name": "p5501", "val": 5501}, "geometry": {"type": "Point", "coordinates": [-79, 11]}}, {"type": "Feature", "properties": {"name": "p5502", "val": 5502}, "geometry": {"type": "Point", "coordinates": [-78, 12]}}, {"type": "Feature", "properties": {"name": "p5503", "val": 5503}, "geometry": {"type": "Point", "coordinates": [-77, 13]}}, {"type": "Feature", "properties": {"name": "p5504", "val": 5504}, "geometry": {"type": "Point", "coordinates": [-76, 14]}}, {"type": "Feature", "properties": {"name": "p5505", "val": 5505}, "geometry": {"type": "Point", "coordinates": [-75, 15]}}, {"type": "Feature", "properties": {"name": "p5506", "val": 5506}, "geometry": {"type": "Point", "coordinates": [-74, 16]}}, {"type": "Feature", "properties": {"name": "p5507", "val": 5507}, "geometry": {"type": "Point", "coordinates": [-73, 17]}}, {"type": "Feature", "properties": {"name": "p5508", "val": 5508}, "geometry": {"type": "Point", "coordinates": [-72, 18]}}, {"type": "Feature", "properties": {"name": "p5509", "val": 5509}, "geometry": {"type": "Point", "coordinates": [-71, 19]}}, {"type": "Feature", "properties": {"name": "p5510", "val": 5510}, "geometry": {"type": "Point", "coordinates": [-70, 20]}}, {"type": "Feature", "properties": {"name": "p5511", "val": 5511}, "geometry": {"type": "Point", "coordinates": [-69, 21]}}, {"type": "Feature", "properties": {"name": "p5512", "val": 5512}, "geometry": {"type": "Point", "coordinates": [-68, 22]}}, {"type": "Feature", "properties": {"name": "p5513", "val": 5513}, "geometry": {"type": "Point", "coordinates": [-67, 23]}}, {"type": "Feature", "properties": {"name": "p5514", "val": 5514}, "geometry": {"type": "Point", "coordinates": [-66, 24]}}, {"type": "Feature", "properties": {"name": "p5515", "val": 5515}, "geometry": {"type": "Point", "coordinates": [-65, 25]}}, {"type": "Feature", "properties": {"name": "p5516", "val": 5516}, "geometry": {"type": "Point", "coordinates": [-64, 26]}}, {"type": "Feature", "properties": {"name": "p5517", "val": 5517}, "geometry": {"type": "Point", "coordinates": [-63, 27]}}, {"type": "Feature", "properties": {"name": "p5518", "val": 5518}, "geometry": {"type": "Point", "coordinates": [-62, 28]}}, {"type": "Feature", "properties": {"name": "p5519", "val": 5519}, "geometry": {"type": "Point", "coordinates": [-61, 29]}}, {"type": "Feature", "properties": {"name": "p5520", "val": 5520}, "geometry": {"type": "Point", "coordinates": [-60, 30]}}, {"type": "Feature", "properties": {"name": "p5521", "val": 5521}, "geometry": {"type": "Point", "coordinates": [-59, 31]}}, {"type": "Feature", "properties": {"name": "p5522", "val": 5522}, "geometry": {"type": "Point", "coordinates": [-58, 32]}}, {"type": "Feature", "properties": {"name": "p5523", "val": 5523}, "geometry": {"type": "Point", "coordinates": [-57, 33]}}, {"type": "Feature", "properties": {"name": "p5524", "val": 5524}, "geometry": {"type": "Point", "coordinates": [-56, 34]}}, {"type": "Feature", "properties": {"name": "p5525", "val": 5525}, "geometry": {"type": "Point", "coordinates": [-55, 35]}}, {"type": "Feature", "properties": {"name": "p5526", "val": 5526}, "geometry": {"type": "Point", "coordinates": [-54, 36]}}, {"type": "Feature", "properties": {"name": "p5527", "val": 5527}, "geometry": {"type": "Point", "coordinates": [-53, 37]}}, {"type": "Feature", "properties": {"name": "p5528", "val": 5528}, "geometry": {"type": "Point", "coordinates": [-52, 38]}}, {"type": "Feature", "properties": {"name": "p5529", "val": 5529}, "geometry": {"type": "Point", "coordinates": [-51, 39]}}, {"type": "Feature", "properties": {"name": "p5530", "val": 5530}, "geometry": {"type": "Point", "coordinates": [-50, 40]}}, {"type": "Feature", "properties": {"name": "p5531", "val": 5531}, "geometry": {"type": "Point", "coordinates": [-49, 41]}}, {"type": "Feature", "properties": {"name": "p5532", "val": 5532}, "geometry": {"type": "Point", "coordinates": [-48, 42]}}, {"type": "Feature", "properties": {"name": "p5533", "val": 5533}, "geometry": {"type": "Point", "coordinates": [-47, 43]}}, {"type": "Feature", "properties": {"name": "p5534", "val": 5534}, "geometry": {"type": "Point", "coordinates": [-46, 44]}}, {"type": "Feature", "properties": {"name": "p5535", "val": 5535}, "geometry": {"type": "Point", "coordinates": [-45, 45]}}, {"type": "Feature", "properties": {"name": "p5536", "val": 5536}, "geometry": {"type": "Point", "coordinates": [-44, 46]}}, {"type": "Feature", "properties": {"name": "p5537", "val": 5537}, "geometry": {"type": "Point", "coordinates": [-43, 47]}}, {"type": "Feature", "properties": {"name": "p5538", "val": 5538}, "geometry": {"type": "Point", "coordinates": [-42, 48]}}, {"type": "Feature", "properties": {"name": "p5539", "val": 5539}, "geometry": {"type": "Point", "coordinates": [-41, 49]}}, {"type": "Feature", "properties": {"name": "p5540", "val": 5540}, "geometry": {"type": "Point", "coordinates": [-40, 50]}}, {"type": "Feature", "properties": {"name": "p5541", "val": 5541}, "geometry": {"type": "Point", "coordinates": [-39, 51]}}, {"type": "Feature", "properties": {"name": "p5542", "val": 5542}, "geometry": {"type": "Point", "coordinates": [-38, 52]}}, {"type": "Feature", "properties": {"name": "p5543", "val": 5543}, "geometry": {"type": "Point", "coordinates": [-37, 53]}}, {"type": "Feature", "properties": {"name": "p5544", "val": 5544}, "geometry": {"type": "Point", "coordinates": [-36, 54]}}, {"type": "Feature", "properties": {"name": "p5545", "val": 5545}, "geometry": {"type": "Point", "coordinates": [-35, 55]}}, {"type": "Feature", "properties": {"name": "p5546", "val": 5546}, "geometry": {"type": "Point", "coordinates": [-34, 56]}}, {"type": "Feature", "properties": {"name": "p5547", "val": 5547}, "geometry": {"type": "Point", "coordinates": [-33, 57]}}, {"type": "Feature", "properties": {"name": "p5548", "val": 5548}, "geometry": {"type": "Point", "coordinates": [-32, 58]}}, {"type": "Feature", "properties": {"name": "p5549", "val": 5549}, "geometry": {"type": "Point", "coordinates": [-31, 59]}}, {"type": "Feature", "properties": {"name": "p5550", "val": 5550}, "geometry": {"type": "Point", "coordinates": [-30, 60]}}, {"type": "Feature", "properties": {"name": "p5551", "val": 5551}, "geometry": {"type": "Point", "coordinates": [-29, 61]}}, {"type": "Feature", "properties": {"name": "p5552", "val": 5552}, "geometry": {"type": "Point", "coordinates": [-28, 62]}}, {"type": "Feature", "properties": {"name": "p5553", "val": 5553}, "geometry": {"type": "Point", "coordinates": [-27, 63]}}, {"type": "Feature", "properties": {"name": "p5554", "val": 5554}, "geometry": {"type": "Point", "coordinates": [-26, 64]}}, {"type": "Feature", "properties": {"name": "p5555", "val": 5555}, "geometry": {"type": "Point", "coordinates": [-25, 65]}}, {"type": "Feature", "properties": {"name": "p5556", "val": 5556}, "geometry": {"type": "Point", "coordinates": [-24, 66]}}, {"type": "Feature", "properties": {"name": "p5557", "val": 5557}, "geometry": {"type": "Point", "coordinates": [-23, 67]}}, {"type": "Feature", "properties": {"name": "p5558", "val": 5558}, "geometry": {"type": "Point", "coordinates": [-22, 68]}}, {"type": "Feature", "properties": {"name": "p5559", "val": 5559}, "geometry": {"type": "Point", "coordinates": [-21, 69]}}, {"type": "Feature", "properties": {"name": "p5560", "val": 5560}, "geometry": {"type": "Point", "coordinates": [-20, 70]}}, {"type": "Feature", "properties": {"name": "p5561", "val": 5561}, "geometry": {"type": "Point", "coordinates": [-19, 71]}}, {"type": "Feature", "properties": {"name": "p5562", "val": 5562}, "geometry": {"type": "Point", "coordinates": [-18, 72]}}, {"type": "Feature", "properties": {"name": "p5563", "val": 5563}, "geometry": {"type": "Point", "coordinates": [-17, 73]}}, {"type": "Feature", "properties": {"name": "p5564", "val": 5564}, "geometry": {"type": "Point", "coordinates": [-16, 74]}}, {"type": "Feature", "properties": {"name": "p5565", "val": 5565}, "geometry": {"type": "Point", "coordinates": [-15, 75]}}, {"type": "Feature", "properties": {"name": "p5566", "val": 5566}, "geometry": {"type": "Point", "coordinates": [-14, 76]}}, {"type": "Feature", "properties": {"name": "p5567", "val": 5567}, "geometry": {"type": "Point", "coordinates": [-13, 77]}}, {"type": "Feature", "properties": {"name": "p5568", "val": 5568}, "geometry": {"type": "Point", "coordinates": [-12, 78]}}, {"type": "Feature", "properties": {"name": "p5569", "val": 5569}, "geometry": {"type": "Point", "coordinates": [-11, 79]}}, {"type": "Feature", "properties": {"name": "p5570", "val": 5570}, "geometry": {"type": "Point", "coordinates": [-10, 80]}}, {"type": "Feature", "properties": {"name": "p5571", "val": 5571}, "geometry": {"type": "Point", "coordinates": [-9, 81]}}, {"type": "Feature", "properties": {"name": "p5572", "val": 5572}, "geometry": {"type": "Point", "coordinates": [-8, 82]}}, {"type": "Feature", "properties": {"name": "p5573", "val": 5573}, "geometry": {"type": "Point", "coordinates": [-7, 83]}}, {"type": "Feature", "properties": {"name": "p5574", "val": 5574}, "geometry": {"type": "Point", "coordinates": [-6, 84]}}, {"type": "Feature", "properties": {"name": "p5575", "val": 5575}, "geometry": {"type": "Point", "coordinates": [-5, 85]}}, {"type": "Feature", "properties": {"name": "p5576", "val": 5576}, "geometry": {"type": "Point", "coordinates": [-4, 86]}}, {"type": "Feature", "properties": {"name": "p5577", "val": 5577}, "geometry": {"type": "Point", "coordinates": [-3, 87]}}, {"type": "Feature", "properties": {"name": "p5578", "val": 5578}, "geometry": {"type": "Point", "coordinates": [-2, 88]}}, {"type": "Feature", "properties": {"name": "p5579", "val": 5579}, "geometry": {"type": "Point", "coordinates": [-1, 89]}}, {"type": "Feature", "properties": {"name": "p5580", "val": 5580}, "geometry": {"type": "Point", "coordinates": [0, -90]}}, {"type": "Feature", "properties": {"name": "p5581", "val": 5581}, "geometry": {"type": "Point", "coordinates": [1, -89]}}, {"type": "Feature", "properties": {"name": "p5582", "val": 5582}, "geometry": {"type": "Point", "coordinates": [2, -88]}}, {"type": "Feature", "properties": {"name": "p5583", "val": 5583}, "geometry": {"type": "Point", "coordinates": [3, -87]}}, {"type": "Feature", "properties": {"name": "p5584", "val": 5584}, "geometry": {"type": "Point", "coordinates": [4, -86]}}, {"type": "Feature", "properties": {"name": "p5585", "val": 5585}, "geometry": {"type": "Point", "coordinates": [5, -85]}}, {"type": "Feature", "properties": {"name": "p5586", "val": 5586}, "geometry": {"type": "Point", "coordinates": [6, -84]}}, {"type": "Feature", "properties": {"name": "p5587", "val": 5587}, "geometry": {"type": "Point", "coordinates": [7, -83]}}, {"type": "Feature", "properties": {"name": "p5588", "val": 5588}, "geometry": {"type": "Point", "coordinates": [8, -82]}}, {"type": "Feature", "properties": {"name": "p5589", "val": 5589}, "geometry": {"type": "Point", "coordinates": [9, -81]}}, {"type": "Feature", "properties": {"name": "p5590", "val": 5590}, "geometry": {"type": "Point", "coordinates": [10, -80]}}, {"type": "Feature", "properties": {"name": "p5591", "val": 5591}, "geometry": {"type": "Point", "coordinates": [11, -79]}}, {"type": "Feature", "properties": {"name": "p5592", "val": 5592}, "geometry": {"type": "Point", "coordinates": [12, -78]}}, {"type": "Feature", "properties": {"name": "p5593", "val": 5593}, "geometry": {"type": "Point", "coordinates": [13, -77]}}, {"type": "Feature", "properties": {"name": "p5594", "val": 5594}, "geometry": {"type": "Point", "coordinates": [14, -76]}}, {"type": "Feature", "properties": {"name": "p5595", "val": 5595}, "geometry": {"type": "Point", "coordinates": [15, -75]}}, {"type": "Feature", "properties": {"name": "p5596", "val": 5596}, "geometry": {"type": "Point", "coordinates": [16, -74]}}, {"type": "Feature", "properties": {"name": "p5597", "val": 5597}, "geometry": {"type": "Point", "coordinates": [17, -73]}}, {"type": "Feature", "properties": {"name": "p5598", "val": 5598}, "geometry": {"type": "Point", "coordinates": [18, -72]}}, {"type": "Feature", "properties": {"name": "p5599", "val": 5599}, "geometry": {"type": "Point", "coordinates": [19, -71]}}, {"type": "Feature", "properties": {"name": "p5600", "val": 5600}, "geometry": {"type": "Point", "coordinates": [20, -70]}}, {"type": "Feature", "properties": {"name": "p5601", "val": 5601}, "geometry": {"type": "Point", "coordinates": [21, -69]}}, {"type": "Feature", "properties": {"name": "p5602", "val": 5602}, "geometry": {"type": "Point", "coordinates": [22, -68]}}, {"type": "Feature", "properties": {"name": "p5603", "val": 5603}, "geometry": {"type": "Point", "coordinates": [23, -67]}}, {"type": "Feature", "properties": {"name": "p5604", "val": 5604}, "geometry": {"type": "Point", "coordinates": [24, -66]}}, {"type": "Feature", "properties": {"name": "p5605", "val": 5605}, "geometry": {"type": "Point", "coordinates": [25, -65]}}, {"type": "Feature", "properties": {"name": "p5606", "val": 5606}, "geometry": {"type": "Point", "coordinates": [26, -64]}}, {"type": "Feature", "properties": {"name": "p5607", "val": 5607}, "geometry": {"type": "Point", "coordinates": [27, -63]}}, {"type": "Feature", "properties": {"name": "p5608", "val": 5608}, "geometry": {"type": "Point", "coordinates": [28, -62]}}, {"type": "Feature", "properties": {"name": "p5609", "val": 5609}, "geometry": {"type": "Point", "coordinates": [29, -61]}}, {"type": "Feature", "properties": {"name": "p5610", "val": 5610}, "geometry": {"type": "Point", "coordinates": [30, -60]}}, {"type": "Feature", "properties": {"name": "p5611", "val": 5611}, "geometry": {"type": "Point", "coordinates": [31, -59]}}, {"type": "Feature", "properties": {"name": "p5612", "val": 5612}, "geometry": {"type": "Point", "coordinates": [32, -58]}}, {"type": "Feature", "properties": {"name": "p5613", "val": 5613}, "geometry": {"type": "Point", "coordinates": [33, -57]}}, {"type": "Feature", "properties": {"name": "p5614", "val": 5614}, "geometry": {"type": "Point", "coordinates": [34, -56]}}, {"type": "Feature", "properties": {"name": "p5615", "val": 5615}, "geometry": {"type": "Point", "coordinates": [35, -55]}}, {"type": "Feature", "properties": {"name": "p5616", "val": 5616}, "geometry": {"type": "Point", "coordinates": [36, -54]}}, {"type": "Feature", "properties": {"name": "p5617", "val": 5617}, "geometry": {"type": "Point", "coordinates": [37, -53]}}, {"type": "Feature", "properties": {"name": "p5618", "val": 5618}, "geometry": {"type": "Point", "coordinates": [38, -52]}}, {"type": "Feature", "properties": {"name": "p5619", "val": 5619}, "geometry": {"type": "Point", "coordinates": [39, -51]}}, {"type": "Feature", "properties": {"name": "p5620", "val": 5620}, "geometry": {"type": "Point", "coordinates": [40, -50]}}, {"type": "Feature", "properties": {"name": "p5621", "val": 5621}, "geometry": {"type": "Point", "coordinates": [41, -49]}}, {"type": "Feature", "properties": {"name": "p5622", "val": 5622}, "geometry": {"type": "Point", "coordinates": [42, -48]}}, {"type": "Feature", "properties": {"name": "p5623", "val": 5623}, "geometry": {"type": "Point", "coordinates": [43, -47]}}, {"type": "Feature", "properties": {"name": "p5624", "val": 5624}, "geometry": {"type": "Point", "coordinates": [44, -46]}}, {"type": "Feature", "properties": {"name": "p5625", "val": 5625}, "geometry": {"type": "Point", "coordinates": [45, -45]}}, {"type": "Feature", "properties": {"name": "p5626", "val": 5626}, "geometry": {"type": "Point", "coordinates": [46, -44]}}, {"type": "Feature", "properties": {"name": "p5627", "val": 5627}, "geometry": {"type": "Point", "coordinates": [47, -43]}}, {"type": "Feature", "properties": {"name": "p5628", "val": 5628}, "geometry": {"type": "Point", "coordinates": [48, -42]}}, {"type": "Feature", "properties": {"name": "p5629", "val": 5629}, "geometry": {"type": "Point", "coordinates": [49, -41]}}, {"type": "Feature", "properties": {"name": "p5630", "val": 5630}, "geometry": {"type": "Point", "coordinates": [50, -40]}}, {"type": "Feature", "properties": {"name": "p5631", "val": 5631}, "geometry": {"type": "Point", "coordinates": [51, -39]}}, {"type": "Feature", "properties": {"name": "p5632", "val": 5632}, "geometry": {"type": "Point", "coordinates": [52, -38]}}, {"type": "Feature", "properties": {"name": "p5633", "val": 5633}, "geometry": {"type": "Point", "coordinates": [53, -37]}}, {"type": "Feature", "properties": {"name": "p5634", "val": 5634}, "geometry": {"type": "Point", "coordinates": [54, -36]}}, {"type": "Feature", "properties": {"name": "p5635", "val": 5635}, "geometry": {"type": "Point", "coordinates": [55, -35]}}, {"type": "Feature", "properties": {"name": "p5636", "val": 5636}, "geometry": {"type": "Point", "coordinates": [56, -34]}}, {"type": "Feature", "properties": {"name": "p5637", "val": 5637}, "geometry": {"type": "Point", "coordinates": [57, -33]}}, {"type": "Feature", "properties": {"name": "p5638", "val": 5638}, "geometry": {"type": "Point", "coordinates": [58, -32]}}, {"type": "Feature", "properties": {"name": "p5639", "val": 5639}, "geometry": {"type": "Point", "coordinates": [59, -31]}}, {"type": "Feature", "properties": {"name": "p5640", "val": 5640}, "geometry": {"type": "Point", "coordinates": [60, -30]}}, {"type": "Feature", "properties": {"name": "p5641", "val": 5641}, "geometry": {"type": "Point", "coordinates": [61, -29]}}, {"type": "Feature", "properties": {"name": "p5642", "val": 5642}, "geometry": {"type": "Point", "coordinates": [62, -28]}}, {"type": "Feature", "properties": {"name": "p5643", "val": 5643}, "geometry": {"type": "Point", "coordinates": [63, -27]}}, {"type": "Feature", "properties": {"name": "p5644", "val": 5644}, "geometry": {"type": "Point", "coordinates": [64, -26]}}, {"type": "Feature", "properties": {"name": "p5645", "val": 5645}, "geometry": {"type": "Point", "coordinates": [65, -25]}}, {"type": "Feature", "properties": {"name": "p5646", "val": 5646}, "geometry": {"type": "Point", "coordinates": [66, -24]}}, {"type": "Feature", "properties": {"name": "p5647", "val": 5647}, "geometry": {"type": "Point", "coordinates": [67, -23]}}, {"type": "Feature", "properties": {"name": "p5648", "val": 5648}, "geometry": {"type": "Point", "coordinates": [68, -22]}}, {"type": "Feature", "properties": {"name": "p5649", "val": 5649}, "geometry": {"type": "Point", "coordinates": [69, -21]}}, {"type": "Feature", "properties": {"name": "p5650", "val": 5650}, "geometry": {"type": "Point", "coordinates": [70, -20]}}, {"type": "Feature", "properties": {"name": "p5651", "val": 5651}, "geometry": {"type": "Point", "coordinates": [71, -19]}}, {"type": "Feature", "properties": {"name": "p5652", "val": 5652}, "geometry": {"type": "Point", "coordinates": [72, -18]}}, {"type": "Feature", "properties": {"name": "p5653", "val": 5653}, "geometry": {"type": "Point", "coordinates": [73, -17]}}, {"type": "Feature", "properties": {"name": "p5654", "val": 5654}, "geometry": {"type": "Point", "coordinates": [74, -16]}}, {"type": "Feature", "properties": {"name": "p5655", "val": 5655}, "geometry": {"type": "Point", "coordinates": [75, -15]}}, {"type": "Feature", "properties": {"name": "p5656", "val": 5656}, "geometry": {"type": "Point", "coordinates": [76, -14]}}, {"type": "Feature", "properties": {"name": "p5657", "val": 5657}, "geometry": {"type": "Point", "coordinates": [77, -13]}}, {"type": "Feature", "properties": {"name": "p5658", "val": 5658}, "geometry": {"type": "Point", "coordinates": [78, -12]}}, {"type": "Feature", "properties": {"name": "p5659", "val": 5659}, "geometry": {"type": "Point", "coordinates": [79, -11]}}, {"type": "Feature", "properties": {"name": "p5660", "val": 5660}, "geometry": {"type": "Point", "coordinates": [80, -10]}}, {"type": "Feature", "properties": {"name": "p5661", "val": 5661}, "geometry": {"type": "Point", "coordinates": [81, -9]}}, {"type": "Feature", "properties": {"name": "p5662", "val": 5662}, "geometry": {"type": "Point", "coordinates": [82, -8]}}, {"type": "Feature", "properties": {"name": "p5663", "val": 5663}, "geometry": {"type": "Point", "coordinates": [83, -7]}}, {"type": "Feature", "properties": {"name": "p5664", "val": 5664}, "geometry": {"type": "Point", "coordinates": [84, -6]}}, {"type": "Feature", "properties": {"name": "p5665", "val": 5665}, "geometry": {"type": "Point", "coordinates": [85, -5]}}, {"type": "Feature", "properties": {"name": "p5666", "val": 5666}, "geometry": {"type": "Point", "coordinates": [86, -4]}}, {"type": "Feature", "properties": {"name": "p5667", "val": 5667}, "geometry": {"type": "Point", "coordinates": [87, -3]}}, {"type": "Feature", "properties": {"name": "p5668", "val": 5668}, "geometry": {"type": "Point", "coordinates": [88, -2]}}, {"type": "Feature", "properties": {"name": "p5669", "val": 5669}, "geometry": {"type": "Point", "coordinates": [89, -1]}}, {"type": "Feature", "properties": {"name": "p5670", "val": 5670}, "geometry": {"type": "Point", "coordinates": [90, 0]}}, {"type": "Feature", "properties": {"name": "p5671", "val": 5671}, "geometry": {"type": "Point", "coordinates": [91, 1]}}, {"type": "Feature", "properties": {"name": "p5672", "val": 5672}, "geometry": {"type": "Point", "coordinates": [92, 2]}}, {"type": "Feature", "properties": {"name": "p5673", "val": 5673}, "geometry": {"type": "Point", "coordinates": [93, 3]}}, {"type": "Feature", "properties": {"name": "p5674", "val": 5674}, "geometry": {"type": "Point", "coordinates": [94, 4]}}, {"type": "Feature", "properties": {"name": "p5675", "val": 5675}, "geometry": {"type": "Point", "coordinates": [95, 5]}}, {"type": "Feature", "properties": {"name": "p5676", "val": 5676}, "geometry": {"type": "Point", "coordinates": [96, 6]}}, {"type": "Feature", "properties": {"name": "p5677", "val": 5677}, "geometry": {"type": "Point", "coordinates": [97, 7]}}, {"type": "Feature", "properties": {"name": "p5678", "val": 5678}, "geometry": {"type": "Point", "coordinates": [98, 8]}}, {"type": "Feature", "properties": {"name": "p5679", "val": 5679}, "geometry": {"type": "Point", "coordinates": [99, 9]}}, {"type": "Feature", "properties": {"name": "p5680", "val": 5680}, "geometry": {"type": "Point", "coordinates": [100, 10]}}, {"type": "Feature", "properties": {"name": "p5681", "val": 5681}, "geometry": {"type": "Point", "coordinates": [101, 11]}}, {"type": "Feature", "properties": {"name": "p5682", "val": 5682}, "geometry": {"type": "Point", "coordinates": [102, 12]}}, {"type": "Feature", "properties": {"name": "p5683", "val": 5683}, "geometry": {"type": "Point", "coordinates": [103, 13]}}, {"type": "Feature", "properties": {"name": "p5684", "val": 5684}, "geometry": {"type": "Point", "coordinates": [104, 14]}}, {"type": "Feature", "properties": {"name": "p5685", "val": 5685}, "geometry": {"type": "Point", "coordinates": [105, 15]}}, {"type": "Feature", "properties": {"name": "p5686", "val": 5686}, "geometry": {"type": "Point", "coordinates": [106, 16]}}, {"type": "Feature", "properties": {"name": "p5687", "val": 5687}, "geometry": {"type": "Point", "coordinates": [107, 17]}}, {"type": "Feature", "properties": {"name": "p5688", "val": 5688}, "geometry": {"type": "Point", "coordinates": [108, 18]}}, {"type": "Feature", "properties": {"name": "p5689", "val": 5689}, "geometry": {"type": "Point", "coordinates": [109, 19]}}, {"type": "Feature", "properties": {"name": "p5690", "val": 5690}, "geometry": {"type": "Point", "coordinates": [110, 20]}}, {"type": "Feature", "properties": {"name": "p5691", "val": 5691}, "geometry": {"type": "Point", "coordinates": [111, 21]}}, {"type": "Feature", "properties": {"name": "p5692", "val": 5692}, "geometry": {"type": "Point", "coordinates": [112, 22]}}, {"type": "Feature", "properties": {"name": "p5693", "val": 5693}, "geometry": {"type": "Point", "coordinates": [113, 23]}}, {"type": "Feature", "properties": {"name": "p5694", "val": 5694}, "geometry": {"type": "Point", "coordinates": [114, 24]}}, {"type": "Feature", "properties": {"name": "p5695", "val": 5695}, "geometry": {"type": "Point", "coordinates": [115, 25]}}, {"type": "Feature", "properties": {"name": "p5696", "val": 5696}, "geometry": {"type": "Point", "coordinates": [116, 26]}}, {"type": "Feature", "properties": {"name": "p5697", "val": 5697}, "geometry": {"type": "Point", "coordinates": [117, 27]}}, {"type": "Feature", "properties": {"name": "p5698", "val": 5698}, "geometry": {"type": "Point", "coordinates": [118, 28]}}, {"type": "Feature", "properties": {"name": "p5699", "val": 5699}, "geometry": {"type": "Point", "coordinates": [119, 29]}}, {"type": "Feature", "properties": {"name": "p5700", "val": 5700}, "geometry": {"type": "Point", "coordinates": [120, 30]}}, {"type": "Feature", "properties": {"name": "p5701", "val": 5701}, "geometry": {"type": "Point", "coordinates": [121, 31]}}, {"type": "Feature", "properties": {"name": "p5702", "val": 5702}, "geometry": {"type": "Point", "coordinates": [122, 32]}}, {"type": "Feature", "properties": {"name": "p5703", "val": 5703}, "geometry": {"type": "Point", "coordinates": [123, 33]}}, {"type": "Feature", "properties": {"name": "p5704", "val": 5704}, "geometry": {"type": "Point", "coordinates": [124, 34]}}, {"type": "Feature", "properties": {"name": "p5705", "val": 5705}, "geometry": {"type": "Point", "coordinates": [125, 35]}}, {"type": "Feature", "properties": {"name": "p5706", "val": 5706}, "geometry": {"type": "Point", "coordinates": [126, 36]}}, {"type": "Feature", "properties": {"name": "p5707", "val": 5707}, "geometry": {"type": "Point", "coordinates": [127, 37]}}, {"type": "Feature", "properties": {"name": "p5708", "val": 5708}, "geometry": {"type": "Point", "coordinates": [128, 38]}}, {"type": "Feature", "properties": {"name": "p5709", "val": 5709}, "geometry": {"type": "Point", "coordinates": [129, 39]}}, {"type": "Feature", "properties": {"name": "p5710", "val": 5710}, "geometry": {"type": "Point", "coordinates": [130, 40]}}, {"type": "Feature", "properties": {"name": "p5711", "val": 5711}, "geometry": {"type": "Point", "coordinates": [131, 41]}}, {"type": "Feature", "properties": {"name": "p5712", "val": 5712}, "geometry": {"type": "Point", "coordinates": [132, 42]}}, {"type": "Feature", "properties": {"name": "p5713", "val": 5713}, "geometry": {"type": "Point", "coordinates": [133, 43]}}, {"type": "Feature", "properties": {"name": "p5714", "val": 5714}, "geometry": {"type": "Point", "coordinates": [134, 44]}}, {"type": "Feature", "properties": {"name": "p5715", "val": 5715}, "geometry": {"type": "Point", "coordinates": [135, 45]}}, {"type": "Feature", "properties": {"name": "p5716", "val": 5716}, "geometry": {"type": "Point", "coordinates": [136, 46]}}, {"type": "Feature", "properties": {"name": "p5717", "val": 5717}, "geometry": {"type": "Point", "coordinates": [137, 47]}}, {"type": "Feature", "properties": {"name": "p5718", "val": 5718}, "geometry": {"type": "Point", "coordinates": [138, 48]}}, {"type": "Feature", "properties": {"name": "p5719", "val": 5719}, "geometry": {"type": "Point", "coordinates": [139, 49]}}, {"type": "Feature", "properties": {"name": "p5720", "val": 5720}, "geometry": {"type": "Point", "coordinates": [140, 50]}}, {"type": "Feature", "properties": {"name": "p5721", "val": 5721}, "geometry": {"type": "Point", "coordinates": [141, 51]}}, {"type": "Feature", "properties": {"name": "p5722", "val": 5722}, "geometry": {"type": "Point", "coordinates": [142, 52]}}, {"type": "Feature", "properties": {"name": "p5723", "val": 5723}, "geometry": {"type": "Point", "coordinates": [143, 53]}}, {"type": "Feature", "properties": {"name": "p5724", "val": 5724}, "geometry": {"type": "Point", "coordinates": [144, 54]}}, {"type": "Feature", "properties": {"name": "p5725", "val": 5725}, "geometry": {"type": "Point", "coordinates": [145, 55]}}, {"type": "Feature", "properties": {"name": "p5726", "val": 5726}, "geometry": {"type": "Point", "coordinates": [146, 56]}}, {"type": "Feature", "properties": {"name": "p5727", "val": 5727}, "geometry": {"type": "Point", "coordinates": [147, 57]}}, {"type": "Feature", "properties": {"name": "p5728", "val": 5728}, "geometry": {"type": "Point", "coordinates": [148, 58]}}, {"type": "Feature", "properties": {"name": "p5729", "val": 5729}, "geometry": {"type": "Point", "coordinates": [149, 59]}}, {"type": "Feature", "properties": {"name": "p5730", "val": 5730}, "geometry": {"type": "Point", "coordinates": [150, 60]}}, {"type": "Feature", "properties": {"name": "p5731", "val": 5731}, "geometry": {"type": "Point", "coordinates": [151, 61]}}, {"type": "Feature", "properties": {"name": "p5732", "val": 5732}, "geometry": {"type": "Point", "coordinates": [152, 62]}}, {"type": "Feature", "properties": {"name": "p5733", "val": 5733}, "geometry": {"type": "Point", "coordinates": [153, 63]}}, {"type": "Feature", "properties": {"name": "p5734", "val": 5734}, "geometry": {"type": "Point", "coordinates": [154, 64]}}, {"type": "Feature", "properties": {"name": "p5735", "val": 5735}, "geometry": {"type": "Point", "coordinates": [155, 65]}}, {"type": "Feature", "properties": {"name": "p5736", "val": 5736}, "geometry": {"type": "Point", "coordinates": [156, 66]}}, {"type": "Feature", "properties": {"name": "p5737", "val": 5737}, "geometry": {"type": "Point", "coordinates": [157, 67]}}, {"type": "Feature", "properties": {"name": "p5738", "val": 5738}, "geometry": {"type": "Point", "coordinates": [158, 68]}}, {"type": "Feature", "properties": {"name": "p5739", "val": 5739}, "geometry": {"type": "Point", "coordinates": [159, 69]}}, {"type": "Feature", "properties": {"name": "p5740", "val": 5740}, "geometry": {"type": "Point", "coordinates": [160, 70]}}, {"type": "Feature", "properties": {"name": "p5741", "val": 5741}, "geometry": {"type": "Point", "coordinates": [161, 71]}}, {"type": "Feature", "properties": {"name": "p5742", "val": 5742}, "geometry": {"type": "Point", "coordinates": [162, 72]}}, {"type": "Feature", "properties": {"name": "p5743", "val": 5743}, "geometry": {"type": "Point", "coordinates": [163, 73]}}, {"type": "Feature", "properties": {"name": "p5744", "val": 5744}, "geometry": {"type": "Point", "coordinates": [164, 74]}}, {"type": "Feature", "properties": {"name": "p5745", "val": 5745}, "geometry": {"type": "Point", "coordinates": [165, 75]}}, {"type": "Feature", "properties": {"name": "p5746", "val": 5746}, "geometry": {"type": "Point", "coordinates": [166, 76]}}, {"type": "Feature", "properties": {"name": "p5747", "val": 5747}, "geometry": {"type": "Point", "coordinates": [167, 77]}}, {"type": "Feature", "properties": {"name": "p5748", "val": 5748}, "geometry": {"type": "Point", "coordinates": [168, 78]}}, {"type": "Feature", "properties": {"name": "p5749", "val": 5749}, "geometry": {"type": "Point", "coordinates": [169, 79]}}, {"type": "Feature", "properties": {"name": "p5750", "val": 5750}, "geometry": {"type": "Point", "coordinates": [170, 80]}}, {"type": "Feature", "properties": {"name": "p5751", "val": 5751}, "geometry": {"type": "Point", "coordinates": [171, 81]}}, {"type": "Feature", "properties": {"name": "p5752", "val": 5752}, "geometry": {"type": "Point", "coordinates": [172, 82]}}, {"type": "Feature", "properties": {"name": "p5753", "val": 5753}, "geometry": {"type": "Point", "coordinates": [173, 83]}}, {"type": "Feature", "properties": {"name": "p5754", "val": 5754}, "geometry": {"type": "Point", "coordinates": [174, 84]}}, {"type": "Feature", "properties": {"name": "p5755", "val": 5755}, "geometry": {"type": "Point", "coordinates": [175, 85]}}, {"type": "Feature", "properties": {"name": "p5756", "val": 5756}, "geometry": {"type": "Point", "coordinates": [176, 86]}}, {"type": "Feature", "properties": {"name": "p5757", "val": 5757}, "geometry": {"type": "Point", "coordinates": [177, 87]}}, {"type": "Feature", "properties": {"name": "p5758", "val": 5758}, "geometry": {"type": "Point", "coordinates": [178, 88]}}, {"type": "Feature", "properties": {"name": "p5759", "val": 5759}, "geometry": {"type": "Point", "coordinates": [179, 89]}}, {"type": "Feature", "properties": {"name": "p5760", "val": 5760}, "geometry": {"type": "Point", "coordinates": [-180, -90]}}, {"type": "Feature", "properties": {"name": "p5761", "val": 5761}, "geometry": {"type": "Point", "coordinates": [-179, -89]}}, {"type": "Feature", "properties": {"name": "p5762", "val": 5762}, "geometry": {"type": "Point", "coordinates": [-178, -88]}}, {"type": "Feature", "properties": {"name": "p5763", "val": 5763}, "geometry": {"type": "Point", "coordinates": [-177, -87]}}, {"type": "Feature", "properties": {"name": "p5764", "val": 5764}, "geometry": {"type": "Point", "coordinates": [-176, -86]}}, {"type": "Feature", "properties": {"name": "p5765", "val": 5765}, "geometry": {"type": "Point", "coordinates": [-175, -85]}}, {"type": "Feature", "properties": {"name": "p5766", "val": 5766}, "geometry": {"type": "Point", "coordinates": [-174, -84]}}, {"type": "Feature", "properties": {"name": "p5767", "val": 5767}, "geometry": {"type": "Point", "coordinates": [-173, -83]}}, {"type": "Feature", "properties": {"name": "p5768", "val": 5768}, "geometry": {"type": "Point", "coordinates": [-172, -82]}}, {"type": "Feature", "properties": {"name": "p5769", "val": 5769}, "geometry": {"type": "Point", "coordinates": [-171, -81]}}, {"type": "Feature", "properties": {"name": "p5770", "val": 5770}, "geometry": {"type": "Point", "coordinates": [-170, -80]}}, {"type": "Feature", "properties": {"name": "p5771", "val": 5771}, "geometry": {"type": "Point", "coordinates": [-169, -79]}}, {"type": "Feature", "properties": {"name": "p5772", "val": 5772}, "geometry": {"type": "Point", "coordinates": [-168, -78]}}, {"type": "Feature", "properties": {"name": "p5773", "val": 5773}, "geometry": {"type": "Point", "coordinates": [-167, -77]}}, {"type": "Feature", "properties": {"name": "p5774", "val": 5774}, "geometry": {"type": "Point", "coordinates": [-166, -76]}}, {"type": "Feature", "properties": {"name": "p5775", "val": 5775}, "geometry": {"type": "Point", "coordinates": [-165, -75]}}, {"type": "Feature", "properties": {"name": "p5776", "val": 5776}, "geometry": {"type": "Point", "coordinates": [-164, -74]}}, {"type": "Feature", "properties": {"name": "p5777", "val": 5777}, "geometry": {"type": "Point", "coordinates": [-163, -73]}}, {"type": "Feature", "properties": {"name": "p5778", "val": 5778}, "geometry": {"type": "Point", "coordinates": [-162, -72]}}, {"type": "Feature", "properties": {"name": "p5779", "val": 5779}, "geometry": {"type": "Point", "coordinates": [-161, -71]}}, {"type": "Feature", "properties": {"name": "p5780", "val": 5780}, "geometry": {"type": "Point", "coordinates": [-160, -70]}}, {"type": "Feature", "properties": {"name": "p5781", "val": 5781}, "geometry": {"type": "Point", "coordinates": [-159, -69]}}, {"type": "Feature", "properties": {"name": "p5782", "val": 5782}, "geometry": {"type": "Point", "coordinates": [-158, -68]}}, {"type": "Feature", "properties": {"name": "p5783", "val": 5783}, "geometry": {"type": "Point", "coordinates": [-157, -67]}}, {"type": "Feature", "properties": {"name": "p5784", "val": 5784}, "geometry": {"type": "Point", "coordinates": [-156, -66]}}, {"type": "Feature", "properties": {"name": "p5785", "val": 5785}, "geometry": {"type": "Point", "coordinates": [-155, -65]}}, {"type": "Feature", "properties": {"name": "p5786", "val": 5786}, "geometry": {"type": "Point", "coordinates": [-154, -64]}}, {"type": "Feature", "properties": {"name": "p5787", "val": 5787}, "geometry": {"type": "Point", "coordinates": [-153, -63]}}, {"type": "Feature", "properties": {"name": "p5788", "val": 5788}, "geometry": {"type": "Point", "coordinates": [-152, -62]}}, {"type": "Feature", "properties": {"name": "p5789", "val": 5789}, "geometry": {"type": "Point", "coordinates": [-151, -61]}}, {"type": "Feature", "properties": {"name": "p5790", "val": 5790}, "geometry": {"type": "Point", "coordinates": [-150, -60]}}, {"type": "Feature", "properties": {"name": "p5791", "val": 5791}, "geometry": {"type": "Point", "coordinates": [-149, -59]}}, {"type": "Feature", "properties": {"name": "p5792", "val": 5792}, "geometry": {"type": "Point", "coordinates": [-148, -58]}}, {"type": "Feature", "properties": {"name": "p5793", "val": 5793}, "geometry": {"type": "Point", "coordinates": [-147, -57]}}, {"type": "Feature", "properties": {"name": "p5794", "val": 5794}, "geometry": {"type": "Point", "coordinates": [-146, -56]}}, {"type": "Feature", "properties": {"name": "p5795", "val": 5795}, "geometry": {"type": "Point", "coordinates": [-145, -55]}}, {"type": "Feature", "properties": {"name": "p5796", "val": 5796}, "geometry": {"type": "Point", "coordinates": [-144, -54]}}, {"type": "Feature", "properties": {"name": "p5797", "val": 5797}, "geometry": {"type": "Point", "coordinates": [-143, -53]}}, {"type": "Feature", "properties": {"name": "p5798", "val": 5798}, "geometry": {"type": "Point", "coordinates": [-142, -52]}}, {"type": "Feature", "properties": {"name": "p5799", "val": 5799}, "geometry": {"type": "Point", "coordinates": [-141, -51]}}, {"type": "Feature", "properties": {"name": "p5800", "val": 5800}, "geometry": {"type": "Point", "coordinates": [-140, -50]}}, {"type": "Feature", "properties": {"name": "p5801", "val": 5801}, "geometry": {"type": "Point", "coordinates": [-139, -49]}}, {"type": "Feature", "properties": {"name": "p5802", "val": 5802}, "geometry": {"type": "Point", "coordinates": [-138, -48]}}, {"type": "Feature", "properties": {"name": "p5803", "val": 5803}, "geometry": {"type": "Point", "coordinates": [-137, -47]}}, {"type": "Feature", "properties": {"name": "p5804", "val": 5804}, "geometry": {"type": "Point", "coordinates": [-136, -46]}}, {"type": "Feature", "properties": {"name": "p5805", "val": 5805}, "geometry": {"type": "Point", "coordinates": [-135, -45]}}, {"type": "Feature", "properties": {"name": "p5806", "val": 5806}, "geometry": {"type": "Point", "coordinates": [-134, -44]}}, {"type": "Feature", "properties": {"name": "p5807", "val": 5807}, "geometry": {"type": "Point", "coordinates": [-133, -43]}}, {"type": "Feature", "properties": {"name": "p5808", "val": 5808}, "geometry": {"type": "Point", "coordinates": [-132, -42]}}, {"type": "Feature", "properties": {"name": "p5809", "val": 5809}, "geometry": {"type": "Point", "coordinates": [-131, -41]}}, {"type": "Feature", "properties": {"name": "p5810", "val": 5810}, "geometry": {"type": "Point", "coordinates": [-130, -40]}}, {"type": "Feature", "properties": {"name": "p5811", "val": 5811}, "geometry": {"type": "Point", "coordinates": [-129, -39]}}, {"type": "Feature", "properties": {"name": "p5812", "val": 5812}, "geometry": {"type": "Point", "coordinates": [-128, -38]}}, {"type": "Feature", "properties": {"name": "p5813", "val": 5813}, "geometry": {"type": "Point", "coordinates": [-127, -37]}}, {"type": "Feature", "properties": {"name": "p5814", "val": 5814}, "geometry": {"type": "Point", "coordinates": [-126, -36]}}, {"type": "Feature", "properties": {"name": "p5815", "val": 5815}, "geometry": {"type": "Point", "coordinates": [-125, -35]}}, {"type": "Feature", "properties": {"name": "p5816", "val": 5816}, "geometry": {"type": "Point", "coordinates": [-124, -34]}}, {"type": "Feature", "properties": {"name": "p5817", "val": 5817}, "geometry": {"type": "Point", "coordinates": [-123, -33]}}, {"type": "Feature", "properties": {"name": "p5818", "val": 5818}, "geometry": {"type": "Point", "coordinates": [-122, -32]}}, {"type": "Feature", "properties": {"name": "p5819", "val": 5819}, "geometry": {"type": "Point", "coordinates": [-121, -31]}}, {"type": "Feature", "properties": {"name": "p5820", "val": 5820}, "geometry": {"type": "Point", "coordinates": [-120, -30]}}, {"type": "Feature", "properties": {"name": "p5821", "val": 5821}, "geometry": {"type": "Point", "coordinates": [-119, -29]}}, {"type": "Feature", "properties": {"name": "p5822", "val": 5822}, "geometry": {"type": "Point", "coordinates": [-118, -28]}}, {"type": "Feature", "properties": {"name": "p5823", "val": 5823}, "geometry": {"type": "Point", "coordinates": [-117, -27]}}, {"type": "Feature", "properties": {"name": "p5824", "val": 5824}, "geometry": {"type": "Point", "coordinates": [-116, -26]}}, {"type": "Feature", "properties": {"name": "p5825", "val": 5825}, "geometry": {"type": "Point", "coordinates": [-115, -25]}}, {"type": "Feature", "properties": {"name": "p5826", "val": 5826}, "geometry": {"type": "Point", "coordinates": [-114, -24]}}, {"type": "Feature", "properties": {"name": "p5827", "val": 5827}, "geometry": {"type": "Point", "coordinates": [-113, -23]}}, {"type": "Feature", "properties": {"name": "p5828", "val": 5828}, "geometry": {"type": "Point", "coordinates": [-112, -22]}}, {"type": "Feature", "properties": {"name": "p5829", "val": 5829}, "geometry": {"type": "Point", "coordinates": [-111, -21]}}, {"type": "Feature", "properties": {"name": "p5830", "val": 5830}, "geometry": {"type": "Point", "coordinates": [-110, -20]}}, {"type": "Feature", "properties": {"name": "p5831", "val": 5831}, "geometry": {"type": "Point", "coordinates": [-109, -19]}}, {"type": "Feature", "properties": {"name": "p5832", "val": 5832}, "geometry": {"type": "Point", "coordinates": [-108, -18]}}, {"type": "Feature", "properties": {"name": "p5833", "val": 5833}, "geometry": {"type": "Point", "coordinates": [-107, -17]}}, {"type": "Feature", "properties": {"name": "p5834", "val": 5834}, "geometry": {"type": "Point", "coordinates": [-106, -16]}}, {"type": "Feature", "properties": {"name": "p5835", "val": 5835}, "geometry": {"type": "Point", "coordinates": [-105, -15]}}, {"type": "Feature", "properties": {"name": "p5836", "val": 5836}, "geometry": {"type": "Point", "coordinates": [-104, -14]}}, {"type": "Feature", "properties": {"name": "p5837", "val": 5837}, "geometry": {"type": "Point", "coordinates": [-103, -13]}}, {"type": "Feature", "properties": {"name": "p5838", "val": 5838}, "geometry": {"type": "Point", "coordinates": [-102, -12]}}, {"type": "Feature", "properties": {"name": "p5839", "val": 5839}, "geometry": {"type": "Point", "coordinates": [-101, -11]}}, {"type": "Feature", "properties": {"name": "p5840", "val": 5840}, "geometry": {"type": "Point", "coordinates": [-100, -10]}}, {"type": "Feature", "properties": {"name": "p5841", "val": 5841}, "geometry": {"type": "Point", "coordinates": [-99, -9]}}, {"type": "Feature", "properties": {"name": "p5842", "val": 5842}, "geometry": {"type": "Point", "coordinates": [-98, -8]}}, {"type": "Feature", "properties": {"name": "p5843", "val": 5843}, "geometry": {"type": "Point", "coordinates": [-97, -7]}}, {"type": "Feature", "properties": {"name": "p5844", "val": 5844}, "geometry": {"type": "Point", "coordinates": [-96, -6]}}, {"type": "Feature", "properties": {"name": "p5845", "val": 5845}, "geometry": {"type": "Point", "coordinates": [-95, -5]}}, {"type": "Feature", "properties": {"name": "p5846", "val": 5846}, "geometry": {"type": "Point", "coordinates": [-94, -4]}}, {"type": "Feature", "properties": {"name": "p5847", "val": 5847}, "geometry": {"type": "Point", "coordinates": [-93, -3]}}, {"type": "Feature", "properties": {"name": "p5848", "val": 5848}, "geometry": {"type": "Point", "coordinates": [-92, -2]}}, {"type": "Feature", "properties": {"name": "p5849", "val": 5849}, "geometry": {"type": "Point", "coordinates": [-91, -1]}}, {"type": "Feature", "properties": {"name": "p5850", "val": 5850}, "geometry": {"type": "Point", "coordinates": [-90, 0]}}, {"type": "Feature", "properties": {"name": "p5851", "val": 5851}, "geometry": {"type": "Point", "coordinates": [-89, 1]}}, {"type": "Feature", "properties": {"name": "p5852", "val": 5852}, "geometry": {"type": "Point", "coordinates": [-88, 2]}}, {"type": "Feature", "properties": {"name": "p5853", "val": 5853}, "geometry": {"type": "Point", "coordinates": [-87, 3]}}, {"type": "Feature", "properties": {"name": "p5854", "val": 5854}, "geometry": {"type": "Point", "coordinates": [-86, 4]}}, {"type": "Feature", "properties": {"name": "p5855", "val": 5855}, "geometry": {"type": "Point", "coordinates": [-85, 5]}}, {"type": "Feature", "properties": {"name": "p5856", "val": 5856}, "geometry": {"type": "Point", "coordinates": [-84, 6]}}, {"type": "Feature", "properties": {"name": "p5857", "val": 5857}, "geometry": {"type": "Point", "coordinates": [-83, 7]}}, {"type": "Feature", "properties": {"name": "p5858", "val": 5858}, "geometry": {"type": "Point", "coordinates": [-82, 8]}}, {"type": "Feature", "properties": {"name": "p5859", "val": 5859}, "geometry": {"type": "Point", "coordinates": [-81, 9]}}, {"type": "Feature", "properties": {"name": "p5860", "val": 5860}, "geometry": {"type": "Point", "coordinates": [-80, 10]}}, {"type": "Feature", "properties": {"name": "p5861", "val": 5861}, "geometry": {"type": "Point", "coordinates": [-79, 11]}}, {"type": "Feature", "properties": {"name": "p5862", "val": 5862}, "geometry": {"type": "Point", "coordinates": [-78, 12]}}, {"type": "Feature", "properties": {"name": "p5863", "val": 5863}, "geometry": {"type": "Point", "coordinates": [-77, 13]}}, {"type": "Feature", "properties": {"name": "p5864", "val": 5864}, "geometry": {"type": "Point", "coordinates": [-76, 14]}}, {"type": "Feature", "properties": {"name": "p5865", "val": 5865}, "geometry": {"type": "Point", "coordinates": [-75, 15]}}, {"type": "Feature", "properties": {"name": "p5866", "val": 5866}, "geometry": {"type": "Point", "coordinates": [-74, 16]}}, {"type": "Feature", "properties": {"name": "p5867", "val": 5867}, "geometry": {"type": "Point", "coordinates": [-73, 17]}}, {"type": "Feature", "properties": {"name": "p5868", "val": 5868}, "geometry": {"type": "Point", "coordinates": [-72, 18]}}, {"type": "Feature", "properties": {"name": "p5869", "val": 5869}, "geometry": {"type": "Point", "coordinates": [-71, 19]}}, {"type": "Feature", "properties": {"name": "p5870", "val": 5870}, "geometry": {"type": "Point", "coordinates": [-70, 20]}}, {"type": "Feature", "properties": {"name": "p5871", "val": 5871}, "geometry": {"type": "Point", "coordinates": [-69, 21]}}, {"type": "Feature", "properties": {"name": "p5872", "val": 5872}, "geometry": {"type": "Point", "coordinates": [-68, 22]}}, {"type": "Feature", "properties": {"name": "p5873", "val": 5873}, "geometry": {"type": "Point", "coordinates": [-67, 23]}}, {"type": "Feature", "properties": {"name": "p5874", "val": 5874}, "geometry": {"type": "Point", "coordinates": [-66, 24]}}, {"type": "Feature", "properties": {"name": "p5875", "val": 5875}, "geometry": {"type": "Point", "coordinates": [-65, 25]}}, {"type": "Feature", "properties": {"name": "p5876", "val": 5876}, "geometry": {"type": "Point", "coordinates": [-64, 26]}}, {"type": "Feature", "properties": {"name": "p5877", "val": 5877}, "geometry": {"type": "Point", "coordinates": [-63, 27]}}, {"type": "Feature", "properties": {"name": "p5878", "val": 5878}, "geometry": {"type": "Point", "coordinates": [-62, 28]}}, {"type": "Feature", "properties": {"name": "p5879", "val": 5879}, "geometry": {"type": "Point", "coordinates": [-61, 29]}}, {"type": "Feature", "properties": {"name": "p5880", "val": 5880}, "geometry": {"type": "Point", "coordinates": [-60, 30]}}, {"type": "Feature", "properties": {"name": "p5881", "val": 5881}, "geometry": {"type": "Point", "coordinates": [-59, 31]}}, {"type": "Feature", "properties": {"name": "p5882", "val": 5882}, "geometry": {"type": "Point", "coordinates": [-58, 32]}}, {"type": "Feature", "properties": {"name": "p5883", "val": 5883}, "geometry": {"type": "Point", "coordinates": [-57, 33]}}, {"type": "Feature", "properties": {"name": "p5884", "val": 5884}, "geometry": {"type": "Point", "coordinates": [-56, 34]}}, {"type": "Feature", "properties": {"name": "p5885", "val": 5885}, "geometry": {"type": "Point", "coordinates": [-55, 35]}}, {"type": "Feature", "properties": {"name": "p5886", "val": 5886}, "geometry": {"type": "Point", "coordinates": [-54, 36]}}, {"type": "Feature", "properties": {"name": "p5887", "val": 5887}, "geometry": {"type": "Point", "coordinates": [-53, 37]}}, {"type": "Feature", "properties": {"name": "p5888", "val": 5888}, "geometry": {"type": "Point", "coordinates": [-52, 38]}}, {"type": "Feature", "properties": {"name": "p5889", "val": 5889}, "geometry": {"type": "Point", "coordinates": [-51, 39]}}, {"type": "Feature", "properties": {"name": "p5890", "val": 5890}, "geometry": {"type": "Point", "coordinates": [-50, 40]}}, {"type": "Feature", "properties": {"name": "p5891", "val": 5891}, "geometry": {"type": "Point", "coordinates": [-49, 41]}}, {"type": "Feature", "properties": {"name": "p5892", "val": 5892}, "geometry": {"type": "Point", "coordinates": [-48, 42]}}, {"type": "Feature", "properties": {"name": "p5893", "val": 5893}, "geometry": {"type": "Point", "coordinates": [-47, 43]}}, {"type": "Feature", "properties": {"name": "p5894", "val": 5894}, "geometry": {"type": "Point", "coordinates": [-46, 44]}}, {"type": "Feature", "properties": {"name": "p5895", "val": 5895}, "geometry": {"type": "Point", "coordinates": [-45, 45]}}, {"type": "Feature", "properties": {"name": "p5896", "val": 5896}, "geometry": {"type": "Point", "coordinates": [-44, 46]}}, {"type": "Feature", "properties": {"name": "p5897", "val": 5897}, "geometry": {"type": "Point", "coordinates": [-43, 47]}}, {"type": "Feature", "properties": {"name": "p5898", "val": 5898}, "geometry": {"type": "Point", "coordinates": [-42, 48]}}, {"type": "Feature", "properties": {"name": "p5899", "val": 5899}, "geometry": {"type": "Point", "coordinates": [-41, 49]}}, {"type": "Feature", "properties": {"name": "p5900", "val": 5900}, "geometry": {"type": "Point", "coordinates": [-40, 50]}}, {"type": "Feature", "properties": {"name": "p5901", "val": 5901}, "geometry": {"type": "Point", "coordinates": [-39, 51]}}, {"type": "Feature", "properties": {"name": "p5902", "val": 5902}, "geometry": {"type": "Point", "coordinates": [-38, 52]}}, {"type": "Feature", "properties": {"name": "p5903", "val": 5903}, "geometry": {"type": "Point", "coordinates": [-37, 53]}}, {"type": "Feature", "properties": {"name": "p5904", "val": 5904}, "geometry": {"type": "Point", "coordinates": [-36, 54]}}, {"type": "Feature", "properties": {"name": "p5905", "val": 5905}, "geometry": {"type": "Point", "coordinates": [-35, 55]}}, {"type": "Feature", "properties": {"name": "p5906", "val": 5906}, "geometry": {"type": "Point", "coordinates": [-34, 56]}}, {"type": "Feature", "properties": {"name": "p5907", "val": 5907}, "geometry": {"type": "Point", "coordinates": [-33, 57]}}, {"type": "Feature", "properties": {"name": "p5908", "val": 5908}, "geometry": {"type": "Point", "coordinates": [-32, 58]}}, {"type": "Feature", "properties": {"name": "p5909", "val": 5909}, "geometry": {"type": "Point", "coordinates": [-31, 59]}}, {"type": "Feature", "properties": {"name": "p5910", "val": 5910}, "geometry": {"type": "Point", "coordinates": [-30, 60]}}, {"type": "Feature", "properties": {"name": "p5911", "val": 5911}, "geometry": {"type": "Point", "coordinates": [-29, 61]}}, {"type": "Feature", "properties": {"name": "p5912", "val": 5912}, "geometry": {"type": "Point", "coordinates": [-28, 62]}}, {"type": "Feature", "properties": {"name": "p5913", "val": 5913}, "geometry": {"type": "Point", "coordinates": [-27, 63]}}, {"type": "Feature", "properties": {"name": "p5914", "val": 5914}, "geometry": {"type": "Point", "coordinates": [-26, 64]}}, {"type": "Feature", "properties": {"name": "p5915", "val": 5915}, "geometry": {"type": "Point", "coordinates": [-25, 65]}}, {"type": "Feature", "properties": {"name": "p5916", "val": 5916}, "geometry": {"type": "Point", "coordinates": [-24, 66]}}, {"type": "Feature", "properties": {"name": "p5917", "val": 5917}, "geometry": {"type": "Point", "coordinates": [-23, 67]}}, {"type": "Feature", "properties": {"name": "p5918", "val": 5918}, "geometry": {"type": "Point", "coordinates": [-22, 68]}}, {"type": "Feature", "properties": {"name": "p5919", "val": 5919}, "geometry": {"type": "Point", "coordinates": [-21, 69]}}, {"type": "Feature", "properties": {"name": "p5920", "val": 5920}, "geometry": {"type": "Point", "coordinates": [-20, 70]}}, {"type": "Feature", "properties": {"name": "p5921", "val": 5921}, "geometry": {"type": "Point", "coordinates": [-19, 71]}}, {"type": "Feature", "properties": {"name": "p5922", "val": 5922}, "geometry": {"type": "Point", "coordinates": [-18, 72]}}, {"type": "Feature", "properties": {"name": "p5923", "val": 5923}, "geometry": {"type": "Point", "coordinates": [-17, 73]}}, {"type": "Feature", "properties": {"name": "p5924", "val": 5924}, "geometry": {"type": "Point", "coordinates": [-16, 74]}}, {"type": "Feature", "properties": {"name": "p5925", "val": 5925}, "geometry": {"type": "Point", "coordinates": [-15, 75]}}, {"type": "Feature", "properties": {"name": "p5926", "val": 5926}, "geometry": {"type": "Point", "coordinates": [-14, 76]}}, {"type": "Feature", "properties": {"name": "p5927", "val": 5927}, "geometry": {"type": "Point", "coordinates": [-13, 77]}}, {"type": "Feature", "properties": {"name": "p5928", "val": 5928}, "geometry": {"type": "Point", "coordinates": [-12, 78]}}, {"type": "Feature", "properties": {"name": "p5929", "val": 5929}, "geometry": {"type": "Point", "coordinates": [-11, 79]}}, {"type": "Feature", "properties": {"name": "p5930", "val": 5930}, "geometry": {"type": "Point", "coordinates": [-10, 80]}}, {"type": "Feature", "properties": {"name": "p5931", "val": 5931}, "geometry": {"type": "Point", "coordinates": [-9, 81]}}, {"type": "Feature", "properties": {"name": "p5932", "val": 5932}, "geometry": {"type": "Point", "coordinates": [-8, 82]}}, {"type": "Feature", "properties": {"name": "p5933", "val": 5933}, "geometry": {"type": "Point", "coordinates": [-7, 83]}}, {"type": "Feature", "properties": {"name": "p5934", "val": 5934}, "geometry": {"type": "Point", "coordinates": [-6, 84]}}, {"type": "Feature", "properties": {"name": "p5935", "val": 5935}, "geometry": {"type": "Point", "coordinates": [-5, 85]}}, {"type": "Feature", "properties": {"name": "p5936", "val": 5936}, "geometry": {"type": "Point", "coordinates": [-4, 86]}}, {"type": "Feature", "properties": {"name": "p5937", "val": 5937}, "geometry": {"type": "Point", "coordinates": [-3, 87]}}, {"type": "Feature", "properties": {"name": "p5938", "val": 5938}, "geometry": {"type": "Point", "coordinates": [-2, 88]}}, {"type": "Feature", "properties": {"name": "p5939", "val": 5939}, "geometry": {"type": "Point", "coordinates": [-1, 89]}}, {"type": "Feature", "properties": {"name": "p5940", "val": 5940}, "geometry": {"type": "Point", "coordinates": [0, -90]}}, {"type": "Feature", "properties": {"name": "p5941", "val": 5941}, "geometry": {"type": "Point", "coordinates": [1, -89]}}, {"type": "Feature", "properties": {"name": "p5942", "val": 5942}, "geometry": {"type": "Point", "coordinates": [2, -88]}}, {"type": "Feature", "properties": {"name": "p5943", "val": 5943}, "geometry": {"type": "Point", "coordinates": [3, -87]}}, {"type": "Feature", "properties": {"name": "p5944", "val": 5944}, "geometry": {"type": "Point", "coordinates": [4, -86]}}, {"type": "Feature", "properties": {"name": "p5945", "val": 5945}, "geometry": {"type": "Point", "coordinates": [5, -85]}}, {"type": "Feature", "properties": {"name": "p5946", "val": 5946}, "geometry": {"type": "Point", "coordinates": [6, -84]}}, {"type": "Feature", "properties": {"name": "p5947", "val": 5947}, "geometry": {"type": "Point", "coordinates": [7, -83]}}, {"type": "Feature", "properties": {"name": "p5948", "val": 5948}, "geometry": {"type": "Point", "coordinates": [8, -82]}}, {"type": "Feature", "properties": {"name": "p5949", "val": 5949}, "geometry": {"type": "Point", "coordinates": [9, -81]}}, {"type": "Feature", "properties": {"name": "p5950", "val": 5950}, "geometry": {"type": "Point", "coordinates": [10, -80]}}, {"type": "Feature", "properties": {"name": "p5951", "val": 5951}, "geometry": {"type": "Point", "coordinates": [11, -79]}}, {"type": "Feature", "properties": {"name": "p5952", "val": 5952}, "geometry": {"type": "Point", "coordinates": [12, -78]}}, {"type": "Feature", "properties": {"name": "p5953", "val": 5953}, "geometry": {"type": "Point", "coordinates": [13, -77]}}, {"type": "Feature", "properties": {"name": "p5954", "val": 5954}, "geometry": {"type": "Point", "coordinates": [14, -76]}}, {"type": "Feature", "properties": {"name": "p5955", "val": 5955}, "geometry": {"type": "Point", "coordinates": [15, -75]}}, {"type": "Feature", "properties": {"name": "p5956", "val": 5956}, "geometry": {"type": "Point", "coordinates": [16, -74]}}, {"type": "Feature", "properties": {"name": "p5957", "val": 5957}, "geometry": {"type": "Point", "coordinates": [17, -73]}}, {"type": "Feature", "properties": {"name": "p5958", "val": 5958}, "geometry": {"type": "Point", "coordinates": [18, -72]}}, {"type": "Feature", "properties": {"name": "p5959", "val": 5959}, "geometry": {"type": "Point", "coordinates": [19, -71]}}, {"type": "Feature", "properties": {"name": "p5960", "val": 5960}, "geometry": {"type": "Point", "coordinates": [20, -70]}}, {"type": "Feature", "properties": {"name": "p5961", "val": 5961}, "geometry": {"type": "Point", "coordinates": [21, -69]}}, {"type": "Feature", "properties": {"name": "p5962", "val": 5962}, "geometry": {"type": "Point", "coordinates": [22, -68]}}, {"type": "Feature", "properties": {"name": "p5963", "val": 5963}, "geometry": {"type": "Point", "coordinates": [23, -67]}}, {"type": "Feature", "properties": {"name": "p5964", "val": 5964}, "geometry": {"type": "Point", "coordinates": [24, -66]}}, {"type": "Feature", "properties": {"name": "p5965", "val": 5965}, "geometry": {"type": "Point", "coordinates": [25, -65]}}, {"type": "Feature", "properties": {"name": "p5966", "val": 5966}, "geometry": {"type": "Point", "coordinates": [26, -64]}}, {"type": "Feature", "properties": {"name": "p5967", "val": 5967}, "geometry": {"type": "Point", "coordinates": [27, -63]}}, {"type": "Feature", "properties": {"name": "p5968", "val": 5968}, "geometry": {"type": "Point", "coordinates": [28, -62]}}, {"type": "Feature", "properties": {"name": "p5969", "val": 5969}, "geometry": {"type": "Point", "coordinates": [29, -61]}}, {"type": "Feature", "properties": {"name": "p5970", "val": 5970}, "geometry": {"type": "Point", "coordinates": [30, -60]}}, {"type": "Feature", "properties": {"name": "p5971", "val": 5971}, "geometry": {"type": "Point", "coordinates": [31, -59]}}, {"type": "Feature", "properties": {"name": "p5972", "val": 5972}, "geometry": {"type": "Point", "coordinates": [32, -58]}}, {"type": "Feature", "properties": {"name": "p5973", "val": 5973}, "geometry": {"type": "Point", "coordinates": [33, -57]}}, {"type": "Feature", "properties": {"name": "p5974", "val": 5974}, "geometry": {"type": "Point", "coordinates": [34, -56]}}, {"type": "Feature", "properties": {"name": "p5975", "val": 5975}, "geometry": {"type": "Point", "coordinates": [35, -55]}}, {"type": "Feature", "properties": {"name": "p5976", "val": 5976}, "geometry": {"type": "Point", "coordinates": [36, -54]}}, {"type": "Feature", "properties": {"name": "p5977", "val": 5977}, "geometry": {"type": "Point", "coordinates": [37, -53]}}, {"type": "Feature", "properties": {"name": "p5978", "val": 5978}, "geometry": {"type": "Point", "coordinates": [38, -52]}}, {"type": "Feature", "properties": {"name": "p5979", "val": 5979}, "geometry": {"type": "Point", "coordinates": [39, -51]}}, {"type": "Feature", "properties": {"name": "p5980", "val": 5980}, "geometry": {"type": "Point", "coordinates": [40, -50]}}, {"type": "Feature", "properties": {"name": "p5981", "val": 5981}, "geometry": {"type": "Point", "coordinates": [41, -49]}}, {"type": "Feature", "properties": {"name": "p5982", "val": 5982}, "geometry": {"type": "Point", "coordinates": [42, -48]}}, {"type": "Feature", "properties": {"name": "p5983", "val": 5983}, "geometry": {"type": "Point", "coordinates": [43, -47]}}, {"type": "Feature", "properties": {"name": "p5984", "val": 5984}, "geometry": {"type": "Point", "coordinates": [44, -46]}}, {"type": "Feature", "properties": {"name": "p5985", "val": 5985}, "geometry": {"type": "Point", "coordinates": [45, -45]}}, {"type": "Feature", "properties": {"name": "p5986", "val": 5986}, "geometry": {"type": "Point", "coordinates": [46, -44]}}, {"type": "Feature", "properties": {"name": "p5987", "val": 5987}, "geometry": {"type": "Point", "coordinates": [47, -43]}}, {"type": "Feature", "properties": {"name": "p5988", "val": 5988}, "geometry": {"type": "Point", "coordinates": [48, -42]}}, {"type": "Feature", "properties": {"name": "p5989", "val": 5989}, "geometry": {"type": "Point", "coordinates": [49, -41]}}, {"type": "Feature", "properties": {"name": "p5990", "val": 5990}, "geometry": {"type": "Point", "coordinates": [50, -40]}}, {"type": "Feature", "properties": {"name": "p5991", "val": 5991}, "geometry": {"type": "Point", "coordinates": [51, -39]}}, {"type": "Feature", "properties": {"name": "p5992", "val": 5992}, "geometry": {"type": "Point", "coordinates": [52, -38]}}, {"type": "Feature", "properties": {"name": "p5993", "val": 5993}, "geometry": {"type": "Point", "coordinates": [53, -37]}}, {"type": "Feature", "properties": {"name": "p5994", "val": 5994}, "geometry": {"type": "Point", "coordinates": [54, -36]}}, {"type": "Feature", "properties": {"name": "p5995", "val": 5995}, "geometry": {"type": "Point", "coordinates": [55, -35]}}, {"type": "Feature", "properties": {"name": "p5996", "val": 5996}, "geometry": {"type": "Point", "coordinates": [56, -34]}}, {"type": "Feature", "properties": {"name": "p5997", "val": 5997}, "geometry": {"type": "Point", "coordinates": [57, -33]}}, {"type": "Feature", "properties": {"name": "p5998", "val": 5998}, "geometry": {"type": "Point", "coordinates": [58, -32]}}, {"type": "Feature", "properties": {"name": "p5999", "val": 5999}, "geometry": {"type": "Point", "coordinates": [59, -31]}}, {"type": "Feature", "properties": {"name": "p6000", "val": 6000}, "geometry": {"type": "Point", "coordinates": [60, -30]}}, {"type": "Feature", "properties": {"name": "p6001", "val": 6001}, "geometry": {"type": "Point", "coordinates": [61, -29]}}, {"type": "Feature", "properties": {"name": "p6002", "val": 6002}, "geometry": {"type": "Point", "coordinates": [62, -28]}}, {"type": "Feature", "properties": {"name": "p6003", "val": 6003}, "geometry": {"type": "Point", "coordinates": [63, -27]}}, {"type": "Feature", "properties": {"name": "p6004", "val": 6004}, "geometry": {"type": "Point", "coordinates": [64, -26]}}, {"type": "Feature", "properties": {"name": "p6005", "val": 6005}, "geometry": {"type": "Point", "coordinates": [65, -25]}}, {"type": "Feature", "properties": {"name": "p6006", "val": 6006}, "geometry": {"type": "Point", "coordinates": [66, -24]}}, {"type": "Feature", "properties": {"name": "p6007", "val": 6007}, "geometry": {"type": "Point", "coordinates": [67, -23]}}, {"type": "Feature", "properties": {"name": "p6008", "val": 6008}, "geometry": {"type": "Point", "coordinates": [68, -22]}}, {"type": "Feature", "properties": {"name": "p6009", "val": 6009}, "geometry": {"type": "Point", "coordinates": [69, -21]}}, {"type": "Feature", "properties": {"name": "p6010", "val": 6010}, "geometry": {"type": "Point", "coordinates": [70, -20]}}, {"type": "Feature", "properties": {"name": "p6011", "val": 6011}, "geometry": {"type": "Point", "coordinates": [71, -19]}}, {"type": "Feature", "properties": {"name": "p6012", "val": 6012}, "geometry": {"type": "Point", "coordinates": [72, -18]}}, {"type": "Feature", "properties": {"name": "p6013", "val": 6013}, "geometry": {"type": "Point", "coordinates": [73, -17]}}, {"type": "Feature", "properties": {"name": "p6014", "val": 6014}, "geometry": {"type": "Point", "coordinates": [74, -16]}}, {"type": "Feature", "properties": {"name": "p6015", "val": 6015}, "geometry": {"type": "Point", "coordinates": [75, -15]}}, {"type": "Feature", "properties": {"name": "p6016", "val": 6016}, "geometry": {"type": "Point", "coordinates": [76, -14]}}, {"type": "Feature", "properties": {"name": "p6017", "val": 6017}, "geometry": {"type": "Point", "coordinates": [77, -13]}}, {"type": "Feature", "properties": {"name": "p6018", "val": 6018}, "geometry": {"type": "Point", "coordinates": [78, -12]}}, {"type": "Feature", "properties": {"name": "p6019", "val": 6019}, "geometry": {"type": "Point", "coordinates": [79, -11]}}, {"type": "Feature", "properties": {"name": "p6020", "val": 6020}, "geometry": {"type": "Point", "coordinates": [80, -10]}}, {"type": "Feature", "properties": {"name": "p6021", "val": 6021}, "geometry": {"type": "Point", "coordinates": [81, -9]}}, {"type": "Feature", "properties": {"name": "p6022", "val": 6022}, "geometry": {"type": "Point", "coordinates": [82, -8]}}, {"type": "Feature", "properties": {"name": "p6023", "val": 6023}, "geometry": {"type": "Point", "coordinates": [83, -7]}}, {"type": "Feature", "properties": {"name": "p6024", "val": 6024}, "geometry": {"type": "Point", "coordinates": [84, -6]}}, {"type": "Feature", "properties": {"name": "p6025", "val": 6025}, "geometry": {"type": "Point", "coordinates": [85, -5]}}, {"type": "Feature", "properties": {"name": "p6026", "val": 6026}, "geometry": {"type": "Point", "coordinates": [86, -4]}}, {"type": "Feature", "properties": {"name": "p6027", "val": 6027}, "geometry": {"type": "Point", "coordinates": [87, -3]}}, {"type": "Feature", "properties": {"name": "p6028", "val": 6028}, "geometry": {"type": "Point", "coordinates": [88, -2]}}, {"type": "Feature", "properties": {"name": "p6029", "val": 6029}, "geometry": {"type": "Point", "coordinates": [89, -1]}}, {"type": "Feature", "properties": {"name": "p6030", "val": 6030}, "geometry": {"type": "Point", "coordinates": [90, 0]}}, {"type": "Feature", "properties": {"name": "p6031", "val": 6031}, "geometry": {"type": "Point", "coordinates": [91, 1]}}, {"type": "Feature", "properties": {"name": "p6032", "val": 6032}, "geometry": {"type": "Point", "coordinates": [92, 2]}}, {"type": "Feature", "properties": {"name": "p6033", "val": 6033}, "geometry": {"type": "Point", "coordinates": [93, 3]}}, {"type": "Feature", "properties": {"name": "p6034", "val": 6034}, "geometry": {"type": "Point", "coordinates": [94, 4]}}, {"type": "Feature", "properties": {"name": "p6035", "val": 6035}, "geometry": {"type": "Point", "coordinates": [95, 5]}}, {"type": "Feature", "properties": {"name": "p6036", "val": 6036}, "geometry": {"type": "Point", "coordinates": [96, 6]}}, {"type": "Feature", "properties": {"name": "p6037", "val": 6037}, "geometry": {"type": "Point", "coordinates": [97, 7]}}, {"type": "Feature", "properties": {"name": "p6038", "val": 6038}, "geometry": {"type": "Point", "coordinates": [98, 8]}}, {"type": "Feature", "properties": {"name": "p6039", "val": 6039}, "geometry": {"type": "Point", "coordinates": [99, 9]}}, {"type": "Feature", "properties": {"name": "p6040", "val": 6040}, "geometry": {"type": "Point", "coordinates": [100, 10]}}, {"type": "Feature", "properties": {"name": "p6041", "val": 6041}, "geometry": {"type": "Point", "coordinates": [101, 11]}}, {"type": "Feature", "properties": {"name": "p6042", "val": 6042}, "geometry": {"type": "Point", "coordinates": [102, 12]}}, {"type": "Feature", "properties": {"name": "p6043", "val": 6043}, "geometry": {"type": "Point", "coordinates": [103, 13]}}, {"type": "Feature", "properties": {"name": "p6044", "val": 6044}, "geometry": {"type": "Point", "coordinates": [104, 14]}}, {"type": "Feature", "properties": {"name": "p6045", "val": 6045}, "geometry": {"type": "Point", "coordinates": [105, 15]}}, {"type": "Feature", "properties": {"name": "p6046", "val": 6046}, "geometry": {"type": "Point", "coordinates": [106, 16]}}, {"type": "Feature", "properties": {"name": "p6047", "val": 6047}, "geometry": {"type": "Point", "coordinates": [107, 17]}}, {"type": "Feature", "properties": {"name": "p6048", "val": 6048}, "geometry": {"type": "Point", "coordinates": [108, 18]}}, {"type": "Feature", "properties": {"name": "p6049", "val": 6049}, "geometry": {"type": "Point", "coordinates": [109, 19]}}, {"type": "Feature", "properties": {"name": "p6050", "val": 6050}, "geometry": {"type": "Point", "coordinates": [110, 20]}}, {"type": "Feature", "properties": {"name": "p6051", "val": 6051}, "geometry": {"type": "Point", "coordinates": [111, 21]}}, {"type": "Feature", "properties": {"name": "p6052", "val": 6052}, "geometry": {"type": "Point", "coordinates": [112, 22]}}, {"type": "Feature", "properties": {"name": "p6053", "val": 6053}, "geometry": {"type": "Point", "coordinates": [113, 23]}}, {"type": "Feature", "properties": {"name": "p6054", "val": 6054}, "geometry": {"type": "Point", "coordinates": [114, 24]}}, {"type": "Feature", "properties": {"name": "p6055", "val": 6055}, "geometry": {"type": "Point", "coordinates": [115, 25]}}, {"type": "Feature", "properties": {"name": "p6056", "val": 6056}, "geometry": {"type": "Point", "coordinates": [116, 26]}}, {"type": "Feature", "properties": {"name": "p6057", "val": 6057}, "geometry": {"type": "Point", "coordinates": [117, 27]}}, {"type": "Feature", "properties": {"name": "p6058", "val": 6058}, "geometry": {"type": "Point", "coordinates": [118, 28]}}, {"type": "Feature", "properties": {"name": "p6059", "val": 6059}, "geometry": {"type": "Point", "coordinates": [119, 29]}}, {"type": "Feature", "properties": {"name": "p6060", "val": 6060}, "geometry": {"type": "Point", "coordinates": [120, 30]}}, {"type": "Feature", "properties": {"name": "p6061", "val": 6061}, "geometry": {"type": "Point", "coordinates": [121, 31]}}, {"type": "Feature", "properties": {"name": "p6062", "val": 6062}, "geometry": {"type": "Point", "coordinates": [122, 32]}}, {"type": "Feature", "properties": {"name": "p6063", "val": 6063}, "geometry": {"type": "Point", "coordinates": [123, 33]}}, {"type": "Feature", "properties": {"name": "p6064", "val": 6064}, "geometry": {"type": "Point", "coordinates": [124, 34]}}, {"type": "Feature", "properties": {"name": "p6065", "val": 6065}, "geometry": {"type": "Point", "coordinates": [125, 35]}}, {"type": "Feature", "properties": {"name": "p6066", "val": 6066}, "geometry": {"type": "Point", "coordinates": [126, 36]}}, {"type": "Feature", "properties": {"name": "p6067", "val": 6067}, "geometry": {"type": "Point", "coordinates": [127, 37]}}, {"type": "Feature", "properties": {"name": "p6068", "val": 6068}, "geometry": {"type": "Point", "coordinates": [128, 38]}}, {"type": "Feature", "properties": {"name": "p6069", "val": 6069}, "geometry": {"type": "Point", "coordinates": [129, 39]}}, {"type": "Feature", "properties": {"name": "p6070", "val": 6070}, "geometry": {"type": "Point", "coordinates": [130, 40]}}, {"type": "Feature", "properties": {"name": "p6071", "val": 6071}, "geometry": {"type": "Point", "coordinates": [131, 41]}}, {"type": "Feature", "properties": {"name": "p6072", "val": 6072}, "geometry": {"type": "Point", "coordinates": [132, 42]}}, {"type": "Feature", "properties": {"name": "p6073", "val": 6073}, "geometry": {"type": "Point", "coordinates": [133, 43]}}, {"type": "Feature", "properties": {"name": "p6074", "val": 6074}, "geometry": {"type": "Point", "coordinates": [134, 44]}}, {"type": "Feature", "properties": {"name": "p6075", "val": 6075}, "geometry": {"type": "Point", "coordinates": [135, 45]}}, {"type": "Feature", "properties": {"name": "p6076", "val": 6076}, "geometry": {"type": "Point", "coordinates": [136, 46]}}, {"type": "Feature", "properties": {"name": "p6077", "val": 6077}, "geometry": {"type": "Point", "coordinates": [137, 47]}}, {"type": "Feature", "properties": {"name": "p6078", "val": 6078}, "geometry": {"type": "Point", "coordinates": [138, 48]}}, {"type": "Feature", "properties": {"name": "p6079", "val": 6079}, "geometry": {"type": "Point", "coordinates": [139, 49]}}, {"type": "Feature", "properties": {"name": "p6080", "val": 6080}, "geometry": {"type": "Point", "coordinates": [140, 50]}}, {"type": "Feature", "properties": {"name": "p6081", "val": 6081}, "geometry": {"type": "Point", "coordinates": [141, 51]}}, {"type": "Feature", "properties": {"name": "p6082", "val": 6082}, "geometry": {"type": "Point", "coordinates": [142, 52]}}, {"type": "Feature", "properties": {"name": "p6083", "val": 6083}, "geometry": {"type": "Point", "coordinates": [143, 53]}}, {"type": "Feature", "properties": {"name": "p6084", "val": 6084}, "geometry": {"type": "Point", "coordinates": [144, 54]}}, {"type": "Feature", "properties": {"name": "p6085", "val": 6085}, "geometry": {"type": "Point", "coordinates": [145, 55]}}, {"type": "Feature", "properties": {"name": "p6086", "val": 6086}, "geometry": {"type": "Point", "coordinates": [146, 56]}}, {"type": "Feature", "properties": {"name": "p6087", "val": 6087}, "geometry": {"type": "Point", "coordinates": [147, 57]}}, {"type": "Feature", "properties": {"name": "p6088", "val": 6088}, "geometry": {"type": "Point", "coordinates": [148, 58]}}, {"type": "Feature", "properties": {"name": "p6089", "val": 6089}, "geometry": {"type": "Point", "coordinates": [149, 59]}}, {"type": "Feature", "properties": {"name": "p6090", "val": 6090}, "geometry": {"type": "Point", "coordinates": [150, 60]}}, {"type": "Feature", "properties": {"name": "p6091", "val": 6091}, "geometry": {"type": "Point", "coordinates": [151, 61]}}, {"type": "Feature", "properties": {"name": "p6092", "val": 6092}, "geometry": {"type": "Point", "coordinates": [152, 62]}}, {"type": "Feature", "properties": {"name": "p6093", "val": 6093}, "geometry": {"type": "Point", "coordinates": [153, 63]}}, {"type": "Feature", "properties": {"name": "p6094", "val": 6094}, "geometry": {"type": "Point", "coordinates": [154, 64]}}, {"type": "Feature", "properties": {"name": "p6095", "val": 6095}, "geometry": {"type": "Point", "coordinates": [155, 65]}}, {"type": "Feature", "properties": {"name": "p6096", "val": 6096}, "geometry": {"type": "Point", "coordinates": [156, 66]}}, {"type": "Feature", "properties": {"name": "p6097", "val": 6097}, "geometry": {"type": "Point", "coordinates": [157, 67]}}, {"type": "Feature", "properties": {"name": "p6098", "val": 6098}, "geometry": {"type": "Point", "coordinates": [158, 68]}}, {"type": "Feature", "properties": {"name": "p6099", "val": 6099}, "geometry": {"type": "Point", "coordinates": [159, 69]}}, {"type": "Feature", "properties": {"name": "p6100", "val": 6100}, "geometry": {"type": "Point", "coordinates": [160, 70]}}, {"type": "Feature", "properties": {"name": "p6101", "val": 6101}, "geometry": {"type": "Point", "coordinates": [161, 71]}}, {"type": "Feature", "properties": {"name": "p6102", "val": 6102}, "geometry": {"type": "Point", "coordinates": [162, 72]}}, {"type": "Feature", "properties": {"name": "p6103", "val": 6103}, "geometry": {"type": "Point", "coordinates": [163, 73]}}, {"type": "Feature", "properties": {"name": "p6104", "val": 6104}, "geometry": {"type": "Point", "coordinates": [164, 74]}}, {"type": "Feature", "properties": {"name": "p6105", "val": 6105}, "geometry": {"type": "Point", "coordinates": [165, 75]}}, {"type": "Feature", "properties": {"name": "p6106", "val": 6106}, "geometry": {"type": "Point", "coordinates": [166, 76]}}, {"type": "Feature", "properties": {"name": "p6107", "val": 6107}, "geometry": {"type": "Point", "coordinates": [167, 77]}}, {"type": "Feature", "properties": {"name": "p6108", "val": 6108}, "geometry": {"type": "Point", "coordinates": [168, 78]}}, {"type": "Feature", "properties": {"name": "p6109", "val": 6109}, "geometry": {"type": "Point", "coordinates": [169, 79]}}, {"type": "Feature", "properties": {"name": "p6110", "val": 6110}, "geometry": {"type": "Point", "coordinates": [170, 80]}}, {"type": "Feature", "properties": {"name": "p6111", "val": 6111}, "geometry": {"type": "Point", "coordinates": [171, 81]}}, {"type": "Feature", "properties": {"name": "p6112", "val": 6112}, "geometry": {"type": "Point", "coordinates": [172, 82]}}, {"type": "Feature", "properties": {"name": "p6113", "val": 6113}, "geometry": {"type": "Point", "coordinates": [173, 83]}}, {"type": "Feature", "properties": {"name": "p6114", "val": 6114}, "geometry": {"type": "Point", "coordinates": [174, 84]}}, {"type": "Feature", "properties": {"name": "p6115", "val": 6115}, "geometry": {"type": "Point", "coordinates": [175, 85]}}, {"type": "Feature", "properties": {"name": "p6116", "val": 6116}, "geometry": {"type": "Point", "coordinates": [176, 86]}}, {"type": "Feature", "properties": {"name": "p6117", "val": 6117}, "geometry": {"type": "Point", "coordinates": [177, 87]}}, {"type": "Feature", "properties": {"name": "p6118", "val": 6118}, "geometry": {"type": "Point", "coordinates": [178, 88]}}, {"type": "Feature", "properties": {"name": "p6119", "val": 6119}, "geometry": {"type": "Point", "coordinates": [179, 89]}}, {"type": "Feature", "properties": {"name": "p6120", "val": 6120}, "geometry": {"type": "Point", "coordinates": [-180, -90]}}, {"type": "Feature", "properties": {"name": "p6121", "val": 6121}, "geometry": {"type": "Point", "coordinates": [-179, -89]}}, {"type": "Feature", "properties": {"name": "p6122", "val": 6122}, "geometry": {"type": "Point", "coordinates": [-178, -88]}}, {"type": "Feature", "properties": {"name": "p6123", "val": 6123}, "geometry": {"type": "Point", "coordinates": [-177, -87]}}, {"type": "Feature", "properties": {"name": "p6124", "val": 6124}, "geometry": {"type": "Point", "coordinates": [-176, -86]}}, {"type": "Feature", "properties": {"name": "p6125", "val": 6125}, "geometry": {"type": "Point", "coordinates": [-175, -85]}}, {"type": "Feature", "properties": {"name": "p6126", "val": 6126}, "geometry": {"type": "Point", "coordinates": [-174, -84]}}, {"type": "Feature", "properties": {"name": "p6127", "val": 6127}, "geometry": {"type": "Point", "coordinates": [-173, -83]}}, {"type": "Feature", "properties": {"name": "p6128", "val": 6128}, "geometry": {"type": "Point", "coordinates": [-172, -82]}}, {"type": "Feature", "properties": {"name": "p6129", "val": 6129}, "geometry": {"type": "Point", "coordinates": [-171, -81]}}, {"type": "Feature", "properties": {"name": "p6130", "val": 6130}, "geometry": {"type": "Point", "coordinates": [-170, -80]}}, {"type": "Feature", "properties": {"name": "p6131", "val": 6131}, "geometry": {"type": "Point", "coordinates": [-169, -79]}}, {"type": "Feature", "properties": {"name": "p6132", "val": 6132}, "geometry": {"type": "Point", "coordinates": [-168, -78]}}, {"type": "Feature", "properties": {"name": "p6133", "val": 6133}, "geometry": {"type": "Point", "coordinates": [-167, -77]}}, {"type": "Feature", "properties": {"name": "p6134", "val": 6134}, "geometry": {"type": "Point", "coordinates": [-166, -76]}}, {"type": "Feature", "properties": {"name": "p6135", "val": 6135}, "geometry": {"type": "Point", "coordinates": [-165, -75]}}, {"type": "Feature", "properties": {"name": "p6136", "val": 6136}, "geometry": {"type": "Point", "coordinates": [-164, -74]}}, {"type": "Feature", "properties": {"name": "p6137", "val": 6137}, "geometry": {"type": "Point", "coordinates": [-163, -73]}}, {"type": "Feature", "properties": {"name": "p6138", "val": 6138}, "geometry": {"type": "Point", "coordinates": [-162, -72]}}, {"type": "Feature", "properties": {"name": "p6139", "val": 6139}, "geometry": {"type": "Point", "coordinates": [-161, -71]}}, {"type": "Feature", "properties": {"name": "p6140", "val": 6140}, "geometry": {"type": "Point", "coordinates": [-160, -70]}}, {"type": "Feature", "properties": {"name": "p6141", "val": 6141}, "geometry": {"type": "Point", "coordinates": [-159, -69]}}, {"type": "Feature", "properties": {"name": "p6142", "val": 6142}, "geometry": {"type": "Point", "coordinates": [-158, -68]}}, {"type": "Feature", "properties": {"name": "p6143", "val": 6143}, "geometry": {"type": "Point", "coordinates": [-157, -67]}}, {"type": "Feature", "properties": {"name": "p6144", "val": 6144}, "geometry": {"type": "Point", "coordinates": [-156, -66]}}, {"type": "Feature", "properties": {"name": "p6145", "val": 6145}, "geometry": {"type": "Point", "coordinates": [-155, -65]}}, {"type": "Feature", "properties": {"name": "p6146", "val": 6146}, "geometry": {"type": "Point", "coordinates": [-154, -64]}}, {"type": "Feature", "properties": {"name": "p6147", "val": 6147}, "geometry": {"type": "Point", "coordinates": [-153, -63]}}, {"type": "Feature", "properties": {"name": "p6148", "val": 6148}, "geometry": {"type": "Point", "coordinates": [-152, -62]}}, {"type": "Feature", "properties": {"name": "p6149", "val": 6149}, "geometry": {"type": "Point", "coordinates": [-151, -61]}}, {"type": "Feature", "properties": {"name": "p6150", "val": 6150}, "geometry": {"type": "Point", "coordinates": [-150, -60]}}, {"type": "Feature", "properties": {"name": "p6151", "val": 6151}, "geometry": {"type": "Point", "coordinates": [-149, -59]}}, {"type": "Feature", "properties": {"name": "p6152", "val": 6152}, "geometry": {"type": "Point", "coordinates": [-148, -58]}}, {"type": "Feature", "properties": {"name": "p6153", "val": 6153}, "geometry": {"type": "Point", "coordinates": [-147, -57]}}, {"type": "Feature", "properties": {"name": "p6154", "val": 6154}, "geometry": {"type": "Point", "coordinates": [-146, -56]}}, {"type": "Feature", "properties": {"name": "p6155", "val": 6155}, "geometry": {"type": "Point", "coordinates": [-145, -55]}}, {"type": "Feature", "properties": {"name": "p6156", "val": 6156}, "geometry": {"type": "Point", "coordinates": [-144, -54]}}, {"type": "Feature", "properties": {"name": "p6157", "val": 6157}, "geometry": {"type": "Point", "coordinates": [-143, -53]}}, {"type": "Feature", "properties": {"name": "p6158", "val": 6158}, "geometry": {"type": "Point", "coordinates": [-142, -52]}}, {"type": "Feature", "properties": {"name": "p6159", "val": 6159}, "geometry": {"type": "Point", "coordinates": [-141, -51]}}, {"type": "Feature", "properties": {"name": "p6160", "val": 6160}, "geometry": {"type": "Point", "coordinates": [-140, -50]}}, {"type": "Feature", "properties": {"name": "p6161", "val": 6161}, "geometry": {"type": "Point", "coordinates": [-139, -49]}}, {"type": "Feature", "properties": {"name": "p6162", "val": 6162}, "geometry": {"type": "Point", "coordinates": [-138, -48]}}, {"type": "Feature", "properties": {"name": "p6163", "val": 6163}, "geometry": {"type": "Point", "coordinates": [-137, -47]}}, {"type": "Feature", "properties": {"name": "p6164", "val": 6164}, "geometry": {"type": "Point", "coordinates": [-136, -46]}}, {"type": "Feature", "properties": {"name": "p6165", "val": 6165}, "geometry": {"type": "Point", "coordinates": [-135, -45]}}, {"type": "Feature", "properties": {"name": "p6166", "val": 6166}, "geometry": {"type": "Point", "coordinates": [-134, -44]}}, {"type": "Feature", "properties": {"name": "p6167", "val": 6167}, "geometry": {"type": "Point", "coordinates": [-133, -43]}}, {"type": "Feature", "properties": {"name": "p6168", "val": 6168}, "geometry": {"type": "Point", "coordinates": [-132, -42]}}, {"type": "Feature", "properties": {"name": "p6169", "val": 6169}, "geometry": {"type": "Point", "coordinates": [-131, -41]}}, {"type": "Feature", "properties": {"name": "p6170", "val": 6170}, "geometry": {"type": "Point", "coordinates": [-130, -40]}}, {"type": "Feature", "properties": {"name": "p6171", "val": 6171}, "geometry": {"type": "Point", "coordinates": [-129, -39]}}, {"type": "Feature", "properties": {"name": "p6172", "val": 6172}, "geometry": {"type": "Point", "coordinates": [-128, -38]}}, {"type": "Feature", "properties": {"name": "p6173", "val": 6173}, "geometry": {"type": "Point", "coordinates": [-127, -37]}}, {"type": "Feature", "properties": {"name": "p6174", "val": 6174}, "geometry": {"type": "Point", "coordinates": [-126, -36]}}, {"type": "Feature", "properties": {"name": "p6175", "val": 6175}, "geometry": {"type": "Point", "coordinates": [-125, -35]}}, {"type": "Feature", "properties": {"name": "p6176", "val": 6176}, "geometry": {"type": "Point", "coordinates": [-124, -34]}}, {"type": "Feature", "properties": {"name": "p6177", "val": 6177}, "geometry": {"type": "Point", "coordinates": [-123, -33]}}, {"type": "Feature", "properties": {"name": "p6178", "val": 6178}, "geometry": {"type": "Point", "coordinates": [-122, -32]}}, {"type": "Feature", "properties": {"name": "p6179", "val": 6179}, "geometry": {"type": "Point", "coordinates": [-121, -31]}}, {"type": "Feature", "properties": {"name": "p6180", "val": 6180}, "geometry": {"type": "Point", "coordinates": [-120, -30]}}, {"type": "Feature", "properties": {"name": "p6181", "val": 6181}, "geometry": {"type": "Point", "coordinates": [-119, -29]}}, {"type": "Feature", "properties": {"name": "p6182", "val": 6182}, "geometry": {"type": "Point", "coordinates": [-118, -28]}}, {"type": "Feature", "properties": {"name": "p6183", "val": 6183}, "geometry": {"type": "Point", "coordinates": [-117, -27]}}, {"type": "Feature", "properties": {"name": "p6184", "val": 6184}, "geometry": {"type": "Point", "coordinates": [-116, -26]}}, {"type": "Feature", "properties": {"name": "p6185", "val": 6185}, "geometry": {"type": "Point", "coordinates": [-115, -25]}}, {"type": "Feature", "properties": {"name": "p6186", "val": 6186}, "geometry": {"type": "Point", "coordinates": [-114, -24]}}, {"type": "Feature", "properties": {"name": "p6187", "val": 6187}, "geometry": {"type": "Point", "coordinates": [-113, -23]}}, {"type": "Feature", "properties": {"name": "p6188", "val": 6188}, "geometry": {"type": "Point", "coordinates": [-112, -22]}}, {"type": "Feature", "properties": {"name": "p6189", "val": 6189}, "geometry": {"type": "Point", "coordinates": [-111, -21]}}, {"type": "Feature", "properties": {"name": "p6190", "val": 6190}, "geometry": {"type": "Point", "coordinates": [-110, -20]}}, {"type": "Feature", "properties": {"name": "p6191", "val": 6191}, "geometry": {"type": "Point", "coordinates": [-109, -19]}}, {"type": "Feature", "properties": {"name": "p6192", "val": 6192}, "geometry": {"type": "Point", "coordinates": [-108, -18]}}, {"type": "Feature", "properties": {"name": "p6193", "val": 6193}, "geometry": {"type": "Point", "coordinates": [-107, -17]}}, {"type": "Feature", "properties": {"name": "p6194", "val": 6194}, "geometry": {"type": "Point", "coordinates": [-106, -16]}}, {"type": "Feature", "properties": {"name": "p6195", "val": 6195}, "geometry": {"type": "Point", "coordinates": [-105, -15]}}, {"type": "Feature", "properties": {"name": "p6196", "val": 6196}, "geometry": {"type": "Point", "coordinates": [-104, -14]}}, {"type": "Feature", "properties": {"name": "p6197", "val": 6197}, "geometry": {"type": "Point", "coordinates": [-103, -13]}}, {"type": "Feature", "properties": {"name": "p6198", "val": 6198}, "geometry": {"type": "Point", "coordinates": [-102, -12]}}, {"type": "Feature", "properties": {"name": "p6199", "val": 6199}, "geometry": {"type": "Point", "coordinates": [-101, -11]}}, {"type": "Feature", "properties": {"name": "p6200", "val": 6200}, "geometry": {"type": "Point", "coordinates": [-100, -10]}}, {"type": "Feature", "properties": {"name": "p6201", "val": 6201}, "geometry": {"type": "Point", "coordinates": [-99, -9]}}, {"type": "Feature", "properties": {"name": "p6202", "val": 6202}, "geometry": {"type": "Point", "coordinates": [-98, -8]}}, {"type": "Feature", "properties": {"name": "p6203", "val": 6203}, "geometry": {"type": "Point", "coordinates": [-97, -7]}}, {"type": "Feature", "properties": {"name": "p6204", "val": 6204}, "geometry": {"type": "Point", "coordinates": [-96, -6]}}, {"type": "Feature", "properties": {"name": "p6205", "val": 6205}, "geometry": {"type": "Point", "coordinates": [-95, -5]}}, {"type": "Feature", "properties": {"name": "p6206", "val": 6206}, "geometry": {"type": "Point", "coordinates": [-94, -4]}}, {"type": "Feature", "properties": {"name": "p6207", "val": 6207}, "geometry": {"type": "Point", "coordinates": [-93, -3]}}, {"type": "Feature", "properties": {"name": "p6208", "val": 6208}, "geometry": {"type": "Point", "coordinates": [-92, -2]}}, {"type": "Feature", "properties": {"name": "p6209", "val": 6209}, "geometry": {"type": "Point", "coordinates": [-91, -1]}}, {"type": "Feature", "properties": {"name": "p6210", "val": 6210}, "geometry": {"type": "Point", "coordinates": [-90, 0]}}, {"type": "Feature", "properties": {"name": "p6211", "val": 6211}, "geometry": {"type": "Point", "coordinates": [-89, 1]}}, {"type": "Feature", "properties": {"name": "p6212", "val": 6212}, "geometry": {"type": "Point", "coordinates": [-88, 2]}}, {"type": "Feature", "properties": {"name": "p6213", "val": 6213}, "geometry": {"type": "Point", "coordinates": [-87, 3]}}, {"type": "Feature", "properties": {"name": "p6214", "val": 6214}, "geometry": {"type": "Point", "coordinates": [-86, 4]}}, {"type": "Feature", "properties": {"name": "p6215", "val": 6215}, "geometry": {"type": "Point", "coordinates": [-85, 5]}}, {"type": "Feature", "properties": {"name": "p6216", "val": 6216}, "geometry": {"type": "Point", "coordinates": [-84, 6]}}, {"type": "Feature", "properties": {"name": "p6217", "val": 6217}, "geometry": {"type": "Point", "coordinates": [-83, 7]}}, {"type": "Feature", "properties": {"name": "p6218", "val": 6218}, "geometry": {"type": "Point", "coordinates": [-82, 8]}}, {"type": "Feature", "properties": {"name": "p6219", "val": 6219}, "geometry": {"type": "Point", "coordinates": [-81, 9]}}, {"type": "Feature", "properties": {"name": "p6220", "val": 6220}, "geometry": {"type": "Point", "coordinates": [-80, 10]}}, {"type": "Feature", "properties": {"name": "p6221", "val": 6221}, "geometry": {"type": "Point", "coordinates": [-79, 11]}}, {"type": "Feature", "properties": {"name": "p6222", "val": 6222}, "geometry": {"type": "Point", "coordinates": [-78, 12]}}, {"type": "Feature", "properties": {"name": "p6223", "val": 6223}, "geometry": {"type": "Point", "coordinates": [-77, 13]}}, {"type": "Feature", "properties": {"name": "p6224", "val": 6224}, "geometry": {"type": "Point", "coordinates": [-76, 14]}}, {"type": "Feature", "properties": {"name": "p6225", "val": 6225}, "geometry": {"type": "Point", "coordinates": [-75, 15]}}, {"type": "Feature", "properties": {"name": "p6226", "val": 6226}, "geometry": {"type": "Point", "coordinates": [-74, 16]}}, {"type": "Feature", "properties": {"name": "p6227", "val": 6227}, "geometry": {"type": "Point", "coordinates": [-73, 17]}}, {"type": "Feature", "properties": {"name": "p6228", "val": 6228}, "geometry": {"type": "Point", "coordinates": [-72, 18]}}, {"type": "Feature", "properties": {"name": "p6229", "val": 6229}, "geometry": {"type": "Point", "coordinates": [-71, 19]}}, {"type": "Feature", "properties": {"name": "p6230", "val": 6230}, "geometry": {"type": "Point", "coordinates": [-70, 20]}}, {"type": "Feature", "properties": {"name": "p6231", "val": 6231}, "geometry": {"type": "Point", "coordinates": [-69, 21]}}, {"type": "Feature", "properties": {"name": "p6232", "val": 6232}, "geometry": {"type": "Point", "coordinates": [-68, 22]}}, {"type": "Feature", "properties": {"name": "p6233", "val": 6233}, "geometry": {"type": "Point", "coordinates": [-67, 23]}}, {"type": "Feature", "properties": {"name": "p6234", "val": 6234}, "geometry": {"type": "Point", "coordinates": [-66, 24]}}, {"type": "Feature", "properties": {"name": "p6235", "val": 6235}, "geometry": {"type": "Point", "coordinates": [-65, 25]}}, {"type": "Feature", "properties": {"name": "p6236", "val": 6236}, "geometry": {"type": "Point", "coordinates": [-64, 26]}}, {"type": "Feature", "properties": {"name": "p6237", "val": 6237}, "geometry": {"type": "Point", "coordinates": [-63, 27]}}, {"type": "Feature", "properties": {"name": "p6238", "val": 6238}, "geometry": {"type": "Point", "coordinates": [-62, 28]}}, {"type": "Feature", "properties": {"name": "p6239", "val": 6239}, "geometry": {"type": "Point", "coordinates": [-61, 29]}}, {"type": "Feature", "properties": {"name": "p6240", "val": 6240}, "geometry": {"type": "Point", "coordinates": [-60, 30]}}, {"type": "Feature", "properties": {"name": "p6241", "val": 6241}, "geometry": {"type": "Point", "coordinates": [-59, 31]}}, {"type": "Feature", "properties": {"name": "p6242", "val": 6242}, "geometry": {"type": "Point", "coordinates": [-58, 32]}}, {"type": "Feature", "properties": {"name": "p6243", "val": 6243}, "geometry": {"type": "Point", "coordinates": [-57, 33]}}, {"type": "Feature", "properties": {"name": "p6244", "val": 6244}, "geometry": {"type": "Point", "coordinates": [-56, 34]}}, {"type": "Feature", "properties": {"name": "p6245", "val": 6245}, "geometry": {"type": "Point", "coordinates": [-55, 35]}}, {"type": "Feature", "properties": {"name": "p6246", "val": 6246}, "geometry": {"type": "Point", "coordinates": [-54, 36]}}, {"type": "Feature", "properties": {"name": "p6247", "val": 6247}, "geometry": {"type": "Point", "coordinates": [-53, 37]}}, {"type": "Feature", "properties": {"name": "p6248", "val": 6248}, "geometry": {"type": "Point", "coordinates": [-52, 38]}}, {"type": "Feature", "properties": {"name": "p6249", "val": 6249}, "geometry": {"type": "Point", "coordinates": [-51, 39]}}, {"type": "Feature", "properties": {"name": "p6250", "val": 6250}, "geometry": {"type": "Point", "coordinates": [-50, 40]}}, {"type": "Feature", "properties": {"name": "p6251", "val": 6251}, "geometry": {"type": "Point", "coordinates": [-49, 41]}}, {"type": "Feature", "properties": {"name": "p6252", "val": 6252}, "geometry": {"type": "Point", "coordinates": [-48, 42]}}, {"type": "Feature", "properties": {"name": "p6253", "val": 6253}, "geometry": {"type": "Point", "coordinates": [-47, 43]}}, {"type": "Feature", "properties": {"name": "p6254", "val": 6254}, "geometry": {"type": "Point", "coordinates": [-46, 44]}}, {"type": "Feature", "properties": {"name": "p6255", "val": 6255}, "geometry": {"type": "Point", "coordinates": [-45, 45]}}, {"type": "Feature", "properties": {"name": "p6256", "val": 6256}, "geometry": {"type": "Point", "coordinates": [-44, 46]}}, {"type": "Feature", "properties": {"name": "p6257", "val": 6257}, "geometry": {"type": "Point", "coordinates": [-43, 47]}}, {"type": "Feature", "properties": {"name": "p6258", "val": 6258}, "geometry": {"type": "Point", "coordinates": [-42, 48]}}, {"type": "Feature", "properties": {"name": "p6259", "val": 6259}, "geometry": {"type": "Point", "coordinates": [-41, 49]}}, {"type": "Feature", "properties": {"name": "p6260", "val": 6260}, "geometry": {"type": "Point", "coordinates": [-40, 50]}}, {"type": "Feature", "properties": {"name": "p6261", "val": 6261}, "geometry": {"type": "Point", "coordinates": [-39, 51]}}, {"type": "Feature", "properties": {"name": "p6262", "val": 6262}, "geometry": {"type": "Point", "coordinates": [-38, 52]}}, {"type": "Feature", "properties": {"name": "p6263", "val": 6263}, "geometry": {"type": "Point", "coordinates": [-37, 53]}}, {"type": "Feature", "properties": {"name": "p6264", "val": 6264}, "geometry": {"type": "Point", "coordinates": [-36, 54]}}, {"type": "Feature", "properties": {"name": "p6265", "val": 6265}, "geometry": {"type": "Point", "coordinates": [-35, 55]}}, {"type": "Feature", "properties": {"name": "p6266", "val": 6266}, "geometry": {"type": "Point", "coordinates": [-34, 56]}}, {"type": "Feature", "properties": {"name": "p6267", "val": 6267}, "geometry": {"type": "Point", "coordinates": [-33, 57]}}, {"type": "Feature", "properties": {"name": "p6268", "val": 6268}, "geometry": {"type": "Point", "coordinates": [-32, 58]}}, {"type": "Feature", "properties": {"name": "p6269", "val": 6269}, "geometry": {"type": "Point", "coordinates": [-31, 59]}}, {"type": "Feature", "properties": {"name": "p6270", "val": 6270}, "geometry": {"type": "Point", "coordinates": [-30, 60]}}, {"type": "Feature", "properties": {"name": "p6271", "val": 6271}, "geometry": {"type": "Point", "coordinates": [-29, 61]}}, {"type": "Feature", "properties": {"name": "p6272", "val": 6272}, "geometry": {"type": "Point", "coordinates": [-28, 62]}}, {"type": "Feature", "properties": {"name": "p6273", "val": 6273}, "geometry": {"type": "Point", "coordinates": [-27, 63]}}, {"type": "Feature", "properties": {"name": "p6274", "val": 6274}, "geometry": {"type": "Point", "coordinates": [-26, 64]}}, {"type": "Feature", "properties": {"name": "p6275", "val": 6275}, "geometry": {"type": "Point", "coordinates": [-25, 65]}}, {"type": "Feature", "properties": {"name": "p6276", "val": 6276}, "geometry": {"type": "Point", "coordinates": [-24, 66]}}, {"type": "Feature", "properties": {"name": "p6277", "val": 6277}, "geometry": {"type": "Point", "coordinates": [-23, 67]}}, {"type": "Feature", "properties": {"name": "p6278", "val": 6278}, "geometry": {"type": "Point", "coordinates": [-22, 68]}}, {"type": "Feature", "properties": {"name": "p6279", "val": 6279}, "geometry": {"type": "Point", "coordinates": [-21, 69]}}, {"type": "Feature", "properties": {"name": "p6280", "val": 6280}, "geometry": {"type": "Point", "coordinates": [-20, 70]}}, {"type": "Feature", "properties": {"name": "p6281", "val": 6281}, "geometry": {"type": "Point", "coordinates": [-19, 71]}}, {"type": "Feature", "properties": {"name": "p6282", "val": 6282}, "geometry": {"type": "Point", "coordinates": [-18, 72]}}, {"type": "Feature", "properties": {"name": "p6283", "val": 6283}, "geometry": {"type": "Point", "coordinates": [-17, 73]}}, {"type": "Feature", "properties": {"name": "p6284", "val": 6284}, "geometry": {"type": "Point", "coordinates": [-16, 74]}}, {"type": "Feature", "properties": {"name": "p6285", "val": 6285}, "geometry": {"type": "Point", "coordinates": [-15, 75]}}, {"type": "Feature", "properties": {"name": "p6286", "val": 6286}, "geometry": {"type": "Point", "coordinates": [-14, 76]}}, {"type": "Feature", "properties": {"name": "p6287", "val": 6287}, "geometry": {"type": "Point", "coordinates": [-13, 77]}}, {"type": "Feature", "properties": {"name": "p6288", "val": 6288}, "geometry": {"type": "Point", "coordinates": [-12, 78]}}, {"type": "Feature", "properties": {"name": "p6289", "val": 6289}, "geometry": {"type": "Point", "coordinates": [-11, 79]}}, {"type": "Feature", "properties": {"name": "p6290", "val": 6290}, "geometry": {"type": "Point", "coordinates": [-10, 80]}}, {"type": "Feature", "properties": {"name": "p6291", "val": 6291}, "geometry": {"type": "Point", "coordinates": [-9, 81]}}, {"type": "Feature", "properties": {"name": "p6292", "val": 6292}, "geometry": {"type": "Point", "coordinates": [-8, 82]}}, {"type": "Feature", "properties": {"name": "p6293", "val": 6293}, "geometry": {"type": "Point", "coordinates": [-7, 83]}}, {"type": "Feature", "properties": {"name": "p6294", "val": 6294}, "geometry": {"type": "Point", "coordinates": [-6, 84]}}, {"type": "Feature", "properties": {"name": "p6295", "val": 6295}, "geometry": {"type": "Point", "coordinates": [-5, 85]}}, {"type": "Feature", "properties": {"name": "p6296", "val": 6296}, "geometry": {"type": "Point", "coordinates": [-4, 86]}}, {"type": "Feature", "properties": {"name": "p6297", "val": 6297}, "geometry": {"type": "Point", "coordinates": [-3, 87]}}, {"type": "Feature", "properties": {"name": "p6298", "val": 6298}, "geometry": {"type": "Point", "coordinates": [-2, 88]}}, {"type": "Feature", "properties": {"name": "p6299", "val": 6299}, "geometry": {"type": "Point", "coordinates": [-1, 89]}}, {"type": "Feature", "properties": {"name": "p6300", "val": 6300}, "geometry": {"type": "Point", "coordinates": [0, -90]}}, {"type": "Feature", "properties": {"name": "p6301", "val": 6301}, "geometry": {"type": "Point", "coordinates": [1, -89]}}, {"type": "Feature", "properties": {"name": "p6302", "val": 6302}, "geometry": {"type": "Point", "coordinates": [2, -88]}}, {"type": "Feature", "properties": {"name": "p6303", "val": 6303}, "geometry": {"type": "Point", "coordinates": [3, -87]}}, {"type": "Feature", "properties": {"name": "p6304", "val": 6304}, "geometry": {"type": "Point", "coordinates": [4, -86]}}, {"type": "Feature", "properties": {"name": "p6305", "val": 6305}, "geometry": {"type": "Point", "coordinates": [5, -85]}}, {"type": "Feature", "properties": {"name": "p6306", "val": 6306}, "geometry": {"type": "Point", "coordinates": [6, -84]}}, {"type": "Feature", "properties": {"name": "p6307", "val": 6307}, "geometry": {"type": "Point", "coordinates": [7, -83]}}, {"type": "Feature", "properties": {"name": "p6308", "val": 6308}, "geometry": {"type": "Point", "coordinates": [8, -82]}}, {"type": "Feature", "properties": {"name": "p6309", "val": 6309}, "geometry": {"type": "Point", "coordinates": [9, -81]}}, {"type": "Feature", "properties": {"name": "p6310", "val": 6310}, "geometry": {"type": "Point", "coordinates": [10, -80]}}, {"type": "Feature", "properties": {"name": "p6311", "val": 6311}, "geometry": {"type": "Point", "coordinates": [11, -79]}}, {"type": "Feature", "properties": {"name": "p6312", "val": 6312}, "geometry": {"type": "Point", "coordinates": [12, -78]}}, {"type": "Feature", "properties": {"name": "p6313", "val": 6313}, "geometry": {"type": "Point", "coordinates": [13, -77]}}, {"type": "Feature", "properties": {"name": "p6314", "val": 6314}, "geometry": {"type": "Point", "coordinates": [14, -76]}}, {"type": "Feature", "properties": {"name": "p6315", "val": 6315}, "geometry": {"type": "Point", "coordinates": [15, -75]}}, {"type": "Feature", "properties": {"name": "p6316", "val": 6316}, "geometry": {"type": "Point", "coordinates": [16, -74]}}, {"type": "Feature", "properties": {"name": "p6317", "val": 6317}, "geometry": {"type": "Point", "coordinates": [17, -73]}}, {"type": "Feature", "properties": {"name": "p6318", "val": 6318}, "geometry": {"type": "Point", "coordinates": [18, -72]}}, {"type": "Feature", "properties": {"name": "p6319", "val": 6319}, "geometry": {"type": "Point", "coordinates": [19, -71]}}, {"type": "Feature", "properties": {"name": "p6320", "val": 6320}, "geometry": {"type": "Point", "coordinates": [20, -70]}}, {"type": "Feature", "properties": {"name": "p6321", "val": 6321}, "geometry": {"type": "Point", "coordinates": [21, -69]}}, {"type": "Feature", "properties": {"name": "p6322", "val": 6322}, "geometry": {"type": "Point", "coordinates": [22, -68]}}, {"type": "Feature", "properties": {"name": "p6323", "val": 6323}, "geometry": {"type": "Point", "coordinates": [23, -67]}}, {"type": "Feature", "properties": {"name": "p6324", "val": 6324}, "geometry": {"type": "Point", "coordinates": [24, -66]}}, {"type": "Feature", "properties": {"name": "p6325", "val": 6325}, "geometry": {"type": "Point", "coordinates": [25, -65]}}, {"type": "Feature", "properties": {"name": "p6326", "val": 6326}, "geometry": {"type": "Point", "coordinates": [26, -64]}}, {"type": "Feature", "properties": {"name": "p6327", "val": 6327}, "geometry": {"type": "Point", "coordinates": [27, -63]}}, {"type": "Feature", "properties": {"name": "p6328", "val": 6328}, "geometry": {"type": "Point", "coordinates": [28, -62]}}, {"type": "Feature", "properties": {"name": "p6329", "val": 6329}, "geometry": {"type": "Point", "coordinates": [29, -61]}}, {"type": "Feature", "properties": {"name": "p6330", "val": 6330}, "geometry": {"type": "Point", "coordinates": [30, -60]}}, {"type": "Feature", "properties": {"name": "p6331", "val": 6331}, "geometry": {"type": "Point", "coordinates": [31, -59]}}, {"type": "Feature", "properties": {"name": "p6332", "val": 6332}, "geometry": {"type": "Point", "coordinates": [32, -58]}}, {"type": "Feature", "properties": {"name": "p6333", "val": 6333}, "geometry": {"type": "Point", "coordinates": [33, -57]}}, {"type": "Feature", "properties": {"name": "p6334", "val": 6334}, "geometry": {"type": "Point", "coordinates": [34, -56]}}, {"type": "Feature", "properties": {"name": "p6335", "val": 6335}, "geometry": {"type": "Point", "coordinates": [35, -55]}}, {"type": "Feature", "properties": {"name": "p6336", "val": 6336}, "geometry": {"type": "Point", "coordinates": [36, -54]}}, {"type": "Feature", "properties": {"name": "p6337", "val": 6337}, "geometry": {"type": "Point", "coordinates": [37, -53]}}, {"type": "Feature", "properties": {"name": "p6338", "val": 6338}, "geometry": {"type": "Point", "coordinates": [38, -52]}}, {"type": "Feature", "properties": {"name": "p6339", "val": 6339}, "geometry": {"type": "Point", "coordinates": [39, -51]}}, {"type": "Feature", "properties": {"name": "p6340", "val": 6340}, "geometry": {"type": "Point", "coordinates": [40, -50]}}, {"type": "Feature", "properties": {"name": "p6341", "val": 6341}, "geometry": {"type": "Point", "coordinates": [41, -49]}}, {"type": "Feature", "properties": {"name": "p6342", "val": 6342}, "geometry": {"type": "Point", "coordinates": [42, -48]}}, {"type": "Feature", "properties": {"name": "p6343", "val": 6343}, "geometry": {"type": "Point", "coordinates": [43, -47]}}, {"type": "Feature", "properties": {"name": "p6344", "val": 6344}, "geometry": {"type": "Point", "coordinates": [44, -46]}}, {"type": "Feature", "properties": {"name": "p6345", "val": 6345}, "geometry": {"type": "Point", "coordinates": [45, -45]}}, {"type": "Feature", "properties": {"name": "p6346", "val": 6346}, "geometry": {"type": "Point", "coordinates": [46, -44]}}, {"type": "Feature", "properties": {"name": "p6347", "val": 6347}, "geometry": {"type": "Point", "coordinates": [47, -43]}}, {"type": "Feature", "properties": {"name": "p6348", "val": 6348}, "geometry": {"type": "Point", "coordinates": [48, -42]}}, {"type": "Feature", "properties": {"name": "p6349", "val": 6349}, "geometry": {"type": "Point", "coordinates": [49, -41]}}, {"type": "Feature", "properties": {"name": "p6350", "val": 6350}, "geometry": {"type": "Point", "coordinates": [50, -40]}}, {"type": "Feature", "properties": {"name": "p6351", "val": 6351}, "geometry": {"type": "Point", "coordinates": [51, -39]}}, {"type": "Feature", "properties": {"name": "p6352", "val": 6352}, "geometry": {"type": "Point", "coordinates": [52, -38]}}, {"type": "Feature", "properties": {"name": "p6353", "val": 6353}, "geometry": {"type": "Point", "coordinates": [53, -37]}}, {"type": "Feature", "properties": {"name": "p6354", "val": 6354}, "geometry": {"type": "Point", "coordinates": [54, -36]}}, {"type": "Feature", "properties": {"name": "p6355", "val": 6355}, "geometry": {"type": "Point", "coordinates": [55, -35]}}, {"type": "Feature", "properties": {"name": "p6356", "val": 6356}, "geometry": {"type": "Point", "coordinates": [56, -34]}}, {"type": "Feature", "properties": {"name": "p6357", "val": 6357}, "geometry": {"type": "Point", "coordinates": [57, -33]}}, {"type": "Feature", "properties": {"name": "p6358", "val": 6358}, "geometry": {"type": "Point", "coordinates": [58, -32]}}, {"type": "Feature", "properties": {"name": "p6359", "val": 6359}, "geometry": {"type": "Point", "coordinates": [59, -31]}}, {"type": "Feature", "properties": {"name": "p6360", "val": 6360}, "geometry": {"type": "Point", "coordinates": [60, -30]}}, {"type": "Feature", "properties": {"name": "p6361", "val": 6361}, "geometry": {"type": "Point", "coordinates": [61, -29]}}, {"type": "Feature", "properties": {"name": "p6362", "val": 6362}, "geometry": {"type": "Point", "coordinates": [62, -28]}}, {"type": "Feature", "properties": {"name": "p6363", "val": 6363}, "geometry": {"type": "Point", "coordinates": [63, -27]}}, {"type": "Feature", "properties": {"name": "p6364", "val": 6364}, "geometry": {"type": "Point", "coordinates": [64, -26]}}, {"type": "Feature", "properties": {"name": "p6365", "val": 6365}, "geometry": {"type": "Point", "coordinates": [65, -25]}}, {"type": "Feature", "properties": {"name": "p6366", "val": 6366}, "geometry": {"type": "Point", "coordinates": [66, -24]}}, {"type": "Feature", "properties": {"name": "p6367", "val": 6367}, "geometry": {"type": "Point", "coordinates": [67, -23]}}, {"type": "Feature", "properties": {"name": "p6368", "val": 6368}, "geometry": {"type": "Point", "coordinates": [68, -22]}}, {"type": "Feature", "properties": {"name": "p6369", "val": 6369}, "geometry": {"type": "Point", "coordinates": [69, -21]}}, {"type": "Feature", "properties": {"name": "p6370", "val": 6370}, "geometry": {"type": "Point", "coordinates": [70, -20]}}, {"type": "Feature", "properties": {"name": "p6371", "val": 6371}, "geometry": {"type": "Point", "coordinates": [71, -19]}}, {"type": "Feature", "properties": {"name": "p6372", "val": 6372}, "geometry": {"type": "Point", "coordinates": [72, -18]}}, {"type": "Feature", "properties": {"name": "p6373", "val": 6373}, "geometry": {"type": "Point", "coordinates": [73, -17]}}, {"type": "Feature", "properties": {"name": "p6374", "val": 6374}, "geometry": {"type": "Point", "coordinates": [74, -16]}}, {"type": "Feature", "properties": {"name": "p6375", "val": 6375}, "geometry": {"type": "Point", "coordinates": [75, -15]}}, {"type": "Feature", "properties": {"name": "p6376", "val": 6376}, "geometry": {"type": "Point", "coordinates": [76, -14]}}, {"type": "Feature", "properties": {"name": "p6377", "val": 6377}, "geometry": {"type": "Point", "coordinates": [77, -13]}}, {"type": "Feature", "properties": {"name": "p6378", "val": 6378}, "geometry": {"type": "Point", "coordinates": [78, -12]}}, {"type": "Feature", "properties": {"name": "p6379", "val": 6379}, "geometry": {"type": "Point", "coordinates": [79, -11]}}, {"type": "Feature", "properties": {"name": "p6380", "val": 6380}, "geometry": {"type": "Point", "coordinates": [80, -10]}}, {"type": "Feature", "properties": {"name": "p6381", "val": 6381}, "geometry": {"type": "Point", "coordinates": [81, -9]}}, {"type": "Feature", "properties": {"name": "p6382", "val": 6382}, "geometry": {"type": "Point", "coordinates": [82, -8]}}, {"type": "Feature", "properties": {"name": "p6383", "val": 6383}, "geometry": {"type": "Point", "coordinates": [83, -7]}}, {"type": "Feature", "properties": {"name": "p6384", "val": 6384}, "geometry": {"type": "Point", "coordinates": [84, -6]}}, {"type": "Feature", "properties": {"name": "p6385", "val": 6385}, "geometry": {"type": "Point", "coordinates": [85, -5]}}, {"type": "Feature", "properties": {"name": "p6386", "val": 6386}, "geometry": {"type": "Point", "coordinates": [86, -4]}}, {"type": "Feature", "properties": {"name": "p6387", "val": 6387}, "geometry": {"type": "Point", "coordinates": [87, -3]}}, {"type": "Feature", "properties": {"name": "p6388", "val": 6388}, "geometry": {"type": "Point", "coordinates": [88, -2]}}, {"type": "Feature", "properties": {"name": "p6389", "val": 6389}, "geometry": {"type": "Point", "coordinates": [89, -1]}}, {"type": "Feature", "properties": {"name": "p6390", "val": 6390}, "geometry": {"type": "Point", "coordinates": [90, 0]}}, {"type": "Feature", "properties": {"name": "p6391", "val": 6391}, "geometry": {"type": "Point", "coordinates": [91, 1]}}, {"type": "Feature", "properties": {"name": "p6392", "val": 6392}, "geometry": {"type": "Point", "coordinates": [92, 2]}}, {"type": "Feature", "properties": {"name": "p6393", "val": 6393}, "geometry": {"type": "Point", "coordinates": [93, 3]}}, {"type": "Feature", "properties": {"name": "p6394", "val": 6394}, "geometry": {"type": "Point", "coordinates": [94, 4]}}, {"type": "Feature", "properties": {"name": "p6395", "val": 6395}, "geometry": {"type": "Point", "coordinates": [95, 5]}}, {"type": "Feature", "properties": {"name": "p6396", "val": 6396}, "geometry": {"type": "Point", "coordinates": [96, 6]}}, {"type": "Feature", "properties": {"name": "p6397", "val": 6397}, "geometry": {"type": "Point", "coordinates": [97, 7]}}, {"type": "Feature", "properties": {"name": "p6398", "val": 6398}, "geometry": {"type": "Point", "coordinates": [98, 8]}}, {"type": "Feature", "properties": {"name": "p6399", "val": 6399}, "geometry": {"type": "Point", "coordinates": [99, 9]}}, {"type": "Feature", "properties": {"name": "p6400", "val": 6400}, "geometry": {"type": "Point", "coordinates": [100, 10]}}, {"type": "Feature", "properties": {"name": "p6401", "val": 6401}, "geometry": {"type": "Point", "coordinates": [101, 11]}}, {"type": "Feature", "properties": {"name": "p6402", "val": 6402}, "geometry": {"type": "Point", "coordinates": [102, 12]}}, {"type": "Feature", "properties": {"name": "p6403", "val": 6403}, "geometry": {"type": "Point", "coordinates": [103, 13]}}, {"type": "Feature", "properties": {"name": "p6404", "val": 6404}, "geometry": {"type": "Point", "coordinates": [104, 14]}}, {"type": "Feature", "properties": {"name": "p6405", "val": 6405}, "geometry": {"type": "Point", "coordinates": [105, 15]}}, {"type": "Feature", "properties": {"name": "p6406", "val": 6406}, "geometry": {"type": "Point", "coordinates": [106, 16]}}, {"type": "Feature", "properties": {"name": "p6407", "val": 6407}, "geometry": {"type": "Point", "coordinates": [107, 17]}}, {"type": "Feature", "properties": {"name": "p6408", "val": 6408}, "geometry": {"type": "Point", "coordinates": [108, 18]}}, {"type": "Feature", "properties": {"name": "p6409", "val": 6409}, "geometry": {"type": "Point", "coordinates": [109, 19]}}, {"type": "Feature", "properties": {"name": "p6410", "val": 6410}, "geometry": {"type": "Point", "coordinates": [110, 20]}}, {"type": "Feature", "properties": {"name": "p6411", "val": 6411}, "geometry": {"type": "Point", "coordinates": [111, 21]}}, {"type": "Feature", "properties": {"name": "p6412", "val": 6412}, "geometry": {"type": "Point", "coordinates": [112, 22]}}, {"type": "Feature", "properties": {"name": "p6413", "val": 6413}, "geometry": {"type": "Point", "coordinates": [113, 23]}}, {"type": "Feature", "properties": {"name": "p6414", "val": 6414}, "geometry": {"type": "Point", "coordinates": [114, 24]}}, {"type": "Feature", "properties": {"name": "p6415", "val": 6415}, "geometry": {"type": "Point", "coordinates": [115, 25]}}, {"type": "Feature", "properties": {"name": "p6416", "val": 6416}, "geometry": {"type": "Point", "coordinates": [116, 26]}}, {"type": "Feature", "properties": {"name": "p6417", "val": 6417}, "geometry": {"type": "Point", "coordinates": [117, 27]}}, {"type": "Feature", "properties": {"name": "p6418", "val": 6418}, "geometry": {"type": "Point", "coordinates": [118, 28]}}, {"type": "Feature", "properties": {"name": "p6419", "val": 6419}, "geometry": {"type": "Point", "coordinates": [119, 29]}}, {"type": "Feature", "properties": {"name": "p6420", "val": 6420}, "geometry": {"type": "Point", "coordinates": [120, 30]}}, {"type": "Feature", "properties": {"name": "p6421", "val": 6421}, "geometry": {"type": "Point", "coordinates": [121, 31]}}, {"type": "Feature", "properties": {"name": "p6422", "val": 6422}, "geometry": {"type": "Point", "coordinates": [122, 32]}}, {"type": "Feature", "properties": {"name": "p6423", "val": 6423}, "geometry": {"type": "Point", "coordinates": [123, 33]}}, {"type": "Feature", "properties": {"name": "p6424", "val": 6424}, "geometry": {"type": "Point", "coordinates": [124, 34]}}, {"type": "Feature", "properties": {"name": "p6425", "val": 6425}, "geometry": {"type": "Point", "coordinates": [125, 35]}}, {"type": "Feature", "properties": {"name": "p6426", "val": 6426}, "geometry": {"type": "Point", "coordinates": [126, 36]}}, {"type": "Feature", "properties": {"name": "p6427", "val": 6427}, "geometry": {"type": "Point", "coordinates": [127, 37]}}, {"type": "Feature", "properties": {"name": "p6428", "val": 6428}, "geometry": {"type": "Point", "coordinates": [128, 38]}}, {"type": "Feature", "properties": {"name": "p6429", "val": 6429}, "geometry": {"type": "Point", "coordinates": [129, 39]}}, {"type": "Feature", "properties": {"name": "p6430", "val": 6430}, "geometry": {"type": "Point", "coordinates": [130, 40]}}, {"type": "Feature", "properties": {"name": "p6431", "val": 6431}, "geometry": {"type": "Point", "coordinates": [131, 41]}}, {"type": "Feature", "properties": {"name": "p6432", "val": 6432}, "geometry": {"type": "Point", "coordinates": [132, 42]}}, {"type": "Feature", "properties": {"name": "p6433", "val": 6433}, "geometry": {"type": "Point", "coordinates": [133, 43]}}, {"type": "Feature", "properties": {"name": "p6434", "val": 6434}, "geometry": {"type": "Point", "coordinates": [134, 44]}}, {"type": "Feature", "properties": {"name": "p6435", "val": 6435}, "geometry": {"type": "Point", "coordinates": [135, 45]}}, {"type": "Feature", "properties": {"name": "p6436", "val": 6436}, "geometry": {"type": "Point", "coordinates": [136, 46]}}, {"type": "Feature", "properties": {"name": "p6437", "val": 6437}, "geometry": {"type": "Point", "coordinates": [137, 47]}}, {"type": "Feature", "properties": {"name": "p6438", "val": 6438}, "geometry": {"type": "Point", "coordinates": [138, 48]}}, {"type": "Feature", "properties": {"name": "p6439", "val": 6439}, "geometry": {"type": "Point", "coordinates": [139, 49]}}, {"type": "Feature", "properties": {"name": "p6440", "val": 6440}, "geometry": {"type": "Point", "coordinates": [140, 50]}}, {"type": "Feature", "properties": {"name": "p6441", "val": 6441}, "geometry": {"type": "Point", "coordinates": [141, 51]}}, {"type": "Feature", "properties": {"name": "p6442", "val": 6442}, "geometry": {"type": "Point", "coordinates": [142, 52]}}, {"type": "Feature", "properties": {"name": "p6443", "val": 6443}, "geometry": {"type": "Point", "coordinates": [143, 53]}}, {"type": "Feature", "properties": {"name": "p6444", "val": 6444}, "geometry": {"type": "Point", "coordinates": [144, 54]}}, {"type": "Feature", "properties": {"name": "p6445", "val": 6445}, "geometry": {"type": "Point", "coordinates": [145, 55]}}, {"type": "Feature", "properties": {"name": "p6446", "val": 6446}, "geometry": {"type": "Point", "coordinates": [146, 56]}}, {"type": "Feature", "properties": {"name": "p6447", "val": 6447}, "geometry": {"type": "Point", "coordinates": [147, 57]}}, {"type": "Feature", "properties": {"name": "p6448", "val": 6448}, "geometry": {"type": "Point", "coordinates": [148, 58]}}, {"type": "Feature", "properties": {"name": "p6449", "val": 6449}, "geometry": {"type": "Point", "coordinates": [149, 59]}}, {"type": "Feature", "properties": {"name": "p6450", "val": 6450}, "geometry": {"type": "Point", "coordinates": [150, 60]}}, {"type": "Feature", "properties": {"name": "p6451", "val": 6451}, "geometry": {"type": "Point", "coordinates": [151, 61]}}, {"type": "Feature", "properties": {"name": "p6452", "val": 6452}, "geometry": {"type": "Point", "coordinates": [152, 62]}}, {"type": "Feature", "properties": {"name": "p6453", "val": 6453}, "geometry": {"type": "Point", "coordinates": [153, 63]}}, {"type": "Feature", "properties": {"name": "p6454", "val": 6454}, "geometry": {"type": "Point", "coordinates": [154, 64]}}, {"type": "Feature", "properties": {"name": "p6455", "val": 6455}, "geometry": {"type": "Point", "coordinates": [155, 65]}}, {"type": "Feature", "properties": {"name": "p6456", "val": 6456}, "geometry": {"type": "Point", "coordinates": [156, 66]}}, {"type": "Feature", "properties": {"name": "p6457", "val": 6457}, "geometry": {"type": "Point", "coordinates": [157, 67]}}, {"type": "Feature", "properties": {"name": "p6458", "val": 6458}, "geometry": {"type": "Point", "coordinates": [158, 68]}}, {"type": "Feature", "properties": {"name": "p6459", "val": 6459}, "geometry": {"type": "Point", "coordinates": [159, 69]}}, {"type": "Feature", "properties": {"name": "p6460", "val": 6460}, "geometry": {"type": "Point", "coordinates": [160, 70]}}, {"type": "Feature", "properties": {"name": "p6461", "val": 6461}, "geometry": {"type": "Point", "coordinates": [161, 71]}}, {"type": "Feature", "properties": {"name": "p6462", "val": 6462}, "geometry": {"type": "Point", "coordinates": [162, 72]}}, {"type": "Feature", "properties": {"name": "p6463", "val": 6463}, "geometry": {"type": "Point", "coordinates": [163, 73]}}, {"type": "Feature", "properties": {"name": "p6464", "val": 6464}, "geometry": {"type": "Point", "coordinates": [164, 74]}}, {"type": "Feature", "properties": {"name": "p6465", "val": 6465}, "geometry": {"type": "Point", "coordinates": [165, 75]}}, {"type": "Feature", "properties": {"name": "p6466", "val": 6466}, "geometry": {"type": "Point", "coordinates": [166, 76]}}, {"type": "Feature", "properties": {"name": "p6467", "val": 6467}, "geometry": {"type": "Point", "coordinates": [167, 77]}}, {"type": "Feature", "properties": {"name": "p6468", "val": 6468}, "geometry": {"type": "Point", "coordinates": [168, 78]}}, {"type": "Feature", "properties": {"name": "p6469", "val": 6469}, "geometry": {"type": "Point", "coordinates": [169, 79]}}, {"type": "Feature", "properties": {"name": "p6470", "val": 6470}, "geometry": {"type": "Point", "coordinates": [170, 80]}}, {"type": "Feature", "properties": {"name": "p6471", "val": 6471}, "geometry": {"type": "Point", "coordinates": [171, 81]}}, {"type": "Feature", "properties": {"name": "p6472", "val": 6472}, "geometry": {"type": "Point", "coordinates": [172, 82]}}, {"type": "Feature", "properties": {"name": "p6473", "val": 6473}, "geometry": {"type": "Point", "coordinates": [173, 83]}}, {"type": "Feature", "properties": {"name": "p6474", "val": 6474}, "geometry": {"type": "Point", "coordinates": [174, 84]}}, {"type": "Feature", "properties": {"name": "p6475", "val": 6475}, "geometry": {"type": "Point", "coordinates": [175, 85]}}, {"type": "Feature", "properties": {"name": "p6476", "val": 6476}, "geometry": {"type": "Point", "coordinates": [176, 86]}}, {"type": "Feature", "properties": {"name": "p6477", "val": 6477}, "geometry": {"type": "Point", "coordinates": [177, 87]}}, {"type": "Feature", "properties": {"name": "p6478", "val": 6478}, "geometry": {"type": "Point", "coordinates": [178, 88]}}, {"type": "Feature", "properties": {"name": "p6479", "val": 6479}, "geometry": {"type": "Point", "coordinates": [179, 89]}}, {"type": "Feature", "properties": {"name": "p6480", "val": 6480}, "geometry": {"type": "Point", "coordinates": [-180, -90]}}, {"type": "Feature", "properties": {"name": "p6481", "val": 6481}, "geometry": {"type": "Point", "coordinates": [-179, -89]}}, {"type": "Feature", "properties": {"name": "p6482", "val": 6482}, "geometry": {"type": "Point", "coordinates": [-178, -88]}}, {"type": "Feature", "properties": {"name": "p6483", "val": 6483}, "geometry": {"type": "Point", "coordinates": [-177, -87]}}, {"type": "Feature", "properties": {"name": "p6484", "val": 6484}, "geometry": {"type": "Point", "coordinates": [-176, -86]}}, {"type": "Feature", "properties": {"name": "p6485", "val": 6485}, "geometry": {"type": "Point", "coordinates": [-175, -85]}}, {"type": "Feature", "properties": {"name": "p6486", "val": 6486}, "geometry": {"type": "Point", "coordinates": [-174, -84]}}, {"type": "Feature", "properties": {"name": "p6487", "val": 6487}, "geometry": {"type": "Point", "coordinates": [-173, -83]}}, {"type": "Feature", "properties": {"name": "p6488", "val": 6488}, "geometry": {"type": "Point", "coordinates": [-172, -82]}}, {"type": "Feature", "properties": {"name": "p6489", "val": 6489}, "geometry": {"type": "Point", "coordinates": [-171, -81]}}, {"type": "Feature", "properties": {"name": "p6490", "val": 6490}, "geometry": {"type": "Point", "coordinates": [-170, -80]}}, {"type": "Feature", "properties": {"name": "p6491", "val": 6491}, "geometry": {"type": "Point", "coordinates": [-169, -79]}}, {"type": "Feature", "properties": {"name": "p6492", "val": 6492}, "geometry": {"type": "Point", "coordinates": [-168, -78]}}, {"type": "Feature", "properties": {"name": "p6493", "val": 6493}, "geometry": {"type": "Point", "coordinates": [-167, -77]}}, {"type": "Feature", "properties": {"name": "p6494", "val": 6494}, "geometry": {"type": "Point", "coordinates": [-166, -76]}}, {"type": "Feature", "properties": {"name": "p6495", "val": 6495}, "geometry": {"type": "Point", "coordinates": [-165, -75]}}, {"type": "Feature", "properties": {"name": "p6496", "val": 6496}, "geometry": {"type": "Point", "coordinates": [-164, -74]}}, {"type": "Feature", "properties": {"name": "p6497", "val": 6497}, "geometry": {"type": "Point", "coordinates": [-163, -73]}}, {"type": "Feature", "properties": {"name": "p6498", "val": 6498}, "geometry": {"type": "Point", "coordinates": [-162, -72]}}, {"type": "Feature", "properties": {"name": "p6499", "val": 6499}, "geometry": {"type": "Point", "coordinates": [-161, -71]}}, {"type": "Feature", "properties": {"name": "p6500", "val": 6500}, "geometry": {"type": "Point", "coordinates": [-160, -70]}}, {"type": "Feature", "properties": {"name": "p6501", "val": 6501}, "geometry": {"type": "Point", "coordinates": [-159, -69]}}, {"type": "Feature", "properties": {"name": "p6502", "val": 6502}, "geometry": {"type": "Point", "coordinates": [-158, -68]}}, {"type": "Feature", "properties": {"name": "p6503", "val": 6503}, "geometry": {"type": "Point", "coordinates": [-157, -67]}}, {"type": "Feature", "properties": {"name": "p6504", "val": 6504}, "geometry": {"type": "Point", "coordinates": [-156, -66]}}, {"type": "Feature", "properties": {"name": "p6505", "val": 6505}, "geometry": {"type": "Point", "coordinates": [-155, -65]}}, {"type": "Feature", "properties": {"name": "p6506", "val": 6506}, "geometry": {"type": "Point", "coordinates": [-154, -64]}}, {"type": "Feature", "properties": {"name": "p6507", "val": 6507}, "geometry": {"type": "Point", "coordinates": [-153, -63]}}, {"type": "Feature", "properties": {"name": "p6508", "val": 6508}, "geometry": {"type": "Point", "coordinates": [-152, -62]}}, {"type": "Feature", "properties": {"name": "p6509", "val": 6509}, "geometry": {"type": "Point", "coordinates": [-151, -61]}}, {"type": "Feature", "properties": {"name": "p6510", "val": 6510}, "geometry": {"type": "Point", "coordinates": [-150, -60]}}, {"type": "Feature", "properties": {"name": "p6511", "val": 6511}, "geometry": {"type": "Point", "coordinates": [-149, -59]}}, {"type": "Feature", "properties": {"name": "p6512", "val": 6512}, "geometry": {"type": "Point", "coordinates": [-148, -58]}}, {"type": "Feature", "properties": {"name": "p6513", "val": 6513}, "geometry": {"type": "Point", "coordinates": [-147, -57]}}, {"type": "Feature", "properties": {"name": "p6514", "val": 6514}, "geometry": {"type": "Point", "coordinates": [-146, -56]}}, {"type": "Feature", "properties": {"name": "p6515", "val": 6515}, "geometry": {"type": "Point", "coordinates": [-145, -55]}}, {"type": "Feature", "properties": {"name": "p6516", "val": 6516}, "geometry": {"type": "Point", "coordinates": [-144, -54]}}, {"type": "Feature", "properties": {"name": "p6517", "val": 6517}, "geometry": {"type": "Point", "coordinates": [-143, -53]}}, {"type": "Feature", "properties": {"name": "p6518", "val": 6518}, "geometry": {"type": "Point", "coordinates": [-142, -52]}}, {"type": "Feature", "properties": {"name": "p6519", "val": 6519}, "geometry": {"type": "Point", "coordinates": [-141, -51]}}, {"type": "Feature", "properties": {"name": "p6520", "val": 6520}, "geometry": {"type": "Point", "coordinates": [-140, -50]}}, {"type": "Feature", "properties": {"name": "p6521", "val": 6521}, "geometry": {"type": "Point", "coordinates": [-139, -49]}}, {"type": "Feature", "properties": {"name": "p6522", "val": 6522}, "geometry": {"type": "Point", "coordinates": [-138, -48]}}, {"type": "Feature", "properties": {"name": "p6523", "val": 6523}, "geometry": {"type": "Point", "coordinates": [-137, -47]}}, {"type": "Feature", "properties": {"name": "p6524", "val": 6524}, "geometry": {"type": "Point", "coordinates": [-136, -46]}}, {"type": "Feature", "properties": {"name": "p6525", "val": 6525}, "geometry": {"type": "Point", "coordinates": [-135, -45]}}, {"type": "Feature", "properties": {"name": "p6526", "val": 6526}, "geometry": {"type": "Point", "coordinates": [-134, -44]}}, {"type": "Feature", "properties": {"name": "p6527", "val": 6527}, "geometry": {"type": "Point", "coordinates": [-133, -43]}}, {"type": "Feature", "properties": {"name": "p6528", "val": 6528}, "geometry": {"type": "Point", "coordinates": [-132, -42]}}, {"type": "Feature", "properties": {"name": "p6529", "val": 6529}, "geometry": {"type": "Point", "coordinates": [-131, -41]}}, {"type": "Feature", "properties": {"name": "p6530", "val": 6530}, "geometry": {"type": "Point", "coordinates": [-130, -40]}}, {"type": "Feature", "properties": {"name": "p6531", "val": 6531}, "geometry": {"type": "Point", "coordinates": [-129, -39]}}, {"type": "Feature", "properties": {"name": "p6532", "val": 6532}, "geometry": {"type": "Point", "coordinates": [-128, -38]}}, {"type": "Feature", "properties": {"name": "p6533", "val": 6533}, "geometry": {"type": "Point", "coordinates": [-127, -37]}}, {"type": "Feature", "properties": {"name": "p6534", "val": 6534}, "geometry": {"type": "Point", "coordinates": [-126, -36]}}, {"type": "Feature", "properties": {"name": "p6535", "val": 6535}, "geometry": {"type": "Point", "coordinates": [-125, -35]}}, {"type": "Feature", "properties": {"name": "p6536", "val": 6536}, "geometry": {"type": "Point", "coordinates": [-124, -34]}}, {"type": "Feature", "properties": {"name": "p6537", "val": 6537}, "geometry": {"type": "Point", "coordinates": [-123, -33]}}, {"type": "Feature", "properties": {"name": "p6538", "val": 6538}, "geometry": {"type": "Point", "coordinates": [-122, -32]}}, {"type": "Feature", "properties": {"name": "p6539", "val": 6539}, "geometry": {"type": "Point", "coordinates": [-121, -31]}}, {"type": "Feature", "properties": {"name": "p6540", "val": 6540}, "geometry": {"type": "Point", "coordinates": [-120, -30]}}, {"type": "Feature", "properties": {"name": "p6541", "val": 6541}, "geometry": {"type": "Point", "coordinates": [-119, -29]}}, {"type": "Feature", "properties": {"name": "p6542", "val": 6542}, "geometry": {"type": "Point", "coordinates": [-118, -28]}}, {"type": "Feature", "properties": {"name": "p6543", "val": 6543}, "geometry": {"type": "Point", "coordinates": [-117, -27]}}, {"type": "Feature", "properties": {"name": "p6544", "val": 6544}, "geometry": {"type": "Point", "coordinates": [-116, -26]}}, {"type": "Feature", "properties": {"name": "p6545", "val": 6545}, "geometry": {"type": "Point", "coordinates": [-115, -25]}}, {"type": "Feature", "properties": {"name": "p6546", "val": 6546}, "geometry": {"type": "Point", "coordinates": [-114, -24]}}, {"type": "Feature", "properties": {"name": "p6547", "val": 6547}, "geometry": {"type": "Point", "coordinates": [-113, -23]}}, {"type": "Feature", "properties": {"name": "p6548", "val": 6548}, "geometry": {"type": "Point", "coordinates": [-112, -22]}}, {"type": "Feature", "properties": {"name": "p6549", "val": 6549}, "geometry": {"type": "Point", "coordinates": [-111, -21]}}, {"type": "Feature", "properties": {"name": "p6550", "val": 6550}, "geometry": {"type": "Point", "coordinates": [-110, -20]}}, {"type": "Feature", "properties": {"name": "p6551", "val": 6551}, "geometry": {"type": "Point", "coordinates": [-109, -19]}}, {"type": "Feature", "properties": {"name": "p6552", "val": 6552}, "geometry": {"type": "Point", "coordinates": [-108, -18]}}, {"type": "Feature", "properties": {"name": "p6553", "val": 6553}, "geometry": {"type": "Point", "coordinates": [-107, -17]}}, {"type": "Feature", "properties": {"name": "p6554", "val": 6554}, "geometry": {"type": "Point", "coordinates": [-106, -16]}}, {"type": "Feature", "properties": {"name": "p6555", "val": 6555}, "geometry": {"type": "Point", "coordinates": [-105, -15]}}, {"type": "Feature", "properties": {"name": "p6556", "val": 6556}, "geometry": {"type": "Point", "coordinates": [-104, -14]}}, {"type": "Feature", "properties": {"name": "p6557", "val": 6557}, "geometry": {"type": "Point", "coordinates": [-103, -13]}}, {"type": "Feature", "properties": {"name": "p6558", "val": 6558}, "geometry": {"type": "Point", "coordinates": [-102, -12]}}, {"type": "Feature", "properties": {"name": "p6559", "val": 6559}, "geometry": {"type": "Point", "coordinates": [-101, -11]}}, {"type": "Feature", "properties": {"name": "p6560", "val": 6560}, "geometry": {"type": "Point", "coordinates": [-100, -10]}}, {"type": "Feature", "properties": {"name": "p6561", "val": 6561}, "geometry": {"type": "Point", "coordinates": [-99, -9]}}, {"type": "Feature", "properties": {"name": "p6562", "val": 6562}, "geometry": {"type": "Point", "coordinates": [-98, -8]}}, {"type": "Feature", "properties": {"name": "p6563", "val": 6563}, "geometry": {"type": "Point", "coordinates": [-97, -7]}}, {"type": "Feature", "properties": {"name": "p6564", "val": 6564}, "geometry": {"type": "Point", "coordinates": [-96, -6]}}, {"type": "Feature", "properties": {"name": "p6565", "val": 6565}, "geometry": {"type": "Point", "coordinates": [-95, -5]}}, {"type": "Feature", "properties": {"name": "p6566", "val": 6566}, "geometry": {"type": "Point", "coordinates": [-94, -4]}}, {"type": "Feature", "properties": {"name": "p6567", "val": 6567}, "geometry": {"type": "Point", "coordinates": [-93, -3]}}, {"type": "Feature", "properties": {"name": "p6568", "val": 6568}, "geometry": {"type": "Point", "coordinates": [-92, -2]}}, {"type": "Feature", "properties": {"name": "p6569", "val": 6569}, "geometry": {"type": "Point", "coordinates": [-91, -1]}}, {"type": "Feature", "properties": {"name": "p6570", "val": 6570}, "geometry": {"type": "Point", "coordinates": [-90, 0]}}, {"type": "Feature", "properties": {"name": "p6571", "val": 6571}, "geometry": {"type": "Point", "coordinates": [-89, 1]}}, {"type": "Feature", "properties": {"name": "p6572", "val": 6572}, "geometry": {"type": "Point", "coordinates": [-88, 2]}}, {"type": "Feature", "properties": {"name": "p6573", "val": 6573}, "geometry": {"type": "Point", "coordinates": [-87, 3]}}, {"type": "Feature", "properties": {"name": "p6574", "val": 6574}, "geometry": {"type": "Point", "coordinates": [-86, 4]}}, {"type": "Feature", "properties": {"name": "p6575", "val": 6575}, "geometry": {"type": "Point", "coordinates": [-85, 5]}}, {"type": "Feature", "properties": {"name": "p6576", "val": 6576}, "geometry": {"type": "Point", "coordinates": [-84, 6]}}, {"type": "Feature", "properties": {"name": "p6577", "val": 6577}, "geometry": {"type": "Point", "coordinates": [-83, 7]}}, {"type": "Feature", "properties": {"name": "p6578", "val": 6578}, "geometry": {"type": "Point", "coordinates": [-82, 8]}}, {"type": "Feature", "properties": {"name": "p6579", "val": 6579}, "geometry": {"type": "Point", "coordinates": [-81, 9]}}, {"type": "Feature", "properties": {"name": "p6580", "val": 6580}, "geometry": {"type": "Point", "coordinates": [-80, 10]}}, {"type": "Feature", "properties": {"name": "p6581", "val": 6581}, "geometry": {"type": "Point", "coordinates": [-79, 11]}}, {"type": "Feature", "properties": {"name": "p6582", "val": 6582}, "geometry": {"type": "Point", "coordinates": [-78, 12]}}, {"type": "Feature", "properties": {"name": "p6583", "val": 6583}, "geometry": {"type": "Point", "coordinates": [-77, 13]}}, {"type": "Feature", "properties": {"name": "p6584", "val": 6584}, "geometry": {"type": "Point", "coordinates": [-76, 14]}}, {"type": "Feature", "properties": {"name": "p6585", "val": 6585}, "geometry": {"type": "Point", "coordinates": [-75, 15]}}, {"type": "Feature", "properties": {"name": "p6586", "val": 6586}, "geometry": {"type": "Point", "coordinates": [-74, 16]}}, {"type": "Feature", "properties": {"name": "p6587", "val": 6587}, "geometry": {"type": "Point", "coordinates": [-73, 17]}}, {"type": "Feature", "properties": {"name": "p6588", "val": 6588}, "geometry": {"type": "Point", "coordinates": [-72, 18]}}, {"type": "Feature", "properties": {"name": "p6589", "val": 6589}, "geometry": {"type": "Point", "coordinates": [-71, 19]}}, {"type": "Feature", "properties": {"name": "p6590", "val": 6590}, "geometry": {"type": "Point", "coordinates": [-70, 20]}}, {"type": "Feature", "properties": {"name": "p6591", "val": 6591}, "geometry": {"type": "Point", "coordinates": [-69, 21]}}, {"type": "Feature", "properties": {"name": "p6592", "val": 6592}, "geometry": {"type": "Point", "coordinates": [-68, 22]}}, {"type": "Feature", "properties": {"name": "p6593", "val": 6593}, "geometry": {"type": "Point", "coordinates": [-67, 23]}}, {"type": "Feature", "properties": {"name": "p6594", "val": 6594}, "geometry": {"type": "Point", "coordinates": [-66, 24]}}, {"type": "Feature", "properties": {"name": "p6595", "val": 6595}, "geometry": {"type": "Point", "coordinates": [-65, 25]}}, {"type": "Feature", "properties": {"name": "p6596", "val": 6596}, "geometry": {"type": "Point", "coordinates": [-64, 26]}}, {"type": "Feature", "properties": {"name": "p6597", "val": 6597}, "geometry": {"type": "Point", "coordinates": [-63, 27]}}, {"type": "Feature", "properties": {"name": "p6598", "val": 6598}, "geometry": {"type": "Point", "coordinates": [-62, 28]}}, {"type": "Feature", "properties": {"name": "p6599", "val": 6599}, "geometry": {"type": "Point", "coordinates": [-61, 29]}}, {"type": "Feature", "properties": {"name": "p6600", "val": 6600}, "geometry": {"type": "Point", "coordinates": [-60, 30]}}, {"type": "Feature", "properties": {"name": "p6601", "val": 6601}, "geometry": {"type": "Point", "coordinates": [-59, 31]}}, {"type": "Feature", "properties": {"name": "p6602", "val": 6602}, "geometry": {"type": "Point", "coordinates": [-58, 32]}}, {"type": "Feature", "properties": {"name": "p6603", "val": 6603}, "geometry": {"type": "Point", "coordinates": [-57, 33]}}, {"type": "Feature", "properties": {"name": "p6604", "val": 6604}, "geometry": {"type": "Point", "coordinates": [-56, 34]}}, {"type": "Feature", "properties": {"name": "p6605", "val": 6605}, "geometry": {"type": "Point", "coordinates": [-55, 35]}}, {"type": "Feature", "properties": {"name": "p6606", "val": 6606}, "geometry": {"type": "Point", "coordinates": [-54, 36]}}, {"type": "Feature", "properties": {"name": "p6607", "val": 6607}, "geometry": {"type": "Point", "coordinates": [-53, 37]}}, {"type": "Feature", "properties": {"name": "p6608", "val": 6608}, "geometry": {"type": "Point", "coordinates": [-52, 38]}}, {"type": "Feature", "properties": {"name": "p6609", "val": 6609}, "geometry": {"type": "Point", "coordinates": [-51, 39]}}, {"type": "Feature", "properties": {"name": "p6610", "val": 6610}, "geometry": {"type": "Point", "coordinates": [-50, 40]}}, {"type": "Feature", "properties": {"name": "p6611", "val": 6611}, "geometry": {"type": "Point", "coordinates": [-49, 41]}}, {"type": "Feature", "properties": {"name": "p6612", "val": 6612}, "geometry": {"type": "Point", "coordinates": [-48, 42]}}, {"type": "Feature", "properties": {"name": "p6613", "val": 6613}, "geometry": {"type": "Point", "coordinates": [-47, 43]}}, {"type": "Feature", "properties": {"name": "p6614", "val": 6614}, "geometry": {"type": "Point", "coordinates": [-46, 44]}}, {"type": "Feature", "properties": {"name": "p6615", "val": 6615}, "geometry": {"type": "Point", "coordinates": [-45, 45]}}, {"type": "Feature", "properties": {"name": "p6616", "val": 6616}, "geometry": {"type": "Point", "coordinates": [-44, 46]}}, {"type": "Feature", "properties": {"name": "p6617", "val": 6617}, "geometry": {"type": "Point", "coordinates": [-43, 47]}}, {"type": "Feature", "properties": {"name": "p6618", "val": 6618}, "geometry": {"type": "Point", "coordinates": [-42, 48]}}, {"type": "Feature", "properties": {"name": "p6619", "val": 6619}, "geometry": {"type": "Point", "coordinates": [-41, 49]}}, {"type": "Feature", "properties": {"name": "p6620", "val": 6620}, "geometry": {"type": "Point", "coordinates": [-40, 50]}}, {"type": "Feature", "properties": {"name": "p6621", "val": 6621}, "geometry": {"type": "Point", "coordinates": [-39, 51]}}, {"type": "Feature", "properties": {"name": "p6622", "val": 6622}, "geometry": {"type": "Point", "coordinates": [-38, 52]}}, {"type": "Feature", "properties": {"name": "p6623", "val": 6623}, "geometry": {"type": "Point", "coordinates": [-37, 53]}}, {"type": "Feature", "properties": {"name": "p6624", "val": 6624}, "geometry": {"type": "Point", "coordinates": [-36, 54]}}, {"type": "Feature", "properties": {"name": "p6625", "val": 6625}, "geometry": {"type": "Point", "coordinates": [-35, 55]}}, {"type": "Feature", "properties": {"name": "p6626", "val": 6626}, "geometry": {"type": "Point", "coordinates": [-34, 56]}}, {"type": "Feature", "properties": {"name": "p6627", "val": 6627}, "geometry": {"type": "Point", "coordinates": [-33, 57]}}, {"type": "Feature", "properties": {"name": "p6628", "val": 6628}, "geometry": {"type": "Point", "coordinates": [-32, 58]}}, {"type": "Feature", "properties": {"name": "p6629", "val": 6629}, "geometry": {"type": "Point", "coordinates": [-31, 59]}}, {"type": "Feature", "properties": {"name": "p6630", "val": 6630}, "geometry": {"type": "Point", "coordinates": [-30, 60]}}, {"type": "Feature", "properties": {"name": "p6631", "val": 6631}, "geometry": {"type": "Point", "coordinates": [-29, 61]}}, {"type": "Feature", "properties": {"name": "p6632", "val": 6632}, "geometry": {"type": "Point", "coordinates": [-28, 62]}}, {"type": "Feature", "properties": {"name": "p6633", "val": 6633}, "geometry": {"type": "Point", "coordinates": [-27, 63]}}, {"type": "Feature", "properties": {"name": "p6634", "val": 6634}, "geometry": {"type": "Point", "coordinates": [-26, 64]}}, {"type": "Feature", "properties": {"name": "p6635", "val": 6635}, "geometry": {"type": "Point", "coordinates": [-25, 65]}}, {"type": "Feature", "properties": {"name": "p6636", "val": 6636}, "geometry": {"type": "Point", "coordinates": [-24, 66]}}, {"type": "Feature", "properties": {"name": "p6637", "val": 6637}, "geometry": {"type": "Point", "coordinates": [-23, 67]}}, {"type": "Feature", "properties": {"name": "p6638", "val": 6638}, "geometry": {"type": "Point", "coordinates": [-22, 68]}}, {"type": "Feature", "properties": {"name": "p6639", "val": 6639}, "geometry": {"type": "Point", "coordinates": [-21, 69]}}, {"type": "Feature", "properties": {"name": "p6640", "val": 6640}, "geometry": {"type": "Point", "coordinates": [-20, 70]}}, {"type": "Feature", "properties": {"name": "p6641", "val": 6641}, "geometry": {"type": "Point", "coordinates": [-19, 71]}}, {"type": "Feature", "properties": {"name": "p6642", "val": 6642}, "geometry": {"type": "Point", "coordinates": [-18, 72]}}, {"type": "Feature", "properties": {"name": "p6643", "val": 6643}, "geometry": {"type": "Point", "coordinates": [-17, 73]}}, {"type": "Feature", "properties": {"name": "p6644", "val": 6644}, "geometry": {"type": "Point", "coordinates": [-16, 74]}}, {"type": "Feature", "properties": {"name": "p6645", "val": 6645}, "geometry": {"type": "Point", "coordinates": [-15, 75]}}, {"type": "Feature", "properties": {"name": "p6646", "val": 6646}, "geometry": {"type": "Point", "coordinates": [-14, 76]}}, {"type": "Feature", "properties": {"name": "p6647", "val": 6647}, "geometry": {"type": "Point", "coordinates": [-13, 77]}}, {"type": "Feature", "properties": {"name": "p6648", "val": 6648}, "geometry": {"type": "Point", "coordinates": [-12, 78]}}, {"type": "Feature", "properties": {"name": "p6649", "val": 6649}, "geometry": {"type": "Point", "coordinates": [-11, 79]}}, {"type": "Feature", "properties": {"name": "p6650", "val": 6650}, "geometry": {"type": "Point", "coordinates": [-10, 80]}}, {"type": "Feature", "properties": {"name": "p6651", "val": 6651}, "geometry": {"type": "Point", "coordinates": [-9, 81]}}, {"type": "Feature", "properties": {"name": "p6652", "val": 6652}, "geometry": {"type": "Point", "coordinates": [-8, 82]}}, {"type": "Feature", "properties": {"name": "p6653", "val": 6653}, "geometry": {"type": "Point", "coordinates": [-7, 83]}}, {"type": "Feature", "properties": {"name": "p6654", "val": 6654}, "geometry": {"type": "Point", "coordinates": [-6, 84]}}, {"type": "Feature", "properties": {"name": "p6655", "val": 6655}, "geometry": {"type": "Point", "coordinates": [-5, 85]}}, {"type": "Feature", "properties": {"name": "p6656", "val": 6656}, "geometry": {"type": "Point", "coordinates": [-4, 86]}}, {"type": "Feature", "properties": {"name": "p6657", "val": 6657}, "geometry": {"type": "Point", "coordinates": [-3, 87]}}, {"type": "Feature", "properties": {"name": "p6658", "val": 6658}, "geometry": {"type": "Point", "coordinates": [-2, 88]}}, {"type": "Feature", "properties": {"name": "p6659", "val": 6659}, "geometry": {"type": "Point", "coordinates": [-1, 89]}}, {"type": "Feature", "properties": {"name": "p6660", "val": 6660}, "geometry": {"type": "Point", "coordinates": [0, -90]}}, {"type": "Feature", "properties": {"name": "p6661", "val": 6661}, "geometry": {"type": "Point", "coordinates": [1, -89]}}, {"type": "Feature", "properties": {"name": "p6662", "val": 6662}, "geometry": {"type": "Point", "coordinates": [2, -88]}}, {"type": "Feature", "properties": {"name": "p6663", "val": 6663}, "geometry": {"type": "Point", "coordinates": [3, -87]}}, {"type": "Feature", "properties": {"name": "p6664", "val": 6664}, "geometry": {"type": "Point", "coordinates": [4, -86]}}, {"type": "Feature", "properties": {"name": "p6665", "val": 6665}, "geometry": {"type": "Point", "coordinates": [5, -85]}}, {"type": "Feature", "properties": {"name": "p6666", "val": 6666}, "geometry": {"type": "Point", "coordinates": [6, -84]}}, {"type": "Feature", "properties": {"name": "p6667", "val": 6667}, "geometry": {"type": "Point", "coordinates": [7, -83]}}, {"type": "Feature", "properties": {"name": "p6668", "val": 6668}, "geometry": {"type": "Point", "coordinates": [8, -82]}}, {"type": "Feature", "properties": {"name": "p6669", "val": 6669}, "geometry": {"type": "Point", "coordinates": [9, -81]}}, {"type": "Feature", "properties": {"name": "p6670", "val": 6670}, "geometry": {"type": "Point", "coordinates": [10, -80]}}, {"type": "Feature", "properties": {"name": "p6671", "val": 6671}, "geometry": {"type": "Point", "coordinates": [11, -79]}}, {"type": "Feature", "properties": {"name": "p6672", "val": 6672}, "geometry": {"type": "Point", "coordinates": [12, -78]}}, {"type": "Feature", "properties": {"name": "p6673", "val": 6673}, "geometry": {"type": "Point", "coordinates": [13, -77]}}, {"type": "Feature", "properties": {"name": "p6674", "val": 6674}, "geometry": {"type": "Point", "coordinates": [14, -76]}}, {"type": "Feature", "properties": {"name": "p6675", "val": 6675}, "geometry": {"type": "Point", "coordinates": [15, -75]}}, {"type": "Feature", "properties": {"name": "p6676", "val": 6676}, "geometry": {"type": "Point", "coordinates": [16, -74]}}, {"type": "Feature", "properties": {"name": "p6677", "val": 6677}, "geometry": {"type": "Point", "coordinates": [17, -73]}}, {"type": "Feature", "properties": {"name": "p6678", "val": 6678}, "geometry": {"type": "Point", "coordinates": [18, -72]}}, {"type": "Feature", "properties": {"name": "p6679", "val": 6679}, "geometry": {"type": "Point", "coordinates": [19, -71]}}, {"type": "Feature", "properties": {"name": "p6680", "val": 6680}, "geometry": {"type": "Point", "coordinates": [20, -70]}}, {"type": "Feature", "properties": {"name": "p6681", "val": 6681}, "geometry": {"type": "Point", "coordinates": [21, -69]}}, {"type": "Feature", "properties": {"name": "p6682", "val": 6682}, "geometry": {"type": "Point", "coordinates": [22, -68]}}, {"type": "Feature", "properties": {"name": "p6683", "val": 6683}, "geometry": {"type": "Point", "coordinates": [23, -67]}}, {"type": "Feature", "properties": {"name": "p6684", "val": 6684}, "geometry": {"type": "Point", "coordinates": [24, -66]}}, {"type": "Feature", "properties": {"name": "p6685", "val": 6685}, "geometry": {"type": "Point", "coordinates": [25, -65]}}, {"type": "Feature", "properties": {"name": "p6686", "val": 6686}, "geometry": {"type": "Point", "coordinates": [26, -64]}}, {"type": "Feature", "properties": {"name": "p6687", "val": 6687}, "geometry": {"type": "Point", "coordinates": [27, -63]}}, {"type": "Feature", "properties": {"name": "p6688", "val": 6688}, "geometry": {"type": "Point", "coordinates": [28, -62]}}, {"type": "Feature", "properties": {"name": "p6689", "val": 6689}, "geometry": {"type": "Point", "coordinates": [29, -61]}}, {"type": "Feature", "properties": {"name": "p6690", "val": 6690}, "geometry": {"type": "Point", "coordinates": [30, -60]}}, {"type": "Feature", "properties": {"name": "p6691", "val": 6691}, "geometry": {"type": "Point", "coordinates": [31, -59]}}, {"type": "Feature", "properties": {"name": "p6692", "val": 6692}, "geometry": {"type": "Point", "coordinates": [32, -58]}}, {"type": "Feature", "properties": {"name": "p6693", "val": 6693}, "geometry": {"type": "Point", "coordinates": [33, -57]}}, {"type": "Feature", "properties": {"name": "p6694", "val": 6694}, "geometry": {"type": "Point", "coordinates": [34, -56]}}, {"type": "Feature", "properties": {"name": "p6695", "val": 6695}, "geometry": {"type": "Point", "coordinates": [35, -55]}}, {"type": "Feature", "properties": {"name": "p6696", "val": 6696}, "geometry": {"type": "Point", "coordinates": [36, -54]}}, {"type": "Feature", "properties": {"name": "p6697", "val": 6697}, "geometry": {"type": "Point", "coordinates": [37, -53]}}, {"type": "Feature", "properties": {"name": "p6698", "val": 6698}, "geometry": {"type": "Point", "coordinates": [38, -52]}}, {"type": "Feature", "properties": {"name": "p6699", "val": 6699}, "geometry": {"type": "Point", "coordinates": [39, -51]}}, {"type": "Feature", "properties": {"name": "p6700", "val": 6700}, "geometry": {"type": "Point", "coordinates": [40, -50]}}, {"type": "Feature", "properties": {"name": "p6701", "val": 6701}, "geometry": {"type": "Point", "coordinates": [41, -49]}}, {"type": "Feature", "properties": {"name": "p6702", "val": 6702}, "geometry": {"type": "Point", "coordinates": [42, -48]}}, {"type": "Feature", "properties": {"name": "p6703", "val": 6703}, "geometry": {"type": "Point", "coordinates": [43, -47]}}, {"type": "Feature", "properties": {"name": "p6704", "val": 6704}, "geometry": {"type": "Point", "coordinates": [44, -46]}}, {"type": "Feature", "properties": {"name": "p6705", "val": 6705}, "geometry": {"type": "Point", "coordinates": [45, -45]}}, {"type": "Feature", "properties": {"name": "p6706", "val": 6706}, "geometry": {"type": "Point", "coordinates": [46, -44]}}, {"type": "Feature", "properties": {"name": "p6707", "val": 6707}, "geometry": {"type": "Point", "coordinates": [47, -43]}}, {"type": "Feature", "properties": {"name": "p6708", "val": 6708}, "geometry": {"type": "Point", "coordinates": [48, -42]}}, {"type": "Feature", "properties": {"name": "p6709", "val": 6709}, "geometry": {"type": "Point", "coordinates": [49, -41]}}, {"type": "Feature", "properties": {"name": "p6710", "val": 6710}, "geometry": {"type": "Point", "coordinates": [50, -40]}}, {"type": "Feature", "properties": {"name": "p6711", "val": 6711}, "geometry": {"type": "Point", "coordinates": [51, -39]}}, {"type": "Feature", "properties": {"name": "p6712", "val": 6712}, "geometry": {"type": "Point", "coordinates": [52, -38]}}, {"type": "Feature", "properties": {"name": "p6713", "val": 6713}, "geometry": {"type": "Point", "coordinates": [53, -37]}}, {"type": "Feature", "properties": {"name": "p6714", "val": 6714}, "geometry": {"type": "Point", "coordinates": [54, -36]}}, {"type": "Feature", "properties": {"name": "p6715", "val": 6715}, "geometry": {"type": "Point", "coordinates": [55, -35]}}, {"type": "Feature", "properties": {"name": "p6716", "val": 6716}, "geometry": {"type": "Point", "coordinates": [56, -34]}}, {"type": "Feature", "properties": {"name": "p6717", "val": 6717}, "geometry": {"type": "Point", "coordinates": [57, -33]}}, {"type": "Feature", "properties": {"name": "p6718", "val": 6718}, "geometry": {"type": "Point", "coordinates": [58, -32]}}, {"type": "Feature", "properties": {"name": "p6719", "val": 6719}, "geometry": {"type": "Point", "coordinates": [59, -31]}}, {"type": "Feature", "properties": {"name": "p6720", "val": 6720}, "geometry": {"type": "Point", "coordinates": [60, -30]}}, {"type": "Feature", "properties": {"name": "p6721", "val": 6721}, "geometry": {"type": "Point", "coordinates": [61, -29]}}, {"type": "Feature", "properties": {"name": "p6722", "val": 6722}, "geometry": {"type": "Point", "coordinates": [62, -28]}}, {"type": "Feature", "properties": {"name": "p6723", "val": 6723}, "geometry": {"type": "Point", "coordinates": [63, -27]}}, {"type": "Feature", "properties": {"name": "p6724", "val": 6724}, "geometry": {"type": "Point", "coordinates": [64, -26]}}, {"type": "Feature", "properties": {"name": "p6725", "val": 6725}, "geometry": {"type": "Point", "coordinates": [65, -25]}}, {"type": "Feature", "properties": {"name": "p6726", "val": 6726}, "geometry": {"type": "Point", "coordinates": [66, -24]}}, {"type": "Feature", "properties": {"name": "p6727", "val": 6727}, "geometry": {"type": "Point", "coordinates": [67, -23]}}, {"type": "Feature", "properties": {"name": "p6728", "val": 6728}, "geometry": {"type": "Point", "coordinates": [68, -22]}}, {"type": "Feature", "properties": {"name": "p6729", "val": 6729}, "geometry": {"type": "Point", "coordinates": [69, -21]}}, {"type": "Feature", "properties": {"name": "p6730", "val": 6730}, "geometry": {"type": "Point", "coordinates": [70, -20]}}, {"type": "Feature", "properties": {"name": "p6731", "val": 6731}, "geometry": {"type": "Point", "coordinates": [71, -19]}}, {"type": "Feature", "properties": {"name": "p6732", "val": 6732}, "geometry": {"type": "Point", "coordinates": [72, -18]}}, {"type": "Feature", "properties": {"name": "p6733", "val": 6733}, "geometry": {"type": "Point", "coordinates": [73, -17]}}, {"type": "Feature", "properties": {"name": "p6734", "val": 6734}, "geometry": {"type": "Point", "coordinates": [74, -16]}}, {"type": "Feature", "properties": {"name": "p6735", "val": 6735}, "geometry": {"type": "Point", "coordinates": [75, -15]}}, {"type": "Feature", "properties": {"name": "p6736", "val": 6736}, "geometry": {"type": "Point", "coordinates": [76, -14]}}, {"type": "Feature", "properties": {"name": "p6737", "val": 6737}, "geometry": {"type": "Point", "coordinates": [77, -13]}}, {"type": "Feature", "properties": {"name": "p6738", "val": 6738}, "geometry": {"type": "Point", "coordinates": [78, -12]}}, {"type": "Feature", "properties": {"name": "p6739", "val": 6739}, "geometry": {"type": "Point", "coordinates": [79, -11]}}, {"type": "Feature", "properties": {"name": "p6740", "val": 6740}, "geometry": {"type": "Point", "coordinates": [80, -10]}}, {"type": "Feature", "properties": {"name": "p6741", "val": 6741}, "geometry": {"type": "Point", "coordinates": [81, -9]}}, {"type": "Feature", "properties": {"name": "p6742", "val": 6742}, "geometry": {"type": "Point", "coordinates": [82, -8]}}, {"type": "Feature", "properties": {"name": "p6743", "val": 6743}, "geometry": {"type": "Point", "coordinates": [83, -7]}}, {"type": "Feature", "properties": {"name": "p6744", "val": 6744}, "geometry": {"type": "Point", "coordinates": [84, -6]}}, {"type": "Feature", "properties": {"name": "p6745", "val": 6745}, "geometry": {"type": "Point", "coordinates": [85, -5]}}, {"type": "Feature", "properties": {"name": "p6746", "val": 6746}, "geometry": {"type": "Point", "coordinates": [86, -4]}}, {"type": "Feature", "properties": {"name": "p6747", "val": 6747}, "geometry": {"type": "Point", "coordinates": [87, -3]}}, {"type": "Feature", "properties": {"name": "p6748", "val": 6748}, "geometry": {"type": "Point", "coordinates": [88, -2]}}, {"type": "Feature", "properties": {"name": "p6749", "val": 6749}, "geometry": {"type": "Point", "coordinates": [89, -1]}}, {"type": "Feature", "properties": {"name": "p6750", "val": 6750}, "geometry": {"type": "Point", "coordinates": [90, 0]}}, {"type": "Feature", "properties": {"name": "p6751", "val": 6751}, "geometry": {"type": "Point", "coordinates": [91, 1]}}, {"type": "Feature", "properties": {"name": "p6752", "val": 6752}, "geometry": {"type": "Point", "coordinates": [92, 2]}}, {"type": "Feature", "properties": {"name": "p6753", "val": 6753}, "geometry": {"type": "Point", "coordinates": [93, 3]}}, {"type": "Feature", "properties": {"name": "p6754", "val": 6754}, "geometry": {"type": "Point", "coordinates": [94, 4]}}, {"type": "Feature", "properties": {"name": "p6755", "val": 6755}, "geometry": {"type": "Point", "coordinates": [95, 5]}}, {"type": "Feature", "properties": {"name": "p6756", "val": 6756}, "geometry": {"type": "Point", "coordinates": [96, 6]}}, {"type": "Feature", "properties": {"name": "p6757", "val": 6757}, "geometry": {"type": "Point", "coordinates": [97, 7]}}, {"type": "Feature", "properties": {"name": "p6758", "val": 6758}, "geometry": {"type": "Point", "coordinates": [98, 8]}}, {"type": "Feature", "properties": {"name": "p6759", "val": 6759}, "geometry": {"type": "Point", "coordinates": [99, 9]}}, {"type": "Feature", "properties": {"name": "p6760", "val": 6760}, "geometry": {"type": "Point", "coordinates": [100, 10]}}, {"type": "Feature", "properties": {"name": "p6761", "val": 6761}, "geometry": {"type": "Point", "coordinates": [101, 11]}}, {"type": "Feature", "properties": {"name": "p6762", "val": 6762}, "geometry": {"type": "Point", "coordinates": [102, 12]}}, {"type": "Feature", "properties": {"name": "p6763", "val": 6763}, "geometry": {"type": "Point", "coordinates": [103, 13]}}, {"type": "Feature", "properties": {"name": "p6764", "val": 6764}, "geometry": {"type": "Point", "coordinates": [104, 14]}}, {"type": "Feature", "properties": {"name": "p6765", "val": 6765}, "geometry": {"type": "Point", "coordinates": [105, 15]}}, {"type": "Feature", "properties": {"name": "p6766", "val": 6766}, "geometry": {"type": "Point", "coordinates": [106, 16]}}, {"type": "Feature", "properties": {"name": "p6767", "val": 6767}, "geometry": {"type": "Point", "coordinates": [107, 17]}}, {"type": "Feature", "properties": {"name": "p6768", "val": 6768}, "geometry": {"type": "Point", "coordinates": [108, 18]}}, {"type": "Feature", "properties": {"name": "p6769", "val": 6769}, "geometry": {"type": "Point", "coordinates": [109, 19]}}, {"type": "Feature", "properties": {"name": "p6770", "val": 6770}, "geometry": {"type": "Point", "coordinates": [110, 20]}}, {"type": "Feature", "properties": {"name": "p6771", "val": 6771}, "geometry": {"type": "Point", "coordinates": [111, 21]}}, {"type": "Feature", "properties": {"name": "p6772", "val": 6772}, "geometry": {"type": "Point", "coordinates": [112, 22]}}, {"type": "Feature", "properties": {"name": "p6773", "val": 6773}, "geometry": {"type": "Point", "coordinates": [113, 23]}}, {"type": "Feature", "properties": {"name": "p6774", "val": 6774}, "geometry": {"type": "Point", "coordinates": [114, 24]}}, {"type": "Feature", "properties": {"name": "p6775", "val": 6775}, "geometry": {"type": "Point", "coordinates": [115, 25]}}, {"type": "Feature", "properties": {"name": "p6776", "val": 6776}, "geometry": {"type": "Point", "coordinates": [116, 26]}}, {"type": "Feature", "properties": {"name": "p6777", "val": 6777}, "geometry": {"type": "Point", "coordinates": [117, 27]}}, {"type": "Feature", "properties": {"name": "p6778", "val": 6778}, "geometry": {"type": "Point", "coordinates": [118, 28]}}, {"type": "Feature", "properties": {"name": "p6779", "val": 6779}, "geometry": {"type": "Point", "coordinates": [119, 29]}}, {"type": "Feature", "properties": {"name": "p6780", "val": 6780}, "geometry": {"type": "Point", "coordinates": [120, 30]}}, {"type": "Feature", "properties": {"name": "p6781", "val": 6781}, "geometry": {"type": "Point", "coordinates": [121, 31]}}, {"type": "Feature", "properties": {"name": "p6782", "val": 6782}, "geometry": {"type": "Point", "coordinates": [122, 32]}}, {"type": "Feature", "properties": {"name": "p6783", "val": 6783}, "geometry": {"type": "Point", "coordinates": [123, 33]}}, {"type": "Feature", "properties": {"name": "p6784", "val": 6784}, "geometry": {"type": "Point", "coordinates": [124, 34]}}, {"type": "Feature", "properties": {"name": "p6785", "val": 6785}, "geometry": {"type": "Point", "coordinates": [125, 35]}}, {"type": "Feature", "properties": {"name": "p6786", "val": 6786}, "geometry": {"type": "Point", "coordinates": [126, 36]}}, {"type": "Feature", "properties": {"name": "p6787", "val": 6787}, "geometry": {"type": "Point", "coordinates": [127, 37]}}, {"type": "Feature", "properties": {"name": "p6788", "val": 6788}, "geometry": {"type": "Point", "coordinates": [128, 38]}}, {"type": "Feature", "properties": {"name": "p6789", "val": 6789}, "geometry": {"type": "Point", "coordinates": [129, 39]}}, {"type": "Feature", "properties": {"name": "p6790", "val": 6790}, "geometry": {"type": "Point", "coordinates": [130, 40]}}, {"type": "Feature", "properties": {"name": "p6791", "val": 6791}, "geometry": {"type": "Point", "coordinates": [131, 41]}}, {"type": "Feature", "properties": {"name": "p6792", "val": 6792}, "geometry": {"type": "Point", "coordinates": [132, 42]}}, {"type": "Feature", "properties": {"name": "p6793", "val": 6793}, "geometry": {"type": "Point", "coordinates": [133, 43]}}, {"type": "Feature", "properties": {"name": "p6794", "val": 6794}, "geometry": {"type": "Point", "coordinates": [134, 44]}}, {"type": "Feature", "properties": {"name": "p6795", "val": 6795}, "geometry": {"type": "Point", "coordinates": [135, 45]}}, {"type": "Feature", "properties": {"name": "p6796", "val": 6796}, "geometry": {"type": "Point", "coordinates": [136, 46]}}, {"type": "Feature", "properties": {"name": "p6797", "val": 6797}, "geometry": {"type": "Point", "coordinates": [137, 47]}}, {"type": "Feature", "properties": {"name": "p6798", "val": 6798}, "geometry": {"type": "Point", "coordinates": [138, 48]}}, {"type": "Feature", "properties": {"name": "p6799", "val": 6799}, "geometry": {"type": "Point", "coordinates": [139, 49]}}, {"type": "Feature", "properties": {"name": "p6800", "val": 6800}, "geometry": {"type": "Point", "coordinates": [140, 50]}}, {"type": "Feature", "properties": {"name": "p6801", "val": 6801}, "geometry": {"type": "Point", "coordinates": [141, 51]}}, {"type": "Feature", "properties": {"name": "p6802", "val": 6802}, "geometry": {"type": "Point", "coordinates": [142, 52]}}, {"type": "Feature", "properties": {"name": "p6803", "val": 6803}, "geometry": {"type": "Point", "coordinates": [143, 53]}}, {"type": "Feature", "properties": {"name": "p6804", "val": 6804}, "geometry": {"type": "Point", "coordinates": [144, 54]}}, {"type": "Feature", "properties": {"name": "p6805", "val": 6805}, "geometry": {"type": "Point", "coordinates": [145, 55]}}, {"type": "Feature", "properties": {"name": "p6806", "val": 6806}, "geometry": {"type": "Point", "coordinates": [146, 56]}}, {"type": "Feature", "properties": {"name": "p6807", "val": 6807}, "geometry": {"type": "Point", "coordinates": [147, 57]}}, {"type": "Feature", "properties": {"name": "p6808", "val": 6808}, "geometry": {"type": "Point", "coordinates": [148, 58]}}, {"type": "Feature", "properties": {"name": "p6809", "val": 6809}, "geometry": {"type": "Point", "coordinates": [149, 59]}}, {"type": "Feature", "properties": {"name": "p6810", "val": 6810}, "geometry": {"type": "Point", "coordinates": [150, 60]}}, {"type": "Feature", "properties": {"name": "p6811", "val": 6811}, "geometry": {"type": "Point", "coordinates": [151, 61]}}, {"type": "Feature", "properties": {"name": "p6812", "val": 6812}, "geometry": {"type": "Point", "coordinates": [152, 62]}}, {"type": "Feature", "properties": {"name": "p6813", "val": 6813}, "geometry": {"type": "Point", "coordinates": [153, 63]}}, {"type": "Feature", "properties": {"name": "p6814", "val": 6814}, "geometry": {"type": "Point", "coordinates": [154, 64]}}, {"type": "Feature", "properties": {"name": "p6815", "val": 6815}, "geometry": {"type": "Point", "coordinates": [155, 65]}}, {"type": "Feature", "properties": {"name": "p6816", "val": 6816}, "geometry": {"type": "Point", "coordinates": [156, 66]}}, {"type": "Feature", "properties": {"name": "p6817", "val": 6817}, "geometry": {"type": "Point", "coordinates": [157, 67]}}, {"type": "Feature", "properties": {"name": "p6818", "val": 6818}, "geometry": {"type": "Point", "coordinates": [158, 68]}}, {"type": "Feature", "properties": {"name": "p6819", "val": 6819}, "geometry": {"type": "Point", "coordinates": [159, 69]}}, {"type": "Feature", "properties": {"name": "p6820", "val": 6820}, "geometry": {"type": "Point", "coordinates": [160, 70]}}, {"type": "Feature", "properties": {"name": "p6821", "val": 6821}, "geometry": {"type": "Point", "coordinates": [161, 71]}}, {"type": "Feature", "properties": {"name": "p6822", "val": 6822}, "geometry": {"type": "Point", "coordinates": [162, 72]}}, {"type": "Feature", "properties": {"name": "p6823", "val": 6823}, "geometry": {"type": "Point", "coordinates": [163, 73]}}, {"type": "Feature", "properties": {"name": "p6824", "val": 6824}, "geometry": {"type": "Point", "coordinates": [164, 74]}}, {"type": "Feature", "properties": {"name": "p6825", "val": 6825}, "geometry": {"type": "Point", "coordinates": [165, 75]}}, {"type": "Feature", "properties": {"name": "p6826", "val": 6826}, "geometry": {"type": "Point", "coordinates": [166, 76]}}, {"type": "Feature", "properties": {"name": "p6827", "val": 6827}, "geometry": {"type": "Point", "coordinates": [167, 77]}}, {"type": "Feature", "properties": {"name": "p6828", "val": 6828}, "geometry": {"type": "Point", "coordinates": [168, 78]}}, {"type": "Feature", "properties": {"name": "p6829", "val": 6829}, "geometry": {"type": "Point", "coordinates": [169, 79]}}, {"type": "Feature", "properties": {"name": "p6830", "val": 6830}, "geometry": {"type": "Point", "coordinates": [170, 80]}}, {"type": "Feature", "properties": {"name": "p6831", "val": 6831}, "geometry": {"type": "Point", "coordinates": [171, 81]}}, {"type": "Feature", "properties": {"name": "p6832", "val": 6832}, "geometry": {"type": "Point", "coordinates": [172, 82]}}, {"type": "Feature", "properties": {"name": "p6833", "val": 6833}, "geometry": {"type": "Point", "coordinates": [173, 83]}}, {"type": "Feature", "properties": {"name": "p6834", "val": 6834}, "geometry": {"type": "Point", "coordinates": [174, 84]}}, {"type": "Feature", "properties": {"name": "p6835", "val": 6835}, "geometry": {"type": "Point", "coordinates": [175, 85]}}, {"type": "Feature", "properties": {"name": "p6836", "val": 6836}, "geometry": {"type": "Point", "coordinates": [176, 86]}}, {"type": "Feature", "properties": {"name": "p6837", "val": 6837}, "geometry": {"type": "Point", "coordinates": [177, 87]}}, {"type": "Feature", "properties": {"name": "p6838", "val": 6838}, "geometry": {"type": "Point", "coordinates": [178, 88]}}, {"type": "Feature", "properties": {"name": "p6839", "val": 6839}, "geometry": {"type": "Point", "coordinates": [179, 89]}}, {"type": "Feature", "properties": {"name": "p6840", "val": 6840}, "geometry": {"type": "Point", "coordinates": [-180, -90]}}, {"type": "Feature", "properties": {"name": "p6841", "val": 6841}, "geometry": {"type": "Point", "coordinates": [-179, -89]}}, {"type": "Feature", "properties": {"name": "p6842", "val": 6842}, "geometry": {"type": "Point", "coordinates": [-178, -88]}}, {"type": "Feature", "properties": {"name": "p6843", "val": 6843}, "geometry": {"type": "Point", "coordinates": [-177, -87]}}, {"type": "Feature", "properties": {"name": "p6844", "val": 6844}, "geometry": {"type": "Point", "coordinates": [-176, -86]}}, {"type": "Feature", "properties": {"name": "p6845", "val": 6845}, "geometry": {"type": "Point", "coordinates": [-175, -85]}}, {"type": "Feature", "properties": {"name": "p6846", "val": 6846}, "geometry": {"type": "Point", "coordinates": [-174, -84]}}, {"type": "Feature", "properties": {"name": "p6847", "val": 6847}, "geometry": {"type": "Point", "coordinates": [-173, -83]}}, {"type": "Feature", "properties": {"name": "p6848", "val": 6848}, "geometry": {"type": "Point", "coordinates": [-172, -82]}}, {"type": "Feature", "properties": {"name": "p6849", "val": 6849}, "geometry": {"type": "Point", "coordinates": [-171, -81]}}, {"type": "Feature", "properties": {"name": "p6850", "val": 6850}, "geometry": {"type": "Point", "coordinates": [-170, -80]}}, {"type": "Feature", "properties": {"name": "p6851", "val": 6851}, "geometry": {"type": "Point", "coordinates": [-169, -79]}}, {"type": "Feature", "properties": {"name": "p6852", "val": 6852}, "geometry": {"type": "Point", "coordinates": [-168, -78]}}, {"type": "Feature", "properties": {"name": "p6853", "val": 6853}, "geometry": {"type": "Point", "coordinates": [-167, -77]}}, {"type": "Feature", "properties": {"name": "p6854", "val": 6854}, "geometry": {"type": "Point", "coordinates": [-166, -76]}}, {"type": "Feature", "properties": {"name": "p6855", "val": 6855}, "geometry": {"type": "Point", "coordinates": [-165, -75]}}, {"type": "Feature", "properties": {"name": "p6856", "val": 6856}, "geometry": {"type": "Point", "coordinates": [-164, -74]}}, {"type": "Feature", "properties": {"name": "p6857", "val": 6857}, "geometry": {"type": "Point", "coordinates": [-163, -73]}}, {"type": "Feature", "properties": {"name": "p6858", "val": 6858}, "geometry": {"type": "Point", "coordinates": [-162, -72]}}, {"type": "Feature", "properties": {"name": "p6859", "val": 6859}, "geometry": {"type": "Point", "coordinates": [-161, -71]}}, {"type": "Feature", "properties": {"name": "p6860", "val": 6860}, "geometry": {"type": "Point", "coordinates": [-160, -70]}}, {"type": "Feature", "properties": {"name": "p6861", "val": 6861}, "geometry": {"type": "Point", "coordinates": [-159, -69]}}, {"type": "Feature", "properties": {"name": "p6862", "val": 6862}, "geometry": {"type": "Point", "coordinates": [-158, -68]}}, {"type": "Feature", "properties": {"name": "p6863", "val": 6863}, "geometry": {"type": "Point", "coordinates": [-157, -67]}}, {"type": "Feature", "properties": {"name": "p6864", "val": 6864}, "geometry": {"type": "Point", "coordinates": [-156, -66]}}, {"type": "Feature", "properties": {"name": "p6865", "val": 6865}, "geometry": {"type": "Point", "coordinates": [-155, -65]}}, {"type": "Feature", "properties": {"name": "p6866", "val": 6866}, "geometry": {"type": "Point", "coordinates": [-154, -64]}}, {"type": "Feature", "properties": {"name": "p6867", "val": 6867}, "geometry": {"type": "Point", "coordinates": [-153, -63]}}, {"type": "Feature", "properties": {"name": "p6868", "val": 6868}, "geometry": {"type": "Point", "coordinates": [-152, -62]}}, {"type": "Feature", "properties": {"name": "p6869", "val": 6869}, "geometry": {"type": "Point", "coordinates": [-151, -61]}}, {"type": "Feature", "properties": {"name": "p6870", "val": 6870}, "geometry": {"type": "Point", "coordinates": [-150, -60]}}, {"type": "Feature", "properties": {"name": "p6871", "val": 6871}, "geometry": {"type": "Point", "coordinates": [-149, -59]}}, {"type": "Feature", "properties": {"name": "p6872", "val": 6872}, "geometry": {"type": "Point", "coordinates": [-148, -58]}}, {"type": "Feature", "properties": {"name": "p6873", "val": 6873}, "geometry": {"type": "Point", "coordinates": [-147, -57]}}, {"type": "Feature", "properties": {"name": "p6874", "val": 6874}, "geometry": {"type": "Point", "coordinates": [-146, -56]}}, {"type": "Feature", "properties": {"name": "p6875", "val": 6875}, "geometry": {"type": "Point", "coordinates": [-145, -55]}}, {"type": "Feature", "properties": {"name": "p6876", "val": 6876}, "geometry": {"type": "Point", "coordinates": [-144, -54]}}, {"type": "Feature", "properties": {"name": "p6877", "val": 6877}, "geometry": {"type": "Point", "coordinates": [-143, -53]}}, {"type": "Feature", "properties": {"name": "p6878", "val": 6878}, "geometry": {"type": "Point", "coordinates": [-142, -52]}}, {"type": "Feature", "properties": {"name": "p6879", "val": 6879}, "geometry": {"type": "Point", "coordinates": [-141, -51]}}, {"type": "Feature", "properties": {"name": "p6880", "val": 6880}, "geometry": {"type": "Point", "coordinates": [-140, -50]}}, {"type": "Feature", "properties": {"name": "p6881", "val": 6881}, "geometry": {"type": "Point", "coordinates": [-139, -49]}}, {"type": "Feature", "properties": {"name": "p6882", "val": 6882}, "geometry": {"type": "Point", "coordinates": [-138, -48]}}, {"type": "Feature", "properties": {"name": "p6883", "val": 6883}, "geometry": {"type": "Point", "coordinates": [-137, -47]}}, {"type": "Feature", "properties": {"name": "p6884", "val": 6884}, "geometry": {"type": "Point", "coordinates": [-136, -46]}}, {"type": "Feature", "properties": {"name": "p6885", "val": 6885}, "geometry": {"type": "Point", "coordinates": [-135, -45]}}, {"type": "Feature", "properties": {"name": "p6886", "val": 6886}, "geometry": {"type": "Point", "coordinates": [-134, -44]}}, {"type": "Feature", "properties": {"name": "p6887", "val": 6887}, "geometry": {"type": "Point", "coordinates": [-133, -43]}}, {"type": "Feature", "properties": {"name": "p6888", "val": 6888}, "geometry": {"type": "Point", "coordinates": [-132, -42]}}, {"type": "Feature", "properties": {"name": "p6889", "val": 6889}, "geometry": {"type": "Point", "coordinates": [-131, -41]}}, {"type": "Feature", "properties": {"name": "p6890", "val": 6890}, "geometry": {"type": "Point", "coordinates": [-130, -40]}}, {"type": "Feature", "properties": {"name": "p6891", "val": 6891}, "geometry": {"type": "Point", "coordinates": [-129, -39]}}, {"type": "Feature", "properties": {"name": "p6892", "val": 6892}, "geometry": {"type": "Point", "coordinates": [-128, -38]}}, {"type": "Feature", "properties": {"name": "p6893", "val": 6893}, "geometry": {"type": "Point", "coordinates": [-127, -37]}}, {"type": "Feature", "properties": {"name": "p6894", "val": 6894}, "geometry": {"type": "Point", "coordinates": [-126, -36]}}, {"type": "Feature", "properties": {"name": "p6895", "val": 6895}, "geometry": {"type": "Point", "coordinates": [-125, -35]}}, {"type": "Feature", "properties": {"name": "p6896", "val": 6896}, "geometry": {"type": "Point", "coordinates": [-124, -34]}}, {"type": "Feature", "properties": {"name": "p6897", "val": 6897}, "geometry": {"type": "Point", "coordinates": [-123, -33]}}, {"type": "Feature", "properties": {"name": "p6898", "val": 6898}, "geometry": {"type": "Point", "coordinates": [-122, -32]}}, {"type": "Feature", "properties": {"name": "p6899", "val": 6899}, "geometry": {"type": "Point", "coordinates": [-121, -31]}}, {"type": "Feature", "properties": {"name": "p6900", "val": 6900}, "geometry": {"type": "Point", "coordinates": [-120, -30]}}, {"type": "Feature", "properties": {"name": "p6901", "val": 6901}, "geometry": {"type": "Point", "coordinates": [-119, -29]}}, {"type": "Feature", "properties": {"name": "p6902", "val": 6902}, "geometry": {"type": "Point", "coordinates": [-118, -28]}}, {"type": "Feature", "properties": {"name": "p6903", "val": 6903}, "geometry": {"type": "Point", "coordinates": [-117, -27]}}, {"type": "Feature", "properties": {"name": "p6904", "val": 6904}, "geometry": {"type": "Point", "coordinates": [-116, -26]}}, {"type": "Feature", "properties": {"name": "p6905", "val": 6905}, "geometry": {"type": "Point", "coordinates": [-115, -25]}}, {"type": "Feature", "properties": {"name": "p6906", "val": 6906}, "geometry": {"type": "Point", "coordinates": [-114, -24]}}, {"type": "Feature", "properties": {"name": "p6907", "val": 6907}, "geometry": {"type": "Point", "coordinates": [-113, -23]}}, {"type": "Feature", "properties": {"name": "p6908", "val": 6908}, "geometry": {"type": "Point", "coordinates": [-112, -22]}}, {"type": "Feature", "properties": {"name": "p6909", "val": 6909}, "geometry": {"type": "Point", "coordinates": [-111, -21]}}, {"type": "Feature", "properties": {"name": "p6910", "val": 6910}, "geometry": {"type": "Point", "coordinates": [-110, -20]}}, {"type": "Feature", "properties": {"name": "p6911", "val": 6911}, "geometry": {"type": "Point", "coordinates": [-109, -19]}}, {"type": "Feature", "properties": {"name": "p6912", "val": 6912}, "geometry": {"type": "Point", "coordinates": [-108, -18]}}, {"type": "Feature", "properties": {"name": "p6913", "val": 6913}, "geometry": {"type": "Point", "coordinates": [-107, -17]}}, {"type": "Feature", "properties": {"name": "p6914", "val": 6914}, "geometry": {"type": "Point", "coordinates": [-106, -16]}}, {"type": "Feature", "properties": {"name": "p6915", "val": 6915}, "geometry": {"type": "Point", "coordinates": [-105, -15]}}, {"type": "Feature", "properties": {"name": "p6916", "val": 6916}, "geometry": {"type": "Point", "coordinates": [-104, -14]}}, {"type": "Feature", "properties": {"name": "p6917", "val": 6917}, "geometry": {"type": "Point", "coordinates": [-103, -13]}}, {"type": "Feature", "properties": {"name": "p6918", "val": 6918}, "geometry": {"type": "Point", "coordinates": [-102, -12]}}, {"type": "Feature", "properties": {"name": "p6919", "val": 6919}, "geometry": {"type": "Point", "coordinates": [-101, -11]}}, {"type": "Feature", "properties": {"name": "p6920", "val": 6920}, "geometry": {"type": "Point", "coordinates": [-100, -10]}}, {"type": "Feature", "properties": {"name": "p6921", "val": 6921}, "geometry": {"type": "Point", "coordinates": [-99, -9]}}, {"type": "Feature", "properties": {"name": "p6922", "val": 6922}, "geometry": {"type": "Point", "coordinates": [-98, -8]}}, {"type": "Feature", "properties": {"name": "p6923", "val": 6923}, "geometry": {"type": "Point", "coordinates": [-97, -7]}}, {"type": "Feature", "properties": {"name": "p6924", "val": 6924}, "geometry": {"type": "Point", "coordinates": [-96, -6]}}, {"type": "Feature", "properties": {"name": "p6925", "val": 6925}, "geometry": {"type": "Point", "coordinates": [-95, -5]}}, {"type": "Feature", "properties": {"name": "p6926", "val": 6926}, "geometry": {"type": "Point", "coordinates": [-94, -4]}}, {"type": "Feature", "properties": {"name": "p6927", "val": 6927}, "geometry": {"type": "Point", "coordinates": [-93, -3]}}, {"type": "Feature", "properties": {"name": "p6928", "val": 6928}, "geometry": {"type": "Point", "coordinates": [-92, -2]}}, {"type": "Feature", "properties": {"name": "p6929", "val": 6929}, "geometry": {"type": "Point", "coordinates": [-91, -1]}}, {"type": "Feature", "properties": {"name": "p6930", "val": 6930}, "geometry": {"type": "Point", "coordinates": [-90, 0]}}, {"type": "Feature", "properties": {"name": "p6931", "val": 6931}, "geometry": {"type": "Point", "coordinates": [-89, 1]}}, {"type": "Feature", "properties": {"name": "p6932", "val": 6932}, "geometry": {"type": "Point", "coordinates": [-88, 2]}}, {"type": "Feature", "properties": {"name": "p6933", "val": 6933}, "geometry": {"type": "Point", "coordinates": [-87, 3]}}, {"type": "Feature", "properties": {"name": "p6934", "val": 6934}, "geometry": {"type": "Point", "coordinates": [-86, 4]}}, {"type": "Feature", "properties": {"name": "p6935", "val": 6935}, "geometry": {"type": "Point", "coordinates": [-85, 5]}}, {"type": "Feature", "properties": {"name": "p6936", "val": 6936}, "geometry": {"type": "Point", "coordinates": [-84, 6]}}, {"type": "Feature", "properties": {"name": "p6937", "val": 6937}, "geometry": {"type": "Point", "coordinates": [-83, 7]}}, {"type": "Feature", "properties": {"name": "p6938", "val": 6938}, "geometry": {"type": "Point", "coordinates": [-82, 8]}}, {"type": "Feature", "properties": {"name": "p6939", "val": 6939}, "geometry": {"type": "Point", "coordinates": [-81, 9]}}, {"type": "Feature", "properties": {"name": "p6940", "val": 6940}, "geometry": {"type": "Point", "coordinates": [-80, 10]}}, {"type": "Feature", "properties": {"name": "p6941", "val": 6941}, "geometry": {"type": "Point", "coordinates": [-79, 11]}}, {"type": "Feature", "properties": {"name": "p6942", "val": 6942}, "geometry": {"type": "Point", "coordinates": [-78, 12]}}, {"type": "Feature", "properties": {"name": "p6943", "val": 6943}, "geometry": {"type": "Point", "coordinates": [-77, 13]}}, {"type": "Feature", "properties": {"name": "p6944", "val": 6944}, "geometry": {"type": "Point", "coordinates": [-76, 14]}}, {"type": "Feature", "properties": {"name": "p6945", "val": 6945}, "geometry": {"type": "Point", "coordinates": [-75, 15]}}, {"type": "Feature", "properties": {"name": "p6946", "val": 6946}, "geometry": {"type": "Point", "coordinates": [-74, 16]}}, {"type": "Feature", "properties": {"name": "p6947", "val": 6947}, "geometry": {"type": "Point", "coordinates": [-73, 17]}}, {"type": "Feature", "properties": {"name": "p6948", "val": 6948}, "geometry": {"type": "Point", "coordinates": [-72, 18]}}, {"type": "Feature", "properties": {"name": "p6949", "val": 6949}, "geometry": {"type": "Point", "coordinates": [-71, 19]}}, {"type": "Feature", "properties": {"name": "p6950", "val": 6950}, "geometry": {"type": "Point", "coordinates": [-70, 20]}}, {"type": "Feature", "properties": {"name": "p6951", "val": 6951}, "geometry": {"type": "Point", "coordinates": [-69, 21]}}, {"type": "Feature", "properties": {"name": "p6952", "val": 6952}, "geometry": {"type": "Point", "coordinates": [-68, 22]}}, {"type": "Feature", "properties": {"name": "p6953", "val": 6953}, "geometry": {"type": "Point", "coordinates": [-67, 23]}}, {"type": "Feature", "properties": {"name": "p6954", "val": 6954}, "geometry": {"type": "Point", "coordinates": [-66, 24]}}, {"type": "Feature", "properties": {"name": "p6955", "val": 6955}, "geometry": {"type": "Point", "coordinates": [-65, 25]}}, {"type": "Feature", "properties": {"name": "p6956", "val": 6956}, "geometry": {"type": "Point", "coordinates": [-64, 26]}}, {"type": "Feature", "properties": {"name": "p6957", "val": 6957}, "geometry": {"type": "Point", "coordinates": [-63, 27]}}, {"type": "Feature", "properties": {"name": "p6958", "val": 6958}, "geometry": {"type": "Point", "coordinates": [-62, 28]}}, {"type": "Feature", "properties": {"name": "p6959", "val": 6959}, "geometry": {"type": "Point", "coordinates": [-61, 29]}}, {"type": "Feature", "properties": {"name": "p6960", "val": 6960}, "geometry": {"type": "Point", "coordinates": [-60, 30]}}, {"type": "Feature", "properties": {"name": "p6961", "val": 6961}, "geometry": {"type": "Point", "coordinates": [-59, 31]}}, {"type": "Feature", "properties": {"name": "p6962", "val": 6962}, "geometry": {"type": "Point", "coordinates": [-58, 32]}}, {"type": "Feature", "properties": {"name": "p6963", "val": 6963}, "geometry": {"type": "Point", "coordinates": [-57, 33]}}, {"type": "Feature", "properties": {"name": "p6964", "val": 6964}, "geometry": {"type": "Point", "coordinates": [-56, 34]}}, {"type": "Feature", "properties": {"name": "p6965", "val": 6965}, "geometry": {"type": "Point", "coordinates": [-55, 35]}}, {"type": "Feature", "properties": {"name": "p6966", "val": 6966}, "geometry": {"type": "Point", "coordinates": [-54, 36]}}, {"type": "Feature", "properties": {"name": "p6967", "val": 6967}, "geometry": {"type": "Point", "coordinates": [-53, 37]}}, {"type": "Feature", "properties": {"name": "p6968", "val": 6968}, "geometry": {"type": "Point", "coordinates": [-52, 38]}}, {"type": "Feature", "properties": {"name": "p6969", "val": 6969}, "geometry": {"type": "Point", "coordinates": [-51, 39]}}, {"type": "Feature", "properties": {"name": "p6970", "val": 6970}, "geometry": {"type": "Point", "coordinates": [-50, 40]}}, {"type": "Feature", "properties": {"name": "p6971", "val": 6971}, "geometry": {"type": "Point", "coordinates": [-49, 41]}}, {"type": "Feature", "properties": {"name": "p6972", "val": 6972}, "geometry": {"type": "Point", "coordinates": [-48, 42]}}, {"type": "Feature", "properties": {"name": "p6973", "val": 6973}, "geometry": {"type": "Point", "coordinates": [-47, 43]}}, {"type": "Feature", "properties": {"name": "p6974", "val": 6974}, "geometry": {"type": "Point", "coordinates": [-46, 44]}}, {"type": "Feature", "properties": {"name": "p6975", "val": 6975}, "geometry": {"type": "Point", "coordinates": [-45, 45]}}, {"type": "Feature", "properties": {"name": "p6976", "val": 6976}, "geometry": {"type": "Point", "coordinates": [-44, 46]}}, {"type": "Feature", "properties": {"name": "p6977", "val": 6977}, "geometry": {"type": "Point", "coordinates": [-43, 47]}}, {"type": "Feature", "properties": {"name": "p6978", "val": 6978}, "geometry": {"type": "Point", "coordinates": [-42, 48]}}, {"type": "Feature", "properties": {"name": "p6979", "val": 6979}, "geometry": {"type": "Point", "coordinates": [-41, 49]}}, {"type": "Feature", "properties": {"name": "p6980", "val": 6980}, "geometry": {"type": "Point", "coordinates": [-40, 50]}}, {"type": "Feature", "properties": {"name": "p6981", "val": 6981}, "geometry": {"type": "Point", "coordinates": [-39, 51]}}, {"type": "Feature", "properties": {"name": "p6982", "val": 6982}, "geometry": {"type": "Point", "coordinates": [-38, 52]}}, {"type": "Feature", "properties": {"name": "p6983", "val": 6983}, "geometry": {"type": "Point", "coordinates": [-37, 53]}}, {"type": "Feature", "properties": {"name": "p6984", "val": 6984}, "geometry": {"type": "Point", "coordinates": [-36, 54]}}, {"type": "Feature", "properties": {"name": "p6985", "val": 6985}, "geometry": {"type": "Point", "coordinates": [-35, 55]}}, {"type": "Feature", "properties": {"name": "p6986", "val": 6986}, "geometry": {"type": "Point", "coordinates": [-34, 56]}}, {"type": "Feature", "properties": {"name": "p6987", "val": 6987}, "geometry": {"type": "Point", "coordinates": [-33, 57]}}, {"type": "Feature", "properties": {"name": "p6988", "val": 6988}, "geometry": {"type": "Point", "coordinates": [-32, 58]}}, {"type": "Feature", "properties": {"name": "p6989", "val": 6989}, "geometry": {"type": "Point", "coordinates": [-31, 59]}}, {"type": "Feature", "properties": {"name": "p6990", "val": 6990}, "geometry": {"type": "Point", "coordinates": [-30, 60]}}, {"type": "Feature", "properties": {"name": "p6991", "val": 6991}, "geometry": {"type": "Point", "coordinates": [-29, 61]}}, {"type": "Feature", "properties": {"name": "p6992", "val": 6992}, "geometry": {"type": "Point", "coordinates": [-28, 62]}}, {"type": "Feature", "properties": {"name": "p6993", "val": 6993}, "geometry": {"type": "Point", "coordinates": [-27, 63]}}, {"type": "Feature", "properties": {"name": "p6994", "val": 6994}, "geometry": {"type": "Point", "coordinates": [-26, 64]}}, {"type": "Feature", "properties": {"name": "p6995", "val": 6995}, "geometry": {"type": "Point", "coordinates": [-25, 65]}}, {"type": "Feature", "properties": {"name": "p6996", "val": 6996}, "geometry": {"type": "Point", "coordinates": [-24, 66]}}, {"type": "Feature", "properties": {"name": "p6997", "val": 6997}, "geometry": {"type": "Point", "coordinates": [-23, 67]}}, {"type": "Feature", "properties": {"name": "p6998", "val": 6998}, "geometry": {"type": "Point", "coordinates": [-22, 68]}}, {"type": "Feature", "properties": {"name": "p6999", "val": 6999}, "geometry": {"type": "Point", "coordinates": [-21, 69]}}, {"type": "Feature", "properties": {"name": "p7000", "val": 7000}, "geometry": {"type": "Point", "coordinates": [-20, 70]}}, {"type": "Feature", "properties": {"name": "p7001", "val": 7001}, "geometry": {"type": "Point", "coordinates": [-19, 71]}}, {"type": "Feature", "properties": {"name": "p7002", "val": 7002}, "geometry": {"type": "Point", "coordinates": [-18, 72]}}, {"type": "Feature", "properties": {"name": "p7003", "val": 7003}, "geometry": {"type": "Point", "coordinates": [-17, 73]}}, {"type": "Feature", "properties": {"name": "p7004", "val": 7004}, "geometry": {"type": "Point", "coordinates": [-16, 74]}}, {"type": "Feature", "properties": {"name": "p7005", "val": 7005}, "geometry": {"type": "Point", "coordinates": [-15, 75]}}, {"type": "Feature", "properties": {"name": "p7006", "val": 7006}, "geometry": {"type": "Point", "coordinates": [-14, 76]}}, {"type": "Feature", "properties": {"name": "p7007", "val": 7007}, "geometry": {"type": "Point", "coordinates": [-13, 77]}}, {"type": "Feature", "properties": {"name": "p7008", "val": 7008}, "geometry": {"type": "Point", "coordinates": [-12, 78]}}, {"type": "Feature", "properties": {"name": "p7009", "val": 7009}, "geometry": {"type": "Point", "coordinates": [-11, 79]}}, {"type": "Feature", "properties": {"name": "p7010", "val": 7010}, "geometry": {"type": "Point", "coordinates": [-10, 80]}}, {"type": "Feature", "properties": {"name": "p7011", "val": 7011}, "geometry": {"type": "Point", "coordinates": [-9, 81]}}, {"type": "Feature", "properties": {"name": "p7012", "val": 7012}, "geometry": {"type": "Point", "coordinates": [-8, 82]}}, {"type": "Feature", "properties": {"name": "p7013", "val": 7013}, "geometry": {"type": "Point", "coordinates": [-7, 83]}}, {"type": "Feature", "properties": {"name": "p7014", "val": 7014}, "geometry": {"type": "Point", "coordinates": [-6, 84]}}, {"type": "Feature", "properties": {"name": "p7015", "val": 7015}, "geometry": {"type": "Point", "coordinates": [-5, 85]}}, {"type": "Feature", "properties": {"name": "p7016", "val": 7016}, "geometry": {"type": "Point", "coordinates": [-4, 86]}}, {"type": "Feature", "properties": {"name": "p7017", "val": 7017}, "geometry": {"type": "Point", "coordinates": [-3, 87]}}, {"type": "Feature", "properties": {"name": "p7018", "val": 7018}, "geometry": {"type": "Point", "coordinates": [-2, 88]}}, {"type": "Feature", "properties": {"name": "p7019", "val": 7019}, "geometry": {"type": "Point", "coordinates": [-1, 89]}}, {"type": "Feature", "properties": {"name": "p7020", "val": 7020}, "geometry": {"type": "Point", "coordinates": [0, -90]}}, {"type": "Feature", "properties": {"name": "p7021", "val": 7021}, "geometry": {"type": "Point", "coordinates": [1, -89]}}, {"type": "Feature", "properties": {"name": "p7022", "val": 7022}, "geometry": {"type": "Point", "coordinates": [2, -88]}}, {"type": "Feature", "properties": {"name": "p7023", "val": 7023}, "geometry": {"type": "Point", "coordinates": [3, -87]}}, {"type": "Feature", "properties": {"name": "p7024", "val": 7024}, "geometry": {"type": "Point", "coordinates": [4, -86]}}, {"type": "Feature", "properties": {"name": "p7025", "val": 7025}, "geometry": {"type": "Point", "coordinates": [5, -85]}}, {"type": "Feature", "properties": {"name": "p7026", "val": 7026}, "geometry": {"type": "Point", "coordinates": [6, -84]}}, {"type": "Feature", "properties": {"name": "p7027", "val": 7027}, "geometry": {"type": "Point", "coordinates": [7, -83]}}, {"type": "Feature", "properties": {"name": "p7028", "val": 7028}, "geometry": {"type": "Point", "coordinates": [8, -82]}}, {"type": "Feature", "properties": {"name": "p7029", "val": 7029}, "geometry": {"type": "Point", "coordinates": [9, -81]}}, {"type": "Feature", "properties": {"name": "p7030", "val": 7030}, "geometry": {"type": "Point", "coordinates": [10, -80]}}, {"type": "Feature", "properties": {"name": "p7031", "val": 7031}, "geometry": {"type": "Point", "coordinates": [11, -79]}}, {"type": "Feature", "properties": {"name": "p7032", "val": 7032}, "geometry": {"type": "Point", "coordinates": [12, -78]}}, {"type": "Feature", "properties": {"name": "p7033", "val": 7033}, "geometry": {"type": "Point", "coordinates": [13, -77]}}, {"type": "Feature", "properties": {"name": "p7034", "val": 7034}, "geometry": {"type": "Point", "coordinates": [14, -76]}}, {"type": "Feature", "properties": {"name": "p7035", "val": 7035}, "geometry": {"type": "Point", "coordinates": [15, -75]}}, {"type": "Feature", "properties": {"name": "p7036", "val": 7036}, "geometry": {"type": "Point", "coordinates": [16, -74]}}, {"type": "Feature", "properties": {"name": "p7037", "val": 7037}, "geometry": {"type": "Point", "coordinates": [17, -73]}}, {"type": "Feature", "properties": {"name": "p7038", "val": 7038}, "geometry": {"type": "Point", "coordinates": [18, -72]}}, {"type": "Feature", "properties": {"name": "p7039", "val": 7039}, "geometry": {"type": "Point", "coordinates": [19, -71]}}, {"type": "Feature", "properties": {"name": "p7040", "val": 7040}, "geometry": {"type": "Point", "coordinates": [20, -70]}}, {"type": "Feature", "properties": {"name": "p7041", "val": 7041}, "geometry": {"type": "Point", "coordinates": [21, -69]}}, {"type": "Feature", "properties": {"name": "p7042", "val": 7042}, "geometry": {"type": "Point", "coordinates": [22, -68]}}, {"type": "Feature", "properties": {"name": "p7043", "val": 7043}, "geometry": {"type": "Point", "coordinates": [23, -67]}}, {"type": "Feature", "properties": {"name": "p7044", "val": 7044}, "geometry": {"type": "Point", "coordinates": [24, -66]}}, {"type": "Feature", "properties": {"name": "p7045", "val": 7045}, "geometry": {"type": "Point", "coordinates": [25, -65]}}, {"type": "Feature", "properties": {"name": "p7046", "val": 7046}, "geometry": {"type": "Point", "coordinates": [26, -64]}}, {"type": "Feature", "properties": {"name": "p7047", "val": 7047}, "geometry": {"type": "Point", "coordinates": [27, -63]}}, {"type": "Feature", "properties": {"name": "p7048", "val": 7048}, "geometry": {"type": "Point", "coordinates": [28, -62]}}, {"type": "Feature", "properties": {"name": "p7049", "val": 7049}, "geometry": {"type": "Point", "coordinates": [29, -61]}}, {"type": "Feature", "properties": {"name": "p7050", "val": 7050}, "geometry": {"type": "Point", "coordinates": [30, -60]}}, {"type": "Feature", "properties": {"name": "p7051", "val": 7051}, "geometry": {"type": "Point", "coordinates": [31, -59]}}, {"type": "Feature", "properties": {"name": "p7052", "val": 7052}, "geometry": {"type": "Point", "coordinates": [32, -58]}}, {"type": "Feature", "properties": {"name": "p7053", "val": 7053}, "geometry": {"type": "Point", "coordinates": [33, -57]}}, {"type": "Feature", "properties": {"name": "p7054", "val": 7054}, "geometry": {"type": "Point", "coordinates": [34, -56]}}, {"type": "Feature", "properties": {"name": "p7055", "val": 7055}, "geometry": {"type": "Point", "coordinates": [35, -55]}}, {"type": "Feature", "properties": {"name": "p7056", "val": 7056}, "geometry": {"type": "Point", "coordinates": [36, -54]}}, {"type": "Feature", "properties": {"name": "p7057", "val": 7057}, "geometry": {"type": "Point", "coordinates": [37, -53]}}, {"type": "Feature", "properties": {"name": "p7058", "val": 7058}, "geometry": {"type": "Point", "coordinates": [38, -52]}}, {"type": "Feature", "properties": {"name": "p7059", "val": 7059}, "geometry": {"type": "Point", "coordinates": [39, -51]}}, {"type": "Feature", "properties": {"name": "p7060", "val": 7060}, "geometry": {"type": "Point", "coordinates": [40, -50]}}, {"type": "Feature", "properties": {"name": "p7061", "val": 7061}, "geometry": {"type": "Point", "coordinates": [41, -49]}}, {"type": "Feature", "properties": {"name": "p7062", "val": 7062}, "geometry": {"type": "Point", "coordinates": [42, -48]}}, {"type": "Feature", "properties": {"name": "p7063", "val": 7063}, "geometry": {"type": "Point", "coordinates": [43, -47]}}, {"type": "Feature", "properties": {"name": "p7064", "val": 7064}, "geometry": {"type": "Point", "coordinates": [44, -46]}}, {"type": "Feature", "properties": {"name": "p7065", "val": 7065}, "geometry": {"type": "Point", "coordinates": [45, -45]}}, {"type": "Feature", "properties": {"name": "p7066", "val": 7066}, "geometry": {"type": "Point", "coordinates": [46, -44]}}, {"type": "Feature", "properties": {"name": "p7067", "val": 7067}, "geometry": {"type": "Point", "coordinates": [47, -43]}}, {"type": "Feature", "properties": {"name": "p7068", "val": 7068}, "geometry": {"type": "Point", "coordinates": [48, -42]}}, {"type": "Feature", "properties": {"name": "p7069", "val": 7069}, "geometry": {"type": "Point", "coordinates": [49, -41]}}, {"type": "Feature", "properties": {"name": "p7070", "val": 7070}, "geometry": {"type": "Point", "coordinates": [50, -40]}}, {"type": "Feature", "properties": {"name": "p7071", "val": 7071}, "geometry": {"type": "Point", "coordinates": [51, -39]}}, {"type": "Feature", "properties": {"name": "p7072", "val": 7072}, "geometry": {"type": "Point", "coordinates": [52, -38]}}, {"type": "Feature", "properties": {"name": "p7073", "val": 7073}, "geometry": {"type": "Point", "coordinates": [53, -37]}}, {"type": "Feature", "properties": {"name": "p7074", "val": 7074}, "geometry": {"type": "Point", "coordinates": [54, -36]}}, {"type": "Feature", "properties": {"name": "p7075", "val": 7075}, "geometry": {"type": "Point", "coordinates": [55, -35]}}, {"type": "Feature", "properties": {"name": "p7076", "val": 7076}, "geometry": {"type": "Point", "coordinates": [56, -34]}}, {"type": "Feature", "properties": {"name": "p7077", "val": 7077}, "geometry": {"type": "Point", "coordinates": [57, -33]}}, {"type": "Feature", "properties": {"name": "p7078", "val": 7078}, "geometry": {"type": "Point", "coordinates": [58, -32]}}, {"type": "Feature", "properties": {"name": "p7079", "val": 7079}, "geometry": {"type": "Point", "coordinates": [59, -31]}}, {"type": "Feature", "properties": {"name": "p7080", "val": 7080}, "geometry": {"type": "Point", "coordinates": [60, -30]}}, {"type": "Feature", "properties": {"name": "p7081", "val": 7081}, "geometry": {"type": "Point", "coordinates": [61, -29]}}, {"type": "Feature", "properties": {"name": "p7082", "val": 7082}, "geometry": {"type": "Point", "coordinates": [62, -28]}}, {"type": "Feature", "properties": {"name": "p7083", "val": 7083}, "geometry": {"type": "Point", "coordinates": [63, -27]}}, {"type": "Feature", "properties": {"name": "p7084", "val": 7084}, "geometry": {"type": "Point", "coordinates": [64, -26]}}, {"type": "Feature", "properties": {"name": "p7085", "val": 7085}, "geometry": {"type": "Point", "coordinates": [65, -25]}}, {"type": "Feature", "properties": {"name": "p7086", "val": 7086}, "geometry": {"type": "Point", "coordinates": [66, -24]}}, {"type": "Feature", "properties": {"name": "p7087", "val": 7087}, "geometry": {"type": "Point", "coordinates": [67, -23]}}, {"type": "Feature", "properties": {"name": "p7088", "val": 7088}, "geometry": {"type": "Point", "coordinates": [68, -22]}}, {"type": "Feature", "properties": {"name": "p7089", "val": 7089}, "geometry": {"type": "Point", "coordinates": [69, -21]}}, {"type": "Feature", "properties": {"name": "p7090", "val": 7090}, "geometry": {"type": "Point", "coordinates": [70, -20]}}, {"type": "Feature", "properties": {"name": "p7091", "val": 7091}, "geometry": {"type": "Point", "coordinates": [71, -19]}}, {"type": "Feature", "properties": {"name": "p7092", "val": 7092}, "geometry": {"type": "Point", "coordinates": [72, -18]}}, {"type": "Feature", "properties": {"name": "p7093", "val": 7093}, "geometry": {"type": "Point", "coordinates": [73, -17]}}, {"type": "Feature", "properties": {"name": "p7094", "val": 7094}, "geometry": {"type": "Point", "coordinates": [74, -16]}}, {"type": "Feature", "properties": {"name": "p7095", "val": 7095}, "geometry": {"type": "Point", "coordinates": [75, -15]}}, {"type": "Feature", "properties": {"name": "p7096", "val": 7096}, "geometry": {"type": "Point", "coordinates": [76, -14]}}, {"type": "Feature", "properties": {"name": "p7097", "val": 7097}, "geometry": {"type": "Point", "coordinates": [77, -13]}}, {"type": "Feature", "properties": {"name": "p7098", "val": 7098}, "geometry": {"type": "Point", "coordinates": [78, -12]}}, {"type": "Feature", "properties": {"name": "p7099", "val": 7099}, "geometry": {"type": "Point", "coordinates": [79, -11]}}, {"type": "Feature", "properties": {"name": "p7100", "val": 7100}, "geometry": {"type": "Point", "coordinates": [80, -10]}}, {"type": "Feature", "properties": {"name": "p7101", "val": 7101}, "geometry": {"type": "Point", "coordinates": [81, -9]}}, {"type": "Feature", "properties": {"name": "p7102", "val": 7102}, "geometry": {"type": "Point", "coordinates": [82, -8]}}, {"type": "Feature", "properties": {"name": "p7103", "val": 7103}, "geometry": {"type": "Point", "coordinates": [83, -7]}}, {"type": "Feature", "properties": {"name": "p7104", "val": 7104}, "geometry": {"type": "Point", "coordinates": [84, -6]}}, {"type": "Feature", "properties": {"name": "p7105", "val": 7105}, "geometry": {"type": "Point", "coordinates": [85, -5]}}, {"type": "Feature", "properties": {"name": "p7106", "val": 7106}, "geometry": {"type": "Point", "coordinates": [86, -4]}}, {"type": "Feature", "properties": {"name": "p7107", "val": 7107}, "geometry": {"type": "Point", "coordinates": [87, -3]}}, {"type": "Feature", "properties": {"name": "p7108", "val": 7108}, "geometry": {"type": "Point", "coordinates": [88, -2]}}, {"type": "Feature", "properties": {"name": "p7109", "val": 7109}, "geometry": {"type": "Point", "coordinates": [89, -1]}}, {"type": "Feature", "properties": {"name": "p7110", "val": 7110}, "geometry": {"type": "Point", "coordinates": [90, 0]}}, {"type": "Feature", "properties": {"name": "p7111", "val": 7111}, "geometry": {"type": "Point", "coordinates": [91, 1]}}, {"type": "Feature", "properties": {"name": "p7112", "val": 7112}, "geometry": {"type": "Point", "coordinates": [92, 2]}}, {"type": "Feature", "properties": {"name": "p7113", "val": 7113}, "geometry": {"type": "Point", "coordinates": [93, 3]}}, {"type": "Feature", "properties": {"name": "p7114", "val": 7114}, "geometry": {"type": "Point", "coordinates": [94, 4]}}, {"type": "Feature", "properties": {"name": "p7115", "val": 7115}, "geometry": {"type": "Point", "coordinates": [95, 5]}}, {"type": "Feature", "properties": {"name": "p7116", "val": 7116}, "geometry": {"type": "Point", "coordinates": [96, 6]}}, {"type": "Feature", "properties": {"name": "p7117", "val": 7117}, "geometry": {"type": "Point", "coordinates": [97, 7]}}, {"type": "Feature", "properties": {"name": "p7118", "val": 7118}, "geometry": {"type": "Point", "coordinates": [98, 8]}}, {"type": "Feature", "properties": {"name": "p7119", "val": 7119}, "geometry": {"type": "Point", "coordinates": [99, 9]}}, {"type": "Feature", "properties": {"name": "p7120", "val": 7120}, "geometry": {"type": "Point", "coordinates": [100, 10]}}, {"type": "Feature", "properties": {"name": "p7121", "val": 7121}, "geometry": {"type": "Point", "coordinates": [101, 11]}}, {"type": "Feature", "properties": {"name": "p7122", "val": 7122}, "geometry": {"type": "Point", "coordinates": [102, 12]}}, {"type": "Feature", "properties": {"name": "p7123", "val": 7123}, "geometry": {"type": "Point", "coordinates": [103, 13]}}, {"type": "Feature", "properties": {"name": "p7124", "val": 7124}, "geometry": {"type": "Point", "coordinates": [104, 14]}}, {"type": "Feature", "properties": {"name": "p7125", "val": 7125}, "geometry": {"type": "Point", "coordinates": [105, 15]}}, {"type": "Feature", "properties": {"name": "p7126", "val": 7126}, "geometry": {"type": "Point", "coordinates": [106, 16]}}, {"type": "Feature", "properties": {"name": "p7127", "val": 7127}, "geometry": {"type": "Point", "coordinates": [107, 17]}}, {"type": "Feature", "properties": {"name": "p7128", "val": 7128}, "geometry": {"type": "Point", "coordinates": [108, 18]}}, {"type": "Feature", "properties": {"name": "p7129", "val": 7129}, "geometry": {"type": "Point", "coordinates": [109, 19]}}, {"type": "Feature", "properties": {"name": "p7130", "val": 7130}, "geometry": {"type": "Point", "coordinates": [110, 20]}}, {"type": "Feature", "properties": {"name": "p7131", "val": 7131}, "geometry": {"type": "Point", "coordinates": [111, 21]}}, {"type": "Feature", "properties": {"name": "p7132", "val": 7132}, "geometry": {"type": "Point", "coordinates": [112, 22]}}, {"type": "Feature", "properties": {"name": "p7133", "val": 7133}, "geometry": {"type": "Point", "coordinates": [113, 23]}}, {"type": "Feature", "properties": {"name": "p7134", "val": 7134}, "geometry": {"type": "Point", "coordinates": [114, 24]}}, {"type": "Feature", "properties": {"name": "p7135", "val": 7135}, "geometry": {"type": "Point", "coordinates": [115, 25]}}, {"type": "Feature", "properties": {"name": "p7136", "val": 7136}, "geometry": {"type": "Point", "coordinates": [116, 26]}}, {"type": "Feature", "properties": {"name": "p7137", "val": 7137}, "geometry": {"type": "Point", "coordinates": [117, 27]}}, {"type": "Feature", "properties": {"name": "p7138", "val": 7138}, "geometry": {"type": "Point", "coordinates": [118, 28]}}, {"type": "Feature", "properties": {"name": "p7139", "val": 7139}, "geometry": {"type": "Point", "coordinates": [119, 29]}}, {"type": "Feature", "properties": {"name": "p7140", "val": 7140}, "geometry": {"type": "Point", "coordinates": [120, 30]}}, {"type": "Feature", "properties": {"name": "p7141", "val": 7141}, "geometry": {"type": "Point", "coordinates": [121, 31]}}, {"type": "Feature", "properties": {"name": "p7142", "val": 7142}, "geometry": {"type": "Point", "coordinates": [122, 32]}}, {"type": "Feature", "properties": {"name": "p7143", "val": 7143}, "geometry": {"type": "Point", "coordinates": [123, 33]}}, {"type": "Feature", "properties": {"name": "p7144", "val": 7144}, "geometry": {"type": "Point", "coordinates": [124, 34]}}, {"type": "Feature", "properties": {"name": "p7145", "val": 7145}, "geometry": {"type": "Point", "coordinates": [125, 35]}}, {"type": "Feature", "properties": {"name": "p7146", "val": 7146}, "geometry": {"type": "Point", "coordinates": [126, 36]}}, {"type": "Feature", "properties": {"name": "p7147", "val": 7147}, "geometry": {"type": "Point", "coordinates": [127, 37]}}, {"type": "Feature", "properties": {"name": "p7148", "val": 7148}, "geometry": {"type": "Point", "coordinates": [128, 38]}}, {"type": "Feature", "properties": {"name": "p7149", "val": 7149}, "geometry": {"type": "Point", "coordinates": [129, 39]}}, {"type": "Feature", "properties": {"name": "p7150", "val": 7150}, "geometry": {"type": "Point", "coordinates": [130, 40]}}, {"type": "Feature", "properties": {"name": "p7151", "val": 7151}, "geometry": {"type": "Point", "coordinates": [131, 41]}}, {"type": "Feature", "properties": {"name": "p7152", "val": 7152}, "geometry": {"type": "Point", "coordinates": [132, 42]}}, {"type": "Feature", "properties": {"name": "p7153", "val": 7153}, "geometry": {"type": "Point", "coordinates": [133, 43]}}, {"type": "Feature", "properties": {"name": "p7154", "val": 7154}, "geometry": {"type": "Point", "coordinates": [134, 44]}}, {"type": "Feature", "properties": {"name": "p7155", "val": 7155}, "geometry": {"type": "Point", "coordinates": [135, 45]}}, {"type": "Feature", "properties": {"name": "p7156", "val": 7156}, "geometry": {"type": "Point", "coordinates": [136, 46]}}, {"type": "Feature", "properties": {"name": "p7157", "val": 7157}, "geometry": {"type": "Point", "coordinates": [137, 47]}}, {"type": "Feature", "properties": {"name": "p7158", "val": 7158}, "geometry": {"type": "Point", "coordinates": [138, 48]}}, {"type": "Feature", "properties": {"name": "p7159", "val": 7159}, "geometry": {"type": "Point", "coordinates": [139, 49]}}, {"type": "Feature", "properties": {"name": "p7160", "val": 7160}, "geometry": {"type": "Point", "coordinates": [140, 50]}}, {"type": "Feature", "properties": {"name": "p7161", "val": 7161}, "geometry": {"type": "Point", "coordinates": [141, 51]}}, {"type": "Feature", "properties": {"name": "p7162", "val": 7162}, "geometry": {"type": "Point", "coordinates": [142, 52]}}, {"type": "Feature", "properties": {"name": "p7163", "val": 7163}, "geometry": {"type": "Point", "coordinates": [143, 53]}}, {"type": "Feature", "properties": {"name": "p7164", "val": 7164}, "geometry": {"type": "Point", "coordinates": [144, 54]}}, {"type": "Feature", "properties": {"name": "p7165", "val": 7165}, "geometry": {"type": "Point", "coordinates": [145, 55]}}, {"type": "Feature", "properties": {"name": "p7166", "val": 7166}, "geometry": {"type": "Point", "coordinates": [146, 56]}}, {"type": "Feature", "properties": {"name": "p7167", "val": 7167}, "geometry": {"type": "Point", "coordinates": [147, 57]}}, {"type": "Feature", "properties": {"name": "p7168", "val": 7168}, "geometry": {"type": "Point", "coordinates": [148, 58]}}, {"type": "Feature", "properties": {"name": "p7169", "val": 7169}, "geometry": {"type": "Point", "coordinates": [149, 59]}}, {"type": "Feature", "properties": {"name": "p7170", "val": 7170}, "geometry": {"type": "Point", "coordinates": [150, 60]}}, {"type": "Feature", "properties": {"name": "p7171", "val": 7171}, "geometry": {"type": "Point", "coordinates": [151, 61]}}, {"type": "Feature", "properties": {"name": "p7172", "val": 7172}, "geometry": {"type": "Point", "coordinates": [152, 62]}}, {"type": "Feature", "properties": {"name": "p7173", "val": 7173}, "geometry": {"type": "Point", "coordinates": [153, 63]}}, {"type": "Feature", "properties": {"name": "p7174", "val": 7174}, "geometry": {"type": "Point", "coordinates": [154, 64]}}, {"type": "Feature", "properties": {"name": "p7175", "val": 7175}, "geometry": {"type": "Point", "coordinates": [155, 65]}}, {"type": "Feature", "properties": {"name": "p7176", "val": 7176}, "geometry": {"type": "Point", "coordinates": [156, 66]}}, {"type": "Feature", "properties": {"name": "p7177", "val": 7177}, "geometry": {"type": "Point", "coordinates": [157, 67]}}, {"type": "Feature", "properties": {"name": "p7178", "val": 7178}, "geometry": {"type": "Point", "coordinates": [158, 68]}}, {"type": "Feature", "properties": {"name": "p7179", "val": 7179}, "geometry": {"type": "Point", "coordinates": [159, 69]}}, {"type": "Feature", "properties": {"name": "p7180", "val": 7180}, "geometry": {"type": "Point", "coordinates": [160, 70]}}, {"type": "Feature", "properties": {"name": "p7181", "val": 7181}, "geometry": {"type": "Point", "coordinates": [161, 71]}}, {"type": "Feature", "properties": {"name": "p7182", "val": 7182}, "geometry": {"type": "Point", "coordinates": [162, 72]}}, {"type": "Feature", "properties": {"name": "p7183", "val": 7183}, "geometry": {"type": "Point", "coordinates": [163, 73]}}, {"type": "Feature", "properties": {"name": "p7184", "val": 7184}, "geometry": {"type": "Point", "coordinates": [164, 74]}}, {"type": "Feature", "properties": {"name": "p7185", "val": 7185}, "geometry": {"type": "Point", "coordinates": [165, 75]}}, {"type": "Feature", "properties": {"name": "p7186", "val": 7186}, "geometry": {"type": "Point", "coordinates": [166, 76]}}, {"type": "Feature", "properties": {"name": "p7187", "val": 7187}, "geometry": {"type": "Point", "coordinates": [167, 77]}}, {"type": "Feature", "properties": {"name": "p7188", "val": 7188}, "geometry": {"type": "Point", "coordinates": [168, 78]}}, {"type": "Feature", "properties": {"name": "p7189", "val": 7189}, "geometry": {"type": "Point", "coordinates": [169, 79]}}, {"type": "Feature", "properties": {"name": "p7190", "val": 7190}, "geometry": {"type": "Point", "coordinates": [170, 80]}}, {"type": "Feature", "properties": {"name": "p7191", "val": 7191}, "geometry": {"type": "Point", "coordinates": [171, 81]}}, {"type": "Feature", "properties": {"name": "p7192", "val": 7192}, "geometry": {"type": "Point", "coordinates": [172, 82]}}, {"type": "Feature", "properties": {"name": "p7193", "val": 7193}, "geometry": {"type": "Point", "coordinates": [173, 83]}}, {"type": "Feature", "properties": {"name": "p7194", "val": 7194}, "geometry": {"type": "Point", "coordinates": [174, 84]}}, {"type": "Feature", "properties": {"name": "p7195", "val": 7195}, "geometry": {"type": "Point", "coordinates": [175, 85]}}, {"type": "Feature", "properties": {"name": "p7196", "val": 7196}, "geometry": {"type": "Point", "coordinates": [176, 86]}}, {"type": "Feature", "properties": {"name": "p7197", "val": 7197}, "geometry": {"type": "Point", "coordinates": [177, 87]}}, {"type": "Feature", "properties": {"name": "p7198", "val": 7198}, "geometry": {"type": "Point", "coordinates": [178, 88]}}, {"type": "Feature", "properties": {"name": "p7199", "val": 7199}, "geometry": {"type": "Point", "coordinates": [179, 89]}}, {"type": "Feature", "properties": {"name": "p7200", "val": 7200}, "geometry": {"type": "Point", "coordinates": [-180, -90]}}, {"type": "Feature", "properties": {"name": "p7201", "val": 7201}, "geometry": {"type": "Point", "coordinates": [-179, -89]}}, {"type": "Feature", "properties": {"name": "p7202", "val": 7202}, "geometry": {"type": "Point", "coordinates": [-178, -88]}}, {"type": "Feature", "properties": {"name": "p7203", "val": 7203}, "geometry": {"type": "Point", "coordinates": [-177, -87]}}, {"type": "Feature", "properties": {"name": "p7204", "val": 7204}, "geometry": {"type": "Point", "coordinates": [-176, -86]}}, {"type": "Feature", "properties": {"name": "p7205", "val": 7205}, "geometry": {"type": "Point", "coordinates": [-175, -85]}}, {"type": "Feature", "properties": {"name": "p7206", "val": 7206}, "geometry": {"type": "Point", "coordinates": [-174, -84]}}, {"type": "Feature", "properties": {"name": "p7207", "val": 7207}, "geometry": {"type": "Point", "coordinates": [-173, -83]}}, {"type": "Feature", "properties": {"name": "p7208", "val": 7208}, "geometry": {"type": "Point", "coordinates": [-172, -82]}}, {"type": "Feature", "properties": {"name": "p7209", "val": 7209}, "geometry": {"type": "Point", "coordinates": [-171, -81]}}, {"type": "Feature", "properties": {"name": "p7210", "val": 7210}, "geometry": {"type": "Point", "coordinates": [-170, -80]}}, {"type": "Feature", "properties": {"name": "p7211", "val": 7211}, "geometry": {"type": "Point", "coordinates": [-169, -79]}}, {"type": "Feature", "properties": {"name": "p7212", "val": 7212}, "geometry": {"type": "Point", "coordinates": [-168, -78]}}, {"type": "Feature", "properties": {"name": "p7213", "val": 7213}, "geometry": {"type": "Point", "coordinates": [-167, -77]}}, {"type": "Feature", "properties": {"name": "p7214", "val": 7214}, "geometry": {"type": "Point", "coordinates": [-166, -76]}}, {"type": "Feature", "properties": {"name": "p7215", "val": 7215}, "geometry": {"type": "Point", "coordinates": [-165, -75]}}, {"type": "Feature", "properties": {"name": "p7216", "val": 7216}, "geometry": {"type": "Point", "coordinates": [-164, -74]}}, {"type": "Feature", "properties": {"name": "p7217", "val": 7217}, "geometry": {"type": "Point", "coordinates": [-163, -73]}}, {"type": "Feature", "properties": {"name": "p7218", "val": 7218}, "geometry": {"type": "Point", "coordinates": [-162, -72]}}, {"type": "Feature", "properties": {"name": "p7219", "val": 7219}, "geometry": {"type": "Point", "coordinates": [-161, -71]}}, {"type": "Feature", "properties": {"name": "p7220", "val": 7220}, "geometry": {"type": "Point", "coordinates": [-160, -70]}}, {"type": "Feature", "properties": {"name": "p7221", "val": 7221}, "geometry": {"type": "Point", "coordinates": [-159, -69]}}, {"type": "Feature", "properties": {"name": "p7222", "val": 7222}, "geometry": {"type": "Point", "coordinates": [-158, -68]}}, {"type": "Feature", "properties": {"name": "p7223", "val": 7223}, "geometry": {"type": "Point", "coordinates": [-157, -67]}}, {"type": "Feature", "properties": {"name": "p7224", "val": 7224}, "geometry": {"type": "Point", "coordinates": [-156, -66]}}, {"type": "Feature", "properties": {"name": "p7225", "val": 7225}, "geometry": {"type": "Point", "coordinates": [-155, -65]}}, {"type": "Feature", "properties": {"name": "p7226", "val": 7226}, "geometry": {"type": "Point", "coordinates": [-154, -64]}}, {"type": "Feature", "properties": {"name": "p7227", "val": 7227}, "geometry": {"type": "Point", "coordinates": [-153, -63]}}, {"type": "Feature", "properties": {"name": "p7228", "val": 7228}, "geometry": {"type": "Point", "coordinates": [-152, -62]}}, {"type": "Feature", "properties": {"name": "p7229", "val": 7229}, "geometry": {"type": "Point", "coordinates": [-151, -61]}}, {"type": "Feature", "properties": {"name": "p7230", "val": 7230}, "geometry": {"type": "Point", "coordinates": [-150, -60]}}, {"type": "Feature", "properties": {"name": "p7231", "val": 7231}, "geometry": {"type": "Point", "coordinates": [-149, -59]}}, {"type": "Feature", "properties": {"name": "p7232", "val": 7232}, "geometry": {"type": "Point", "coordinates": [-148, -58]}}, {"type": "Feature", "properties": {"name": "p7233", "val": 7233}, "geometry": {"type": "Point", "coordinates": [-147, -57]}}, {"type": "Feature", "properties": {"name": "p7234", "val": 7234}, "geometry": {"type": "Point", "coordinates": [-146, -56]}}, {"type": "Feature", "properties": {"name": "p7235", "val": 7235}, "geometry": {"type": "Point", "coordinates": [-145, -55]}}, {"type": "Feature", "properties": {"name": "p7236", "val": 7236}, "geometry": {"type": "Point", "coordinates": [-144, -54]}}, {"type": "Feature", "properties": {"name": "p7237", "val": 7237}, "geometry": {"type": "Point", "coordinates": [-143, -53]}}, {"type": "Feature", "properties": {"name": "p7238", "val": 7238}, "geometry": {"type": "Point", "coordinates": [-142, -52]}}, {"type": "Feature", "properties": {"name": "p7239", "val": 7239}, "geometry": {"type": "Point", "coordinates": [-141, -51]}}, {"type": "Feature", "properties": {"name": "p7240", "val": 7240}, "geometry": {"type": "Point", "coordinates": [-140, -50]}}, {"type": "Feature", "properties": {"name": "p7241", "val": 7241}, "geometry": {"type": "Point", "coordinates": [-139, -49]}}, {"type": "Feature", "properties": {"name": "p7242", "val": 7242}, "geometry": {"type": "Point", "coordinates": [-138, -48]}}, {"type": "Feature", "properties": {"name": "p7243", "val": 7243}, "geometry": {"type": "Point", "coordinates": [-137, -47]}}, {"type": "Feature", "properties": {"name": "p7244", "val": 7244}, "geometry": {"type": "Point", "coordinates": [-136, -46]}}, {"type": "Feature", "properties": {"name": "p7245", "val": 7245}, "geometry": {"type": "Point", "coordinates": [-135, -45]}}, {"type": "Feature", "properties": {"name": "p7246", "val": 7246}, "geometry": {"type": "Point", "coordinates": [-134, -44]}}, {"type": "Feature", "properties": {"name": "p7247", "val": 7247}, "geometry": {"type": "Point", "coordinates": [-133, -43]}}, {"type": "Feature", "properties": {"name": "p7248", "val": 7248}, "geometry": {"type": "Point", "coordinates": [-132, -42]}}, {"type": "Feature", "properties": {"name": "p7249", "val": 7249}, "geometry": {"type": "Point", "coordinates": [-131, -41]}}, {"type": "Feature", "properties": {"name": "p7250", "val": 7250}, "geometry": {"type": "Point", "coordinates": [-130, -40]}}, {"type": "Feature", "properties": {"name": "p7251", "val": 7251}, "geometry": {"type": "Point", "coordinates": [-129, -39]}}, {"type": "Feature", "properties": {"name": "p7252", "val": 7252}, "geometry": {"type": "Point", "coordinates": [-128, -38]}}, {"type": "Feature", "properties": {"name": "p7253", "val": 7253}, "geometry": {"type": "Point", "coordinates": [-127, -37]}}, {"type": "Feature", "properties": {"name": "p7254", "val": 7254}, "geometry": {"type": "Point", "coordinates": [-126, -36]}}, {"type": "Feature", "properties": {"name": "p7255", "val": 7255}, "geometry": {"type": "Point", "coordinates": [-125, -35]}}, {"type": "Feature", "properties": {"name": "p7256", "val": 7256}, "geometry": {"type": "Point", "coordinates": [-124, -34]}}, {"type": "Feature", "properties": {"name": "p7257", "val": 7257}, "geometry": {"type": "Point", "coordinates": [-123, -33]}}, {"type": "Feature", "properties": {"name": "p7258", "val": 7258}, "geometry": {"type": "Point", "coordinates": [-122, -32]}}, {"type": "Feature", "properties": {"name": "p7259", "val": 7259}, "geometry": {"type": "Point", "coordinates": [-121, -31]}}, {"type": "Feature", "properties": {"name": "p7260", "val": 7260}, "geometry": {"type": "Point", "coordinates": [-120, -30]}}, {"type": "Feature", "properties": {"name": "p7261", "val": 7261}, "geometry": {"type": "Point", "coordinates": [-119, -29]}}, {"type": "Feature", "properties": {"name": "p7262", "val": 7262}, "geometry": {"type": "Point", "coordinates": [-118, -28]}}, {"type": "Feature", "properties": {"name": "p7263", "val": 7263}, "geometry": {"type": "Point", "coordinates": [-117, -27]}}, {"type": "Feature", "properties": {"name": "p7264", "val": 7264}, "geometry": {"type": "Point", "coordinates": [-116, -26]}}, {"type": "Feature", "properties": {"name": "p7265", "val": 7265}, "geometry": {"type": "Point", "coordinates": [-115, -25]}}, {"type": "Feature", "properties": {"name": "p7266", "val": 7266}, "geometry": {"type": "Point", "coordinates": [-114, -24]}}, {"type": "Feature", "properties": {"name": "p7267", "val": 7267}, "geometry": {"type": "Point", "coordinates": [-113, -23]}}, {"type": "Feature", "properties": {"name": "p7268", "val": 7268}, "geometry": {"type": "Point", "coordinates": [-112, -22]}}, {"type": "Feature", "properties": {"name": "p7269", "val": 7269}, "geometry": {"type": "Point", "coordinates": [-111, -21]}}, {"type": "Feature", "properties": {"name": "p7270", "val": 7270}, "geometry": {"type": "Point", "coordinates": [-110, -20]}}, {"type": "Feature", "properties": {"name": "p7271", "val": 7271}, "geometry": {"type": "Point", "coordinates": [-109, -19]}}, {"type": "Feature", "properties": {"name": "p7272", "val": 7272}, "geometry": {"type": "Point", "coordinates": [-108, -18]}}, {"type": "Feature", "properties": {"name": "p7273", "val": 7273}, "geometry": {"type": "Point", "coordinates": [-107, -17]}}, {"type": "Feature", "properties": {"name": "p7274", "val": 7274}, "geometry": {"type": "Point", "coordinates": [-106, -16]}}, {"type": "Feature", "properties": {"name": "p7275", "val": 7275}, "geometry": {"type": "Point", "coordinates": [-105, -15]}}, {"type": "Feature", "properties": {"name": "p7276", "val": 7276}, "geometry": {"type": "Point", "coordinates": [-104, -14]}}, {"type": "Feature", "properties": {"name": "p7277", "val": 7277}, "geometry": {"type": "Point", "coordinates": [-103, -13]}}, {"type": "Feature", "properties": {"name": "p7278", "val": 7278}, "geometry": {"type": "Point", "coordinates": [-102, -12]}}, {"type": "Feature", "properties": {"name": "p7279", "val": 7279}, "geometry": {"type": "Point", "coordinates": [-101, -11]}}, {"type": "Feature", "properties": {"name": "p7280", "val": 7280}, "geometry": {"type": "Point", "coordinates": [-100, -10]}}, {"type": "Feature", "properties": {"name": "p7281", "val": 7281}, "geometry": {"type": "Point", "coordinates": [-99, -9]}}, {"type": "Feature", "properties": {"name": "p7282", "val": 7282}, "geometry": {"type": "Point", "coordinates": [-98, -8]}}, {"type": "Feature", "properties": {"name": "p7283", "val": 7283}, "geometry": {"type": "Point", "coordinates": [-97, -7]}}, {"type": "Feature", "properties": {"name": "p7284", "val": 7284}, "geometry": {"type": "Point", "coordinates": [-96, -6]}}, {"type": "Feature", "properties": {"name": "p7285", "val": 7285}, "geometry": {"type": "Point", "coordinates": [-95, -5]}}, {"type": "Feature", "properties": {"name": "p7286", "val": 7286}, "geometry": {"type": "Point", "coordinates": [-94, -4]}}, {"type": "Feature", "properties": {"name": "p7287", "val": 7287}, "geometry": {"type": "Point", "coordinates": [-93, -3]}}, {"type": "Feature", "properties": {"name": "p7288", "val": 7288}, "geometry": {"type": "Point", "coordinates": [-92, -2]}}, {"type": "Feature", "properties": {"name": "p7289", "val": 7289}, "geometry": {"type": "Point", "coordinates": [-91, -1]}}, {"type": "Feature", "properties": {"name": "p7290", "val": 7290}, "geometry": {"type": "Point", "coordinates": [-90, 0]}}, {"type": "Feature", "properties": {"name": "p7291", "val": 7291}, "geometry": {"type": "Point", "coordinates": [-89, 1]}}, {"type": "Feature", "properties": {"name": "p7292", "val": 7292}, "geometry": {"type": "Point", "coordinates": [-88, 2]}}, {"type": "Feature", "properties": {"name": "p7293", "val": 7293}, "geometry": {"type": "Point", "coordinates": [-87, 3]}}, {"type": "Feature", "properties": {"name": "p7294", "val": 7294}, "geometry": {"type": "Point", "coordinates": [-86, 4]}}, {"type": "Feature", "properties": {"name": "p7295", "val": 7295}, "geometry": {"type": "Point", "coordinates": [-85, 5]}}, {"type": "Feature", "properties": {"name": "p7296", "val": 7296}, "geometry": {"type": "Point", "coordinates": [-84, 6]}}, {"type": "Feature", "properties": {"name": "p7297", "val": 7297}, "geometry": {"type": "Point", "coordinates": [-83, 7]}}, {"type": "Feature", "properties": {"name": "p7298", "val": 7298}, "geometry": {"type": "Point", "coordinates": [-82, 8]}}, {"type": "Feature", "properties": {"name": "p7299", "val": 7299}, "geometry": {"type": "Point", "coordinates": [-81, 9]}}, {"type": "Feature", "properties": {"name": "p7300", "val": 7300}, "geometry": {"type": "Point", "coordinates": [-80, 10]}}, {"type": "Feature", "properties": {"name": "p7301", "val": 7301}, "geometry": {"type": "Point", "coordinates": [-79, 11]}}, {"type": "Feature", "properties": {"name": "p7302", "val": 7302}, "geometry": {"type": "Point", "coordinates": [-78, 12]}}, {"type": "Feature", "properties": {"name": "p7303", "val": 7303}, "geometry": {"type": "Point", "coordinates": [-77, 13]}}, {"type": "Feature", "properties": {"name": "p7304", "val": 7304}, "geometry": {"type": "Point", "coordinates": [-76, 14]}}, {"type": "Feature", "properties": {"name": "p7305", "val": 7305}, "geometry": {"type": "Point", "coordinates": [-75, 15]}}, {"type": "Feature", "properties": {"name": "p7306", "val": 7306}, "geometry": {"type": "Point", "coordinates": [-74, 16]}}, {"type": "Feature", "properties": {"name": "p7307", "val": 7307}, "geometry": {"type": "Point", "coordinates": [-73, 17]}}, {"type": "Feature", "properties": {"name": "p7308", "val": 7308}, "geometry": {"type": "Point", "coordinates": [-72, 18]}}, {"type": "Feature", "properties": {"name": "p7309", "val": 7309}, "geometry": {"type": "Point", "coordinates": [-71, 19]}}, {"type": "Feature", "properties": {"name": "p7310", "val": 7310}, "geometry": {"type": "Point", "coordinates": [-70, 20]}}, {"type": "Feature", "properties": {"name": "p7311", "val": 7311}, "geometry": {"type": "Point", "coordinates": [-69, 21]}}, {"type": "Feature", "properties": {"name": "p7312", "val": 7312}, "geometry": {"type": "Point", "coordinates": [-68, 22]}}, {"type": "Feature", "properties": {"name": "p7313", "val": 7313}, "geometry": {"type": "Point", "coordinates": [-67, 23]}}, {"type": "Feature", "properties": {"name": "p7314", "val": 7314}, "geometry": {"type": "Point", "coordinates": [-66, 24]}}, {"type": "Feature", "properties": {"name": "p7315", "val": 7315}, "geometry": {"type": "Point", "coordinates": [-65, 25]}}, {"type": "Feature", "properties": {"name": "p7316", "val": 7316}, "geometry": {"type": "Point", "coordinates": [-64, 26]}}, {"type": "Feature", "properties": {"name": "p7317", "val": 7317}, "geometry": {"type": "Point", "coordinates": [-63, 27]}}, {"type": "Feature", "properties": {"name": "p7318", "val": 7318}, "geometry": {"type": "Point", "coordinates": [-62, 28]}}, {"type": "Feature", "properties": {"name": "p7319", "val": 7319}, "geometry": {"type": "Point", "coordinates": [-61, 29]}}, {"type": "Feature", "properties": {"name": "p7320", "val": 7320}, "geometry": {"type": "Point", "coordinates": [-60, 30]}}, {"type": "Feature", "properties": {"name": "p7321", "val": 7321}, "geometry": {"type": "Point", "coordinates": [-59, 31]}}, {"type": "Feature", "properties": {"name": "p7322", "val": 7322}, "geometry": {"type": "Point", "coordinates": [-58, 32]}}, {"type": "Feature", "properties": {"name": "p7323", "val": 7323}, "geometry": {"type": "Point", "coordinates": [-57, 33]}}, {"type": "Feature", "properties": {"name": "p7324", "val": 7324}, "geometry": {"type": "Point", "coordinates": [-56, 34]}}, {"type": "Feature", "properties": {"name": "p7325", "val": 7325}, "geometry": {"type": "Point", "coordinates": [-55, 35]}}, {"type": "Feature", "properties": {"name": "p7326", "val": 7326}, "geometry": {"type": "Point", "coordinates": [-54, 36]}}, {"type": "Feature", "properties": {"name": "p7327", "val": 7327}, "geometry": {"type": "Point", "coordinates": [-53, 37]}}, {"type": "Feature", "properties": {"name": "p7328", "val": 7328}, "geometry": {"type": "Point", "coordinates": [-52, 38]}}, {"type": "Feature", "properties": {"name": "p7329", "val": 7329}, "geometry": {"type": "Point", "coordinates": [-51, 39]}}, {"type": "Feature", "properties": {"name": "p7330", "val": 7330}, "geometry": {"type": "Point", "coordinates": [-50, 40]}}, {"type": "Feature", "properties": {"name": "p7331", "val": 7331}, "geometry": {"type": "Point", "coordinates": [-49, 41]}}, {"type": "Feature", "properties": {"name": "p7332", "val": 7332}, "geometry": {"type": "Point", "coordinates": [-48, 42]}}, {"type": "Feature", "properties": {"name": "p7333", "val": 7333}, "geometry": {"type": "Point", "coordinates": [-47, 43]}}, {"type": "Feature", "properties": {"name": "p7334", "val": 7334}, "geometry": {"type": "Point", "coordinates": [-46, 44]}}, {"type": "Feature", "properties": {"name": "p7335", "val": 7335}, "geometry": {"type": "Point", "coordinates": [-45, 45]}}, {"type": "Feature", "properties": {"name": "p7336", "val": 7336}, "geometry": {"type": "Point", "coordinates": [-44, 46]}}, {"type": "Feature", "properties": {"name": "p7337", "val": 7337}, "geometry": {"type": "Point", "coordinates": [-43, 47]}}, {"type": "Feature", "properties": {"name": "p7338", "val": 7338}, "geometry": {"type": "Point", "coordinates": [-42, 48]}}, {"type": "Feature", "properties": {"name": "p7339", "val": 7339}, "geometry": {"type": "Point", "coordinates": [-41, 49]}}, {"type": "Feature", "properties": {"name": "p7340", "val": 7340}, "geometry": {"type": "Point", "coordinates": [-40, 50]}}, {"type": "Feature", "properties": {"name": "p7341", "val": 7341}, "geometry": {"type": "Point", "coordinates": [-39, 51]}}, {"type": "Feature", "properties": {"name": "p7342", "val": 7342}, "geometry": {"type": "Point", "coordinates": [-38, 52]}}, {"type": "Feature", "properties": {"name": "p7343", "val": 7343}, "geometry": {"type": "Point", "coordinates": [-37, 53]}}, {"type": "Feature", "properties": {"name": "p7344", "val": 7344}, "geometry": {"type": "Point", "coordinates": [-36, 54]}}, {"type": "Feature", "properties": {"name": "p7345", "val": 7345}, "geometry": {"type": "Point", "coordinates": [-35, 55]}}, {"type": "Feature", "properties": {"name": "p7346", "val": 7346}, "geometry": {"type": "Point", "coordinates": [-34, 56]}}, {"type": "Feature", "properties": {"name": "p7347", "val": 7347}, "geometry": {"type": "Point", "coordinates": [-33, 57]}}, {"type": "Feature", "properties": {"name": "p7348", "val": 7348}, "geometry": {"type": "Point", "coordinates": [-32, 58]}}, {"type": "Feature", "properties": {"name": "p7349", "val": 7349}, "geometry": {"type": "Point", "coordinates": [-31, 59]}}, {"type": "Feature", "properties": {"name": "p7350", "val": 7350}, "geometry": {"type": "Point", "coordinates": [-30, 60]}}, {"type": "Feature", "properties": {"name": "p7351", "val": 7351}, "geometry": {"type": "Point", "coordinates": [-29, 61]}}, {"type": "Feature", "properties": {"name": "p7352", "val": 7352}, "geometry": {"type": "Point", "coordinates": [-28, 62]}}, {"type": "Feature", "properties": {"name": "p7353", "val": 7353}, "geometry": {"type": "Point", "coordinates": [-27, 63]}}, {"type": "Feature", "properties": {"name": "p7354", "val": 7354}, "geometry": {"type": "Point", "coordinates": [-26, 64]}}, {"type": "Feature", "properties": {"name": "p7355", "val": 7355}, "geometry": {"type": "Point", "coordinates": [-25, 65]}}, {"type": "Feature", "properties": {"name": "p7356", "val": 7356}, "geometry": {"type": "Point", "coordinates": [-24, 66]}}, {"type": "Feature", "properties": {"name": "p7357", "val": 7357}, "geometry": {"type": "Point", "coordinates": [-23, 67]}}, {"type": "Feature", "properties": {"name": "p7358", "val": 7358}, "geometry": {"type": "Point", "coordinates": [-22, 68]}}, {"type": "Feature", "properties": {"name": "p7359", "val": 7359}, "geometry": {"type": "Point", "coordinates": [-21, 69]}}, {"type": "Feature", "properties": {"name": "p7360", "val": 7360}, "geometry": {"type": "Point", "coordinates": [-20, 70]}}, {"type": "Feature", "properties": {"name": "p7361", "val": 7361}, "geometry": {"type": "Point", "coordinates": [-19, 71]}}, {"type": "Feature", "properties": {"name": "p7362", "val": 7362}, "geometry": {"type": "Point", "coordinates": [-18, 72]}}, {"type": "Feature", "properties": {"name": "p7363", "val": 7363}, "geometry": {"type": "Point", "coordinates": [-17, 73]}}, {"type": "Feature", "properties": {"name": "p7364", "val": 7364}, "geometry": {"type": "Point", "coordinates": [-16, 74]}}, {"type": "Feature", "properties": {"name": "p7365", "val": 7365}, "geometry": {"type": "Point", "coordinates": [-15, 75]}}, {"type": "Feature", "properties": {"name": "p7366", "val": 7366}, "geometry": {"type": "Point", "coordinates": [-14, 76]}}, {"type": "Feature", "properties": {"name": "p7367", "val": 7367}, "geometry": {"type": "Point", "coordinates": [-13, 77]}}, {"type": "Feature", "properties": {"name": "p7368", "val": 7368}, "geometry": {"type": "Point", "coordinates": [-12, 78]}}, {"type": "Feature", "properties": {"name": "p7369", "val": 7369}, "geometry": {"type": "Point", "coordinates": [-11, 79]}}, {"type": "Feature", "properties": {"name": "p7370", "val": 7370}, "geometry": {"type": "Point", "coordinates": [-10, 80]}}, {"type": "Feature", "properties": {"name": "p7371", "val": 7371}, "geometry": {"type": "Point", "coordinates": [-9, 81]}}, {"type": "Feature", "properties": {"name": "p7372", "val": 7372}, "geometry": {"type": "Point", "coordinates": [-8, 82]}}, {"type": "Feature", "properties": {"name": "p7373", "val": 7373}, "geometry": {"type": "Point", "coordinates": [-7, 83]}}, {"type": "Feature", "properties": {"name": "p7374", "val": 7374}, "geometry": {"type": "Point", "coordinates": [-6, 84]}}, {"type": "Feature", "properties": {"name": "p7375", "val": 7375}, "geometry": {"type": "Point", "coordinates": [-5, 85]}}, {"type": "Feature", "properties": {"name": "p7376", "val": 7376}, "geometry": {"type": "Point", "coordinates": [-4, 86]}}, {"type": "Feature", "properties": {"name": "p7377", "val": 7377}, "geometry": {"type": "Point", "coordinates": [-3, 87]}}, {"type": "Feature", "properties": {"name": "p7378", "val": 7378}, "geometry": {"type": "Point", "coordinates": [-2, 88]}}, {"type": "Feature", "properties": {"name": "p7379", "val": 7379}, "geometry": {"type": "Point", "coordinates": [-1, 89]}}, {"type": "Feature", "properties": {"name": "p7380", "val": 7380}, "geometry": {"type": "Point", "coordinates": [0, -90]}}, {"type": "Feature", "properties": {"name": "p7381", "val": 7381}, "geometry": {"type": "Point", "coordinates": [1, -89]}}, {"type": "Feature", "properties": {"name": "p7382", "val": 7382}, "geometry": {"type": "Point", "coordinates": [2, -88]}}, {"type": "Feature", "properties": {"name": "p7383", "val": 7383}, "geometry": {"type": "Point", "coordinates": [3, -87]}}, {"type": "Feature", "properties": {"name": "p7384", "val": 7384}, "geometry": {"type": "Point", "coordinates": [4, -86]}}, {"type": "Feature", "properties": {"name": "p7385", "val": 7385}, "geometry": {"type": "Point", "coordinates": [5, -85]}}, {"type": "Feature", "properties": {"name": "p7386", "val": 7386}, "geometry": {"type": "Point", "coordinates": [6, -84]}}, {"type": "Feature", "properties": {"name": "p7387", "val": 7387}, "geometry": {"type": "Point", "coordinates": [7, -83]}}, {"type": "Feature", "properties": {"name": "p7388", "val": 7388}, "geometry": {"type": "Point", "coordinates": [8, -82]}}, {"type": "Feature", "properties": {"name": "p7389", "val": 7389}, "geometry": {"type": "Point", "coordinates": [9, -81]}}, {"type": "Feature", "properties": {"name": "p7390", "val": 7390}, "geometry": {"type": "Point", "coordinates": [10, -80]}}, {"type": "Feature", "properties": {"name": "p7391", "val": 7391}, "geometry": {"type": "Point", "coordinates": [11, -79]}}, {"type": "Feature", "properties": {"name": "p7392", "val": 7392}, "geometry": {"type": "Point", "coordinates": [12, -78]}}, {"type": "Feature", "properties": {"name": "p7393", "val": 7393}, "geometry": {"type": "Point", "coordinates": [13, -77]}}, {"type": "Feature", "properties": {"name": "p7394", "val": 7394}, "geometry": {"type": "Point", "coordinates": [14, -76]}}, {"type": "Feature", "properties": {"name": "p7395", "val": 7395}, "geometry": {"type": "Point", "coordinates": [15, -75]}}, {"type": "Feature", "properties": {"name": "p7396", "val": 7396}, "geometry": {"type": "Point", "coordinates": [16, -74]}}, {"type": "Feature", "properties": {"name": "p7397", "val": 7397}, "geometry": {"type": "Point", "coordinates": [17, -73]}}, {"type": "Feature", "properties": {"name": "p7398", "val": 7398}, "geometry": {"type": "Point", "coordinates": [18, -72]}}, {"type": "Feature", "properties": {"name": "p7399", "val": 7399}, "geometry": {"type": "Point", "coordinates": [19, -71]}}, {"type": "Feature", "properties": {"name": "p7400", "val": 7400}, "geometry": {"type": "Point", "coordinates": [20, -70]}}, {"type": "Feature", "properties": {"name": "p7401", "val": 7401}, "geometry": {"type": "Point", "coordinates": [21, -69]}}, {"type": "Feature", "properties": {"name": "p7402", "val": 7402}, "geometry": {"type": "Point", "coordinates": [22, -68]}}, {"type": "Feature", "properties": {"name": "p7403", "val": 7403}, "geometry": {"type": "Point", "coordinates": [23, -67]}}, {"type": "Feature", "properties": {"name": "p7404", "val": 7404}, "geometry": {"type": "Point", "coordinates": [24, -66]}}, {"type": "Feature", "properties": {"name": "p7405", "val": 7405}, "geometry": {"type": "Point", "coordinates": [25, -65]}}, {"type": "Feature", "properties": {"name": "p7406", "val": 7406}, "geometry": {"type": "Point", "coordinates": [26, -64]}}, {"type": "Feature", "properties": {"name": "p7407", "val": 7407}, "geometry": {"type": "Point", "coordinates": [27, -63]}}, {"type": "Feature", "properties": {"name": "p7408", "val": 7408}, "geometry": {"type": "Point", "coordinates": [28, -62]}}, {"type": "Feature", "properties": {"name": "p7409", "val": 7409}, "geometry": {"type": "Point", "coordinates": [29, -61]}}, {"type": "Feature", "properties": {"name": "p7410", "val": 7410}, "geometry": {"type": "Point", "coordinates": [30, -60]}}, {"type": "Feature", "properties": {"name": "p7411", "val": 7411}, "geometry": {"type": "Point", "coordinates": [31, -59]}}, {"type": "Feature", "properties": {"name": "p7412", "val": 7412}, "geometry": {"type": "Point", "coordinates": [32, -58]}}, {"type": "Feature", "properties": {"name": "p7413", "val": 7413}, "geometry": {"type": "Point", "coordinates": [33, -57]}}, {"type": "Feature", "properties": {"name": "p7414", "val": 7414}, "geometry": {"type": "Point", "coordinates": [34, -56]}}, {"type": "Feature", "properties": {"name": "p7415", "val": 7415}, "geometry": {"type": "Point", "coordinates": [35, -55]}}, {"type": "Feature", "properties": {"name": "p7416", "val": 7416}, "geometry": {"type": "Point", "coordinates": [36, -54]}}, {"type": "Feature", "properties": {"name": "p7417", "val": 7417}, "geometry": {"type": "Point", "coordinates": [37, -53]}}, {"type": "Feature", "properties": {"name": "p7418", "val": 7418}, "geometry": {"type": "Point", "coordinates": [38, -52]}}, {"type": "Feature", "properties": {"name": "p7419", "val": 7419}, "geometry": {"type": "Point", "coordinates": [39, -51]}}, {"type": "Feature", "properties": {"name": "p7420", "val": 7420}, "geometry": {"type": "Point", "coordinates": [40, -50]}}, {"type": "Feature", "properties": {"name": "p7421", "val": 7421}, "geometry": {"type": "Point", "coordinates": [41, -49]}}, {"type": "Feature", "properties": {"name": "p7422", "val": 7422}, "geometry": {"type": "Point", "coordinates": [42, -48]}}, {"type": "Feature", "properties": {"name": "p7423", "val": 7423}, "geometry": {"type": "Point", "coordinates": [43, -47]}}, {"type": "Feature", "properties": {"name": "p7424", "val": 7424}, "geometry": {"type": "Point", "coordinates": [44, -46]}}, {"type": "Feature", "properties": {"name": "p7425", "val": 7425}, "geometry": {"type": "Point", "coordinates": [45, -45]}}, {"type": "Feature", "properties": {"name": "p7426", "val": 7426}, "geometry": {"type": "Point", "coordinates": [46, -44]}}, {"type": "Feature", "properties": {"name": "p7427", "val": 7427}, "geometry": {"type": "Point", "coordinates": [47, -43]}}, {"type": "Feature", "properties": {"name": "p7428", "val": 7428}, "geometry": {"type": "Point", "coordinates": [48, -42]}}, {"type": "Feature", "properties": {"name": "p7429", "val": 7429}, "geometry": {"type": "Point", "coordinates": [49, -41]}}, {"type": "Feature", "properties": {"name": "p7430", "val": 7430}, "geometry": {"type": "Point", "coordinates": [50, -40]}}, {"type": "Feature", "properties": {"name": "p7431", "val": 7431}, "geometry": {"type": "Point", "coordinates": [51, -39]}}, {"type": "Feature", "properties": {"name": "p7432", "val": 7432}, "geometry": {"type": "Point", "coordinates": [52, -38]}}, {"type": "Feature", "properties": {"name": "p7433", "val": 7433}, "geometry": {"type": "Point", "coordinates": [53, -37]}}, {"type": "Feature", "properties": {"name": "p7434", "val": 7434}, "geometry": {"type": "Point", "coordinates": [54, -36]}}, {"type": "Feature", "properties": {"name": "p7435", "val": 7435}, "geometry": {"type": "Point", "coordinates": [55, -35]}}, {"type": "Feature", "properties": {"name": "p7436", "val": 7436}, "geometry": {"type": "Point", "coordinates": [56, -34]}}, {"type": "Feature", "properties": {"name": "p7437", "val": 7437}, "geometry": {"type": "Point", "coordinates": [57, -33]}}, {"type": "Feature", "properties": {"name": "p7438", "val": 7438}, "geometry": {"type": "Point", "coordinates": [58, -32]}}, {"type": "Feature", "properties": {"name": "p7439", "val": 7439}, "geometry": {"type": "Point", "coordinates": [59, -31]}}, {"type": "Feature", "properties": {"name": "p7440", "val": 7440}, "geometry": {"type": "Point", "coordinates": [60, -30]}}, {"type": "Feature", "properties": {"name": "p7441", "val": 7441}, "geometry": {"type": "Point", "coordinates": [61, -29]}}, {"type": "Feature", "properties": {"name": "p7442", "val": 7442}, "geometry": {"type": "Point", "coordinates": [62, -28]}}, {"type": "Feature", "properties": {"name": "p7443", "val": 7443}, "geometry": {"type": "Point", "coordinates": [63, -27]}}, {"type": "Feature", "properties": {"name": "p7444", "val": 7444}, "geometry": {"type": "Point", "coordinates": [64, -26]}}, {"type": "Feature", "properties": {"name": "p7445", "val": 7445}, "geometry": {"type": "Point", "coordinates": [65, -25]}}, {"type": "Feature", "properties": {"name": "p7446", "val": 7446}, "geometry": {"type": "Point", "coordinates": [66, -24]}}, {"type": "Feature", "properties": {"name": "p7447", "val": 7447}, "geometry": {"type": "Point", "coordinates": [67, -23]}}, {"type": "Feature", "properties": {"name": "p7448", "val": 7448}, "geometry": {"type": "Point", "coordinates": [68, -22]}}, {"type": "Feature", "properties": {"name": "p7449", "val": 7449}, "geometry": {"type": "Point", "coordinates": [69, -21]}}, {"type": "Feature", "properties": {"name": "p7450", "val": 7450}, "geometry": {"type": "Point", "coordinates": [70, -20]}}, {"type": "Feature", "properties": {"name": "p7451", "val": 7451}, "geometry": {"type": "Point", "coordinates": [71, -19]}}, {"type": "Feature", "properties": {"name": "p7452", "val": 7452}, "geometry": {"type": "Point", "coordinates": [72, -18]}}, {"type": "Feature", "properties": {"name": "p7453", "val": 7453}, "geometry": {"type": "Point", "coordinates": [73, -17]}}, {"type": "Feature", "properties": {"name": "p7454", "val": 7454}, "geometry": {"type": "Point", "coordinates": [74, -16]}}, {"type": "Feature", "properties": {"name": "p7455", "val": 7455}, "geometry": {"type": "Point", "coordinates": [75, -15]}}, {"type": "Feature", "properties": {"name": "p7456", "val": 7456}, "geometry": {"type": "Point", "coordinates": [76, -14]}}, {"type": "Feature", "properties": {"name": "p7457", "val": 7457}, "geometry": {"type": "Point", "coordinates": [77, -13]}}, {"type": "Feature", "properties": {"name": "p7458", "val": 7458}, "geometry": {"type": "Point", "coordinates": [78, -12]}}, {"type": "Feature", "properties": {"name": "p7459", "val": 7459}, "geometry": {"type": "Point", "coordinates": [79, -11]}}, {"type": "Feature", "properties": {"name": "p7460", "val": 7460}, "geometry": {"type": "Point", "coordinates": [80, -10]}}, {"type": "Feature", "properties": {"name": "p7461", "val": 7461}, "geometry": {"type": "Point", "coordinates": [81, -9]}}, {"type": "Feature", "properties": {"name": "p7462", "val": 7462}, "geometry": {"type": "Point", "coordinates": [82, -8]}}, {"type": "Feature", "properties": {"name": "p7463", "val": 7463}, "geometry": {"type": "Point", "coordinates": [83, -7]}}, {"type": "Feature", "properties": {"name": "p7464", "val": 7464}, "geometry": {"type": "Point", "coordinates": [84, -6]}}, {"type": "Feature", "properties": {"name": "p7465", "val": 7465}, "geometry": {"type": "Point", "coordinates": [85, -5]}}, {"type": "Feature", "properties": {"name": "p7466", "val": 7466}, "geometry": {"type": "Point", "coordinates": [86, -4]}}, {"type": "Feature", "properties": {"name": "p7467", "val": 7467}, "geometry": {"type": "Point", "coordinates": [87, -3]}}, {"type": "Feature", "properties": {"name": "p7468", "val": 7468}, "geometry": {"type": "Point", "coordinates": [88, -2]}}, {"type": "Feature", "properties": {"name": "p7469", "val": 7469}, "geometry": {"type": "Point", "coordinates": [89, -1]}}, {"type": "Feature", "properties": {"name": "p7470", "val": 7470}, "geometry": {"type": "Point", "coordinates": [90, 0]}}, {"type": "Feature", "properties": {"name": "p7471", "val": 7471}, "geometry": {"type": "Point", "coordinates": [91, 1]}}, {"type": "Feature", "properties": {"name": "p7472", "val": 7472}, "geometry": {"type": "Point", "coordinates": [92, 2]}}, {"type": "Feature", "properties": {"name": "p7473", "val": 7473}, "geometry": {"type": "Point", "coordinates": [93, 3]}}, {"type": "Feature", "properties": {"name": "p7474", "val": 7474}, "geometry": {"type": "Point", "coordinates": [94, 4]}}, {"type": "Feature", "properties": {"name": "p7475", "val": 7475}, "geometry": {"type": "Point", "coordinates": [95, 5]}}, {"type": "Feature", "properties": {"name": "p7476", "val": 7476}, "geometry": {"type": "Point", "coordinates": [96, 6]}}, {"type": "Feature", "properties": {"name": "p7477", "val": 7477}, "geometry": {"type": "Point", "coordinates": [97, 7]}}, {"type": "Feature", "properties": {"name": "p7478", "val": 7478}, "geometry": {"type": "Point", "coordinates": [98, 8]}}, {"type": "Feature", "properties": {"name": "p7479", "val": 7479}, "geometry": {"type": "Point", "coordinates": [99, 9]}}, {"type": "Feature", "properties": {"name": "p7480", "val": 7480}, "geometry": {"type": "Point", "coordinates": [100, 10]}}, {"type": "Feature", "properties": {"name": "p7481", "val": 7481}, "geometry": {"type": "Point", "coordinates": [101, 11]}}, {"type": "Feature", "properties": {"name": "p7482", "val": 7482}, "geometry": {"type": "Point", "coordinates": [102, 12]}}, {"type": "Feature", "properties": {"name": "p7483", "val": 7483}, "geometry": {"type": "Point", "coordinates": [103, 13]}}, {"type": "Feature", "properties": {"name": "p7484", "val": 7484}, "geometry": {"type": "Point", "coordinates": [104, 14]}}, {"type": "Feature", "properties": {"name": "p7485", "val": 7485}, "geometry": {"type": "Point", "coordinates": [105, 15]}}, {"type": "Feature", "properties": {"name": "p7486", "val": 7486}, "geometry": {"type": "Point", "coordinates": [106, 16]}}, {"type": "Feature", "properties": {"name": "p7487", "val": 7487}, "geometry": {"type": "Point", "coordinates": [107, 17]}}, {"type": "Feature", "properties": {"name": "p7488", "val": 7488}, "geometry": {"type": "Point", "coordinates": [108, 18]}}, {"type": "Feature", "properties": {"name": "p7489", "val": 7489}, "geometry": {"type": "Point", "coordinates": [109, 19]}}, {"type": "Feature", "properties": {"name": "p7490", "val": 7490}, "geometry": {"type": "Point", "coordinates": [110, 20]}}, {"type": "Feature", "properties": {"name": "p7491", "val": 7491}, "geometry": {"type": "Point", "coordinates": [111, 21]}}, {"type": "Feature", "properties": {"name": "p7492", "val": 7492}, "geometry": {"type": "Point", "coordinates": [112, 22]}}, {"type": "Feature", "properties": {"name": "p7493", "val": 7493}, "geometry": {"type": "Point", "coordinates": [113, 23]}}, {"type": "Feature", "properties": {"name": "p7494", "val": 7494}, "geometry": {"type": "Point", "coordinates": [114, 24]}}, {"type": "Feature", "properties": {"name": "p7495", "val": 7495}, "geometry": {"type": "Point", "coordinates": [115, 25]}}, {"type": "Feature", "properties": {"name": "p7496", "val": 7496}, "geometry": {"type": "Point", "coordinates": [116, 26]}}, {"type": "Feature", "properties": {"name": "p7497", "val": 7497}, "geometry": {"type": "Point", "coordinates": [117, 27]}}, {"type": "Feature", "properties": {"name": "p7498", "val": 7498}, "geometry": {"type": "Point", "coordinates": [118, 28]}}, {"type": "Feature", "properties": {"name": "p7499", "val": 7499}, "geometry": {"type": "Point", "coordinates": [119, 29]}}, {"type": "Feature", "properties": {"name": "p7500", "val": 7500}, "geometry": {"type": "Point", "coordinates": [120, 30]}}, {"type": "Feature", "properties": {"name": "p7501", "val": 7501}, "geometry": {"type": "Point", "coordinates": [121, 31]}}, {"type": "Feature", "properties": {"name": "p7502", "val": 7502}, "geometry": {"type": "Point", "coordinates": [122, 32]}}, {"type": "Feature", "properties": {"name": "p7503", "val": 7503}, "geometry": {"type": "Point", "coordinates": [123, 33]}}, {"type": "Feature", "properties": {"name": "p7504", "val": 7504}, "geometry": {"type": "Point", "coordinates": [124, 34]}}, {"type": "Feature", "properties": {"name": "p7505", "val": 7505}, "geometry": {"type": "Point", "coordinates": [125, 35]}}, {"type": "Feature", "properties": {"name": "p7506", "val": 7506}, "geometry": {"type": "Point", "coordinates": [126, 36]}}, {"type": "Feature", "properties": {"name": "p7507", "val": 7507}, "geometry": {"type": "Point", "coordinates": [127, 37]}}, {"type": "Feature", "properties": {"name": "p7508", "val": 7508}, "geometry": {"type": "Point", "coordinates": [128, 38]}}, {"type": "Feature", "properties": {"name": "p7509", "val": 7509}, "geometry": {"type": "Point", "coordinates": [129, 39]}}, {"type": "Feature", "properties": {"name": "p7510", "val": 7510}, "geometry": {"type": "Point", "coordinates": [130, 40]}}, {"type": "Feature", "properties": {"name": "p7511", "val": 7511}, "geometry": {"type": "Point", "coordinates": [131, 41]}}, {"type": "Feature", "properties": {"name": "p7512", "val": 7512}, "geometry": {"type": "Point", "coordinates": [132, 42]}}, {"type": "Feature", "properties": {"name": "p7513", "val": 7513}, "geometry": {"type": "Point", "coordinates": [133, 43]}}, {"type": "Feature", "properties": {"name": "p7514", "val": 7514}, "geometry": {"type": "Point", "coordinates": [134, 44]}}, {"type": "Feature", "properties": {"name": "p7515", "val": 7515}, "geometry": {"type": "Point", "coordinates": [135, 45]}}, {"type": "Feature", "properties": {"name": "p7516", "val": 7516}, "geometry": {"type": "Point", "coordinates": [136, 46]}}, {"type": "Feature", "properties": {"name": "p7517", "val": 7517}, "geometry": {"type": "Point", "coordinates": [137, 47]}}, {"type": "Feature", "properties": {"name": "p7518", "val": 7518}, "geometry": {"type": "Point", "coordinates": [138, 48]}}, {"type": "Feature", "properties": {"name": "p7519", "val": 7519}, "geometry": {"type": "Point", "coordinates": [139, 49]}}, {"type": "Feature", "properties": {"name": "p7520", "val": 7520}, "geometry": {"type": "Point", "coordinates": [140, 50]}}, {"type": "Feature", "properties": {"name": "p7521", "val": 7521}, "geometry": {"type": "Point", "coordinates": [141, 51]}}, {"type": "Feature", "properties": {"name": "p7522", "val": 7522}, "geometry": {"type": "Point", "coordinates": [142, 52]}}, {"type": "Feature", "properties": {"name": "p7523", "val": 7523}, "geometry": {"type": "Point", "coordinates": [143, 53]}}, {"type": "Feature", "properties": {"name": "p7524", "val": 7524}, "geometry": {"type": "Point", "coordinates": [144, 54]}}, {"type": "Feature", "properties": {"name": "p7525", "val": 7525}, "geometry": {"type": "Point", "coordinates": [145, 55]}}, {"type": "Feature", "properties": {"name": "p7526", "val": 7526}, "geometry": {"type": "Point", "coordinates": [146, 56]}}, {"type": "Feature", "properties": {"name": "p7527", "val": 7527}, "geometry": {"type": "Point", "coordinates": [147, 57]}}, {"type": "Feature", "properties": {"name": "p7528", "val": 7528}, "geometry": {"type": "Point", "coordinates": [148, 58]}}, {"type": "Feature", "properties": {"name": "p7529", "val": 7529}, "geometry": {"type": "Point", "coordinates": [149, 59]}}, {"type": "Feature", "properties": {"name": "p7530", "val": 7530}, "geometry": {"type": "Point", "coordinates": [150, 60]}}, {"type": "Feature", "properties": {"name": "p7531", "val": 7531}, "geometry": {"type": "Point", "coordinates": [151, 61]}}, {"type": "Feature", "properties": {"name": "p7532", "val": 7532}, "geometry": {"type": "Point", "coordinates": [152, 62]}}, {"type": "Feature", "properties": {"name": "p7533", "val": 7533}, "geometry": {"type": "Point", "coordinates": [153, 63]}}, {"type": "Feature", "properties": {"name": "p7534", "val": 7534}, "geometry": {"type": "Point", "coordinates": [154, 64]}}, {"type": "Feature", "properties": {"name": "p7535", "val": 7535}, "geometry": {"type": "Point", "coordinates": [155, 65]}}, {"type": "Feature", "properties": {"name": "p7536", "val": 7536}, "geometry": {"type": "Point", "coordinates": [156, 66]}}, {"type": "Feature", "properties": {"name": "p7537", "val": 7537}, "geometry": {"type": "Point", "coordinates": [157, 67]}}, {"type": "Feature", "properties": {"name": "p7538", "val": 7538}, "geometry": {"type": "Point", "coordinates": [158, 68]}}, {"type": "Feature", "properties": {"name": "p7539", "val": 7539}, "geometry": {"type": "Point", "coordinates": [159, 69]}}, {"type": "Feature", "properties": {"name": "p7540", "val": 7540}, "geometry": {"type": "Point", "coordinates": [160, 70]}}, {"type": "Feature", "properties": {"name": "p7541", "val": 7541}, "geometry": {"type": "Point", "coordinates": [161, 71]}}, {"type": "Feature", "properties": {"name": "p7542", "val": 7542}, "geometry": {"type": "Point", "coordinates": [162, 72]}}, {"type": "Feature", "properties": {"name": "p7543", "val": 7543}, "geometry": {"type": "Point", "coordinates": [163, 73]}}, {"type": "Feature", "properties": {"name": "p7544", "val": 7544}, "geometry": {"type": "Point", "coordinates": [164, 74]}}, {"type": "Feature", "properties": {"name": "p7545", "val": 7545}, "geometry": {"type": "Point", "coordinates": [165, 75]}}, {"type": "Feature", "properties": {"name": "p7546", "val": 7546}, "geometry": {"type": "Point", "coordinates": [166, 76]}}, {"type": "Feature", "properties": {"name": "p7547", "val": 7547}, "geometry": {"type": "Point", "coordinates": [167, 77]}}, {"type": "Feature", "properties": {"name": "p7548", "val": 7548}, "geometry": {"type": "Point", "coordinates": [168, 78]}}, {"type": "Feature", "properties": {"name": "p7549", "val": 7549}, "geometry": {"type": "Point", "coordinates": [169, 79]}}, {"type": "Feature", "properties": {"name": "p7550", "val": 7550}, "geometry": {"type": "Point", "coordinates": [170, 80]}}, {"type": "Feature", "properties": {"name": "p7551", "val": 7551}, "geometry": {"type": "Point", "coordinates": [171, 81]}}, {"type": "Feature", "properties": {"name": "p7552", "val": 7552}, "geometry": {"type": "Point", "coordinates": [172, 82]}}, {"type": "Feature", "properties": {"name": "p7553", "val": 7553}, "geometry": {"type": "Point", "coordinates": [173, 83]}}, {"type": "Feature", "properties": {"name": "p7554", "val": 7554}, "geometry": {"type": "Point", "coordinates": [174, 84]}}, {"type": "Feature", "properties": {"name": "p7555", "val": 7555}, "geometry": {"type": "Point", "coordinates": [175, 85]}}, {"type": "Feature", "properties": {"name": "p7556", "val": 7556}, "geometry": {"type": "Point", "coordinates": [176, 86]}}, {"type": "Feature", "properties": {"name": "p7557", "val": 7557}, "geometry": {"type": "Point", "coordinates": [177, 87]}}, {"type": "Feature", "properties": {"name": "p7558", "val": 7558}, "geometry": {"type": "Point", "coordinates": [178, 88]}}, {"type": "Feature", "properties": {"name": "p7559", "val": 7559}, "geometry": {"type": "Point", "coordinates": [179, 89]}}, {"type": "Feature", "properties": {"name": "p7560", "val": 7560}, "geometry": {"type": "Point", "coordinates": [-180, -90]}}, {"type": "Feature", "properties": {"name": "p7561", "val": 7561}, "geometry": {"type": "Point", "coordinates": [-179, -89]}}, {"type": "Feature", "properties": {"name": "p7562", "val": 7562}, "geometry": {"type": "Point", "coordinates": [-178, -88]}}, {"type": "Feature", "properties": {"name": "p7563", "val": 7563}, "geometry": {"type": "Point", "coordinates": [-177, -87]}}, {"type": "Feature", "properties": {"name": "p7564", "val": 7564}, "geometry": {"type": "Point", "coordinates": [-176, -86]}}, {"type": "Feature", "properties": {"name": "p7565", "val": 7565}, "geometry": {"type": "Point", "coordinates": [-175, -85]}}, {"type": "Feature", "properties": {"name": "p7566", "val": 7566}, "geometry": {"type": "Point", "coordinates": [-174, -84]}}, {"type": "Feature", "properties": {"name": "p7567", "val": 7567}, "geometry": {"type": "Point", "coordinates": [-173, -83]}}, {"type": "Feature", "properties": {"name": "p7568", "val": 7568}, "geometry": {"type": "Point", "coordinates": [-172, -82]}}, {"type": "Feature", "properties": {"name": "p7569", "val": 7569}, "geometry": {"type": "Point", "coordinates": [-171, -81]}}, {"type": "Feature", "properties": {"name": "p7570", "val": 7570}, "geometry": {"type": "Point", "coordinates": [-170, -80]}}, {"type": "Feature", "properties": {"name": "p7571", "val": 7571}, "geometry": {"type": "Point", "coordinates": [-169, -79]}}, {"type": "Feature", "properties": {"name": "p7572", "val": 7572}, "geometry": {"type": "Point", "coordinates": [-168, -78]}}, {"type": "Feature", "properties": {"name": "p7573", "val": 7573}, "geometry": {"type": "Point", "coordinates": [-167, -77]}}, {"type": "Feature", "properties": {"name": "p7574", "val": 7574}, "geometry": {"type": "Point", "coordinates": [-166, -76]}}, {"type": "Feature", "properties": {"name": "p7575", "val": 7575}, "geometry": {"type": "Point", "coordinates": [-165, -75]}}, {"type": "Feature", "properties": {"name": "p7576", "val": 7576}, "geometry": {"type": "Point", "coordinates": [-164, -74]}}, {"type": "Feature", "properties": {"name": "p7577", "val": 7577}, "geometry": {"type": "Point", "coordinates": [-163, -73]}}, {"type": "Feature", "properties": {"name": "p7578", "val": 7578}, "geometry": {"type": "Point", "coordinates": [-162, -72]}}, {"type": "Feature", "properties": {"name": "p7579", "val": 7579}, "geometry": {"type": "Point", "coordinates": [-161, -71]}}, {"type": "Feature", "properties": {"name": "p7580", "val": 7580}, "geometry": {"type": "Point", "coordinates": [-160, -70]}}, {"type": "Feature", "properties": {"name": "p7581", "val": 7581}, "geometry": {"type": "Point", "coordinates": [-159, -69]}}, {"type": "Feature", "properties": {"name": "p7582", "val": 7582}, "geometry": {"type": "Point", "coordinates": [-158, -68]}}, {"type": "Feature", "properties": {"name": "p7583", "val": 7583}, "geometry": {"type": "Point", "coordinates": [-157, -67]}}, {"type": "Feature", "properties": {"name": "p7584", "val": 7584}, "geometry": {"type": "Point", "coordinates": [-156, -66]}}, {"type": "Feature", "properties": {"name": "p7585", "val": 7585}, "geometry": {"type": "Point", "coordinates": [-155, -65]}}, {"type": "Feature", "properties": {"name": "p7586", "val": 7586}, "geometry": {"type": "Point", "coordinates": [-154, -64]}}, {"type": "Feature", "properties": {"name": "p7587", "val": 7587}, "geometry": {"type": "Point", "coordinates": [-153, -63]}}, {"type": "Feature", "properties": {"name": "p7588", "val": 7588}, "geometry": {"type": "Point", "coordinates": [-152, -62]}}, {"type": "Feature", "properties": {"name": "p7589", "val": 7589}, "geometry": {"type": "Point", "coordinates": [-151, -61]}}, {"type": "Feature", "properties": {"name": "p7590", "val": 7590}, "geometry": {"type": "Point", "coordinates": [-150, -60]}}, {"type": "Feature", "properties": {"name": "p7591", "val": 7591}, "geometry": {"type": "Point", "coordinates": [-149, -59]}}, {"type": "Feature", "properties": {"name": "p7592", "val": 7592}, "geometry": {"type": "Point", "coordinates": [-148, -58]}}, {"type": "Feature", "properties": {"name": "p7593", "val": 7593}, "geometry": {"type": "Point", "coordinates": [-147, -57]}}, {"type": "Feature", "properties": {"name": "p7594", "val": 7594}, "geometry": {"type": "Point", "coordinates": [-146, -56]}}, {"type": "Feature", "properties": {"name": "p7595", "val": 7595}, "geometry": {"type": "Point", "coordinates": [-145, -55]}}, {"type": "Feature", "properties": {"name": "p7596", "val": 7596}, "geometry": {"type": "Point", "coordinates": [-144, -54]}}, {"type": "Feature", "properties": {"name": "p7597", "val": 7597}, "geometry": {"type": "Point", "coordinates": [-143, -53]}}, {"type": "Feature", "properties": {"name": "p7598", "val": 7598}, "geometry": {"type": "Point", "coordinates": [-142, -52]}}, {"type": "Feature", "properties": {"name": "p7599", "val": 7599}, "geometry": {"type": "Point", "coordinates": [-141, -51]}}, {"type": "Feature", "properties": {"name": "p7600", "val": 7600}, "geometry": {"type": "Point", "coordinates": [-140, -50]}}, {"type": "Feature", "properties": {"name": "p7601", "val": 7601}, "geometry": {"type": "Point", "coordinates": [-139, -49]}}, {"type": "Feature", "properties": {"name": "p7602", "val": 7602}, "geometry": {"type": "Point", "coordinates": [-138, -48]}}, {"type": "Feature", "properties": {"name": "p7603", "val": 7603}, "geometry": {"type": "Point", "coordinates": [-137, -47]}}, {"type": "Feature", "properties": {"name": "p7604", "val": 7604}, "geometry": {"type": "Point", "coordinates": [-136, -46]}}, {"type": "Feature", "properties": {"name": "p7605", "val": 7605}, "geometry": {"type": "Point", "coordinates": [-135, -45]}}, {"type": "Feature", "properties": {"name": "p7606", "val": 7606}, "geometry": {"type": "Point", "coordinates": [-134, -44]}}, {"type": "Feature", "properties": {"name": "p7607", "val": 7607}, "geometry": {"type": "Point", "coordinates": [-133, -43]}}, {"type": "Feature", "properties": {"name": "p7608", "val": 7608}, "geometry": {"type": "Point", "coordinates": [-132, -42]}}, {"type": "Feature", "properties": {"name": "p7609", "val": 7609}, "geometry": {"type": "Point", "coordinates": [-131, -41]}}, {"type": "Feature", "properties": {"name": "p7610", "val": 7610}, "geometry": {"type": "Point", "coordinates": [-130, -40]}}, {"type": "Feature", "properties": {"name": "p7611", "val": 7611}, "geometry": {"type": "Point", "coordinates": [-129, -39]}}, {"type": "Feature", "properties": {"name": "p7612", "val": 7612}, "geometry": {"type": "Point", "coordinates": [-128, -38]}}, {"type": "Feature", "properties": {"name": "p7613", "val": 7613}, "geometry": {"type": "Point", "coordinates": [-127, -37]}}, {"type": "Feature", "properties": {"name": "p7614", "val": 7614}, "geometry": {"type": "Point", "coordinates": [-126, -36]}}, {"type": "Feature", "properties": {"name": "p7615", "val": 7615}, "geometry": {"type": "Point", "coordinates": [-125, -35]}}, {"type": "Feature", "properties": {"name": "p7616", "val": 7616}, "geometry": {"type": "Point", "coordinates": [-124, -34]}}, {"type": "Feature", "properties": {"name": "p7617", "val": 7617}, "geometry": {"type": "Point", "coordinates": [-123, -33]}}, {"type": "Feature", "properties": {"name": "p7618", "val": 7618}, "geometry": {"type": "Point", "coordinates": [-122, -32]}}, {"type": "Feature", "properties": {"name": "p7619", "val": 7619}, "geometry": {"type": "Point", "coordinates": [-121, -31]}}, {"type": "Feature", "properties": {"name": "p7620", "val": 7620}, "geometry": {"type": "Point", "coordinates": [-120, -30]}}, {"type": "Feature", "properties": {"name": "p7621", "val": 7621}, "geometry": {"type": "Point", "coordinates": [-119, -29]}}, {"type": "Feature", "properties": {"name": "p7622", "val": 7622}, "geometry": {"type": "Point", "coordinates": [-118, -28]}}, {"type": "Feature", "properties": {"name": "p7623", "val": 7623}, "geometry": {"type": "Point", "coordinates": [-117, -27]}}, {"type": "Feature", "properties": {"name": "p7624", "val": 7624}, "geometry": {"type": "Point", "coordinates": [-116, -26]}}, {"type": "Feature", "properties": {"name": "p7625", "val": 7625}, "geometry": {"type": "Point", "coordinates": [-115, -25]}}, {"type": "Feature", "properties": {"name": "p7626", "val": 7626}, "geometry": {"type": "Point", "coordinates": [-114, -24]}}, {"type": "Feature", "properties": {"name": "p7627", "val": 7627}, "geometry": {"type": "Point", "coordinates": [-113, -23]}}, {"type": "Feature", "properties": {"name": "p7628", "val": 7628}, "geometry": {"type": "Point", "coordinates": [-112, -22]}}, {"type": "Feature", "properties": {"name": "p7629", "val": 7629}, "geometry": {"type": "Point", "coordinates": [-111, -21]}}, {"type": "Feature", "properties": {"name": "p7630", "val": 7630}, "geometry": {"type": "Point", "coordinates": [-110, -20]}}, {"type": "Feature", "properties": {"name": "p7631", "val": 7631}, "geometry": {"type": "Point", "coordinates": [-109, -19]}}, {"type": "Feature", "properties": {"name": "p7632", "val": 7632}, "geometry": {"type": "Point", "coordinates": [-108, -18]}}, {"type": "Feature", "properties": {"name": "p7633", "val": 7633}, "geometry": {"type": "Point", "coordinates": [-107, -17]}}, {"type": "Feature", "properties": {"name": "p7634", "val": 7634}, "geometry": {"type": "Point", "coordinates": [-106, -16]}}, {"type": "Feature", "properties": {"name": "p7635", "val": 7635}, "geometry": {"type": "Point", "coordinates": [-105, -15]}}, {"type": "Feature", "properties": {"name": "p7636", "val": 7636}, "geometry": {"type": "Point", "coordinates": [-104, -14]}}, {"type": "Feature", "properties": {"name": "p7637", "val": 7637}, "geometry": {"type": "Point", "coordinates": [-103, -13]}}, {"type": "Feature", "properties": {"name": "p7638", "val": 7638}, "geometry": {"type": "Point", "coordinates": [-102, -12]}}, {"type": "Feature", "properties": {"name": "p7639", "val": 7639}, "geometry": {"type": "Point", "coordinates": [-101, -11]}}, {"type": "Feature", "properties": {"name": "p7640", "val": 7640}, "geometry": {"type": "Point", "coordinates": [-100, -10]}}, {"type": "Feature", "properties": {"name": "p7641", "val": 7641}, "geometry": {"type": "Point", "coordinates": [-99, -9]}}, {"type": "Feature", "properties": {"name": "p7642", "val": 7642}, "geometry": {"type": "Point", "coordinates": [-98, -8]}}, {"type": "Feature", "properties": {"name": "p7643", "val": 7643}, "geometry": {"type": "Point", "coordinates": [-97, -7]}}, {"type": "Feature", "properties": {"name": "p7644", "val": 7644}, "geometry": {"type": "Point", "coordinates": [-96, -6]}}, {"type": "Feature", "properties": {"name": "p7645", "val": 7645}, "geometry": {"type": "Point", "coordinates": [-95, -5]}}, {"type": "Feature", "properties": {"name": "p7646", "val": 7646}, "geometry": {"type": "Point", "coordinates": [-94, -4]}}, {"type": "Feature", "properties": {"name": "p7647", "val": 7647}, "geometry": {"type": "Point", "coordinates": [-93, -3]}}, {"type": "Feature", "properties": {"name": "p7648", "val": 7648}, "geometry": {"type": "Point", "coordinates": [-92, -2]}}, {"type": "Feature", "properties": {"name": "p7649", "val": 7649}, "geometry": {"type": "Point", "coordinates": [-91, -1]}}, {"type": "Feature", "properties": {"name": "p7650", "val": 7650}, "geometry": {"type": "Point", "coordinates": [-90, 0]}}, {"type": "Feature", "properties": {"name": "p7651", "val": 7651}, "geometry": {"type": "Point", "coordinates": [-89, 1]}}, {"type": "Feature", "properties": {"name": "p7652", "val": 7652}, "geometry": {"type": "Point", "coordinates": [-88, 2]}}, {"type": "Feature", "properties": {"name": "p7653", "val": 7653}, "geometry": {"type": "Point", "coordinates": [-87, 3]}}, {"type": "Feature", "properties": {"name": "p7654", "val": 7654}, "geometry": {"type": "Point", "coordinates": [-86, 4]}}, {"type": "Feature", "properties": {"name": "p7655", "val": 7655}, "geometry": {"type": "Point", "coordinates": [-85, 5]}}, {"type": "Feature", "properties": {"name": "p7656", "val": 7656}, "geometry": {"type": "Point", "coordinates": [-84, 6]}}, {"type": "Feature", "properties": {"name": "p7657", "val": 7657}, "geometry": {"type": "Point", "coordinates": [-83, 7]}}, {"type": "Feature", "properties": {"name": "p7658", "val": 7658}, "geometry": {"type": "Point", "coordinates": [-82, 8]}}, {"type": "Feature", "properties": {"name": "p7659", "val": 7659}, "geometry": {"type": "Point", "coordinates": [-81, 9]}}, {"type": "Feature", "properties": {"name": "p7660", "val": 7660}, "geometry": {"type": "Point", "coordinates": [-80, 10]}}, {"type": "Feature", "properties": {"name": "p7661", "val": 7661}, "geometry": {"type": "Point", "coordinates": [-79, 11]}}, {"type": "Feature", "properties": {"name": "p7662", "val": 7662}, "geometry": {"type": "Point", "coordinates": [-78, 12]}}, {"type": "Feature", "properties": {"name": "p7663", "val": 7663}, "geometry": {"type": "Point", "coordinates": [-77, 13]}}, {"type": "Feature", "properties": {"name": "p7664", "val": 7664}, "geometry": {"type": "Point", "coordinates": [-76, 14]}}, {"type": "Feature", "properties": {"name": "p7665", "val": 7665}, "geometry": {"type": "Point", "coordinates": [-75, 15]}}, {"type": "Feature", "properties": {"name": "p7666", "val": 7666}, "geometry": {"type": "Point", "coordinates": [-74, 16]}}, {"type": "Feature", "properties": {"name": "p7667", "val": 7667}, "geometry": {"type": "Point", "coordinates": [-73, 17]}}, {"type": "Feature", "properties": {"name": "p7668", "val": 7668}, "geometry": {"type": "Point", "coordinates": [-72, 18]}}, {"type": "Feature", "properties": {"name": "p7669", "val": 7669}, "geometry": {"type": "Point", "coordinates": [-71, 19]}}, {"type": "Feature", "properties": {"name": "p7670", "val": 7670}, "geometry": {"type": "Point", "coordinates": [-70, 20]}}, {"type": "Feature", "properties": {"name": "p7671", "val": 7671}, "geometry": {"type": "Point", "coordinates": [-69, 21]}}, {"type": "Feature", "properties": {"name": "p7672", "val": 7672}, "geometry": {"type": "Point", "coordinates": [-68, 22]}}, {"type": "Feature", "properties": {"name": "p7673", "val": 7673}, "geometry": {"type": "Point", "coordinates": [-67, 23]}}, {"type": "Feature", "properties": {"name": "p7674", "val": 7674}, "geometry": {"type": "Point", "coordinates": [-66, 24]}}, {"type": "Feature", "properties": {"name": "p7675", "val": 7675}, "geometry": {"type": "Point", "coordinates": [-65, 25]}}, {"type": "Feature", "properties": {"name": "p7676", "val": 7676}, "geometry": {"type": "Point", "coordinates": [-64, 26]}}, {"type": "Feature", "properties": {"name": "p7677", "val": 7677}, "geometry": {"type": "Point", "coordinates": [-63, 27]}}, {"type": "Feature", "properties": {"name": "p7678", "val": 7678}, "geometry": {"type": "Point", "coordinates": [-62, 28]}}, {"type": "Feature", "properties": {"name": "p7679", "val": 7679}, "geometry": {"type": "Point", "coordinates": [-61, 29]}}, {"type": "Feature", "properties": {"name": "p7680", "val": 7680}, "geometry": {"type": "Point", "coordinates": [-60, 30]}}, {"type": "Feature", "properties": {"name": "p7681", "val": 7681}, "geometry": {"type": "Point", "coordinates": [-59, 31]}}, {"type": "Feature", "properties": {"name": "p7682", "val": 7682}, "geometry": {"type": "Point", "coordinates": [-58, 32]}}, {"type": "Feature", "properties": {"name": "p7683", "val": 7683}, "geometry": {"type": "Point", "coordinates": [-57, 33]}}, {"type": "Feature", "properties": {"name": "p7684", "val": 7684}, "geometry": {"type": "Point", "coordinates": [-56, 34]}}, {"type": "Feature", "properties": {"name": "p7685", "val": 7685}, "geometry": {"type": "Point", "coordinates": [-55, 35]}}, {"type": "Feature", "properties": {"name": "p7686", "val": 7686}, "geometry": {"type": "Point", "coordinates": [-54, 36]}}, {"type": "Feature", "properties": {"name": "p7687", "val": 7687}, "geometry": {"type": "Point", "coordinates": [-53, 37]}}, {"type": "Feature", "properties": {"name": "p7688", "val": 7688}, "geometry": {"type": "Point", "coordinates": [-52, 38]}}, {"type": "Feature", "properties": {"name": "p7689", "val": 7689}, "geometry": {"type": "Point", "coordinates": [-51, 39]}}, {"type": "Feature", "properties": {"name": "p7690", "val": 7690}, "geometry": {"type": "Point", "coordinates": [-50, 40]}}, {"type": "Feature", "properties": {"name": "p7691", "val": 7691}, "geometry": {"type": "Point", "coordinates": [-49, 41]}}, {"type": "Feature", "properties": {"name": "p7692", "val": 7692}, "geometry": {"type": "Point", "coordinates": [-48, 42]}}, {"type": "Feature", "properties": {"name": "p7693", "val": 7693}, "geometry": {"type": "Point", "coordinates": [-47, 43]}}, {"type": "Feature", "properties": {"name": "p7694", "val": 7694}, "geometry": {"type": "Point", "coordinates": [-46, 44]}}, {"type": "Feature", "properties": {"name": "p7695", "val": 7695}, "geometry": {"type": "Point", "coordinates": [-45, 45]}}, {"type": "Feature", "properties": {"name": "p7696", "val": 7696}, "geometry": {"type": "Point", "coordinates": [-44, 46]}}, {"type": "Feature", "properties": {"name": "p7697", "val": 7697}, "geometry": {"type": "Point", "coordinates": [-43, 47]}}, {"type": "Feature", "properties": {"name": "p7698", "val": 7698}, "geometry": {"type": "Point", "coordinates": [-42, 48]}}, {"type": "Feature", "properties": {"name": "p7699", "val": 7699}, "geometry": {"type": "Point", "coordinates": [-41, 49]}}, {"type": "Feature", "properties": {"name": "p7700", "val": 7700}, "geometry": {"type": "Point", "coordinates": [-40, 50]}}, {"type": "Feature", "properties": {"name": "p7701", "val": 7701}, "geometry": {"type": "Point", "coordinates": [-39, 51]}}, {"type": "Feature", "properties": {"name": "p7702", "val": 7702}, "geometry": {"type": "Point", "coordinates": [-38, 52]}}, {"type": "Feature", "properties": {"name": "p7703", "val": 7703}, "geometry": {"type": "Point", "coordinates": [-37, 53]}}, {"type": "Feature", "properties": {"name": "p7704", "val": 7704}, "geometry": {"type": "Point", "coordinates": [-36, 54]}}, {"type": "Feature", "properties": {"name": "p7705", "val": 7705}, "geometry": {"type": "Point", "coordinates": [-35, 55]}}, {"type": "Feature", "properties": {"name": "p7706", "val": 7706}, "geometry": {"type": "Point", "coordinates": [-34, 56]}}, {"type": "Feature", "properties": {"name": "p7707", "val": 7707}, "geometry": {"type": "Point", "coordinates": [-33, 57]}}, {"type": "Feature", "properties": {"name": "p7708", "val": 7708}, "geometry": {"type": "Point", "coordinates": [-32, 58]}}, {"type": "Feature", "properties": {"name": "p7709", "val": 7709}, "geometry": {"type": "Point", "coordinates": [-31, 59]}}, {"type": "Feature", "properties": {"name": "p7710", "val": 7710}, "geometry": {"type": "Point", "coordinates": [-30, 60]}}, {"type": "Feature", "properties": {"name": "p7711", "val": 7711}, "geometry": {"type": "Point", "coordinates": [-29, 61]}}, {"type": "Feature", "properties": {"name": "p7712", "val": 7712}, "geometry": {"type": "Point", "coordinates": [-28, 62]}}, {"type": "Feature", "properties": {"name": "p7713", "val": 7713}, "geometry": {"type": "Point", "coordinates": [-27, 63]}}, {"type": "Feature", "properties": {"name": "p7714", "val": 7714}, "geometry": {"type": "Point", "coordinates": [-26, 64]}}, {"type": "Feature", "properties": {"name": "p7715", "val": 7715}, "geometry": {"type": "Point", "coordinates": [-25, 65]}}, {"type": "Feature", "properties": {"name": "p7716", "val": 7716}, "geometry": {"type": "Point", "coordinates": [-24, 66]}}, {"type": "Feature", "properties": {"name": "p7717", "val": 7717}, "geometry": {"type": "Point", "coordinates": [-23, 67]}}, {"type": "Feature", "properties": {"name": "p7718", "val": 7718}, "geometry": {"type": "Point", "coordinates": [-22, 68]}}, {"type": "Feature", "properties": {"name": "p7719", "val": 7719}, "geometry": {"type": "Point", "coordinates": [-21, 69]}}, {"type": "Feature", "properties": {"name": "p7720", "val": 7720}, "geometry": {"type": "Point", "coordinates": [-20, 70]}}, {"type": "Feature", "properties": {"name": "p7721", "val": 7721}, "geometry": {"type": "Point", "coordinates": [-19, 71]}}, {"type": "Feature", "properties": {"name": "p7722", "val": 7722}, "geometry": {"type": "Point", "coordinates": [-18, 72]}}, {"type": "Feature", "properties": {"name": "p7723", "val": 7723}, "geometry": {"type": "Point", "coordinates": [-17, 73]}}, {"type": "Feature", "properties": {"name": "p7724", "val": 7724}, "geometry": {"type": "Point", "coordinates": [-16, 74]}}, {"type": "Feature", "properties": {"name": "p7725", "val": 7725}, "geometry": {"type": "Point", "coordinates": [-15, 75]}}, {"type": "Feature", "properties": {"name": "p7726", "val": 7726}, "geometry": {"type": "Point", "coordinates": [-14, 76]}}, {"type": "Feature", "properties": {"name": "p7727", "val": 7727}, "geometry": {"type": "Point", "coordinates": [-13, 77]}}, {"type": "Feature", "properties": {"name": "p7728", "val": 7728}, "geometry": {"type": "Point", "coordinates": [-12, 78]}}, {"type": "Feature", "properties": {"name": "p7729", "val": 7729}, "geometry": {"type": "Point", "coordinates": [-11, 79]}}, {"type": "Feature", "properties": {"name": "p7730", "val": 7730}, "geometry": {"type": "Point", "coordinates": [-10, 80]}}, {"type": "Feature", "properties": {"name": "p7731", "val": 7731}, "geometry": {"type": "Point", "coordinates": [-9, 81]}}, {"type": "Feature", "properties": {"name": "p7732", "val": 7732}, "geometry": {"type": "Point", "coordinates": [-8, 82]}}, {"type": "Feature", "properties": {"name": "p7733", "val": 7733}, "geometry": {"type": "Point", "coordinates": [-7, 83]}}, {"type": "Feature", "properties": {"name": "p7734", "val": 7734}, "geometry": {"type": "Point", "coordinates": [-6, 84]}}, {"type": "Feature", "properties": {"name": "p7735", "val": 7735}, "geometry": {"type": "Point", "coordinates": [-5, 85]}}, {"type": "Feature", "properties": {"name": "p7736", "val": 7736}, "geometry": {"type": "Point", "coordinates": [-4, 86]}}, {"type": "Feature", "properties": {"name": "p7737", "val": 7737}, "geometry": {"type": "Point", "coordinates": [-3, 87]}}, {"type": "Feature", "properties": {"name": "p7738", "val": 7738}, "geometry": {"type": "Point", "coordinates": [-2, 88]}}, {"type": "Feature", "properties": {"name": "p7739", "val": 7739}, "geometry": {"type": "Point", "coordinates": [-1, 89]}}, {"type": "Feature", "properties": {"name": "p7740", "val": 7740}, "geometry": {"type": "Point", "coordinates": [0, -90]}}, {"type": "Feature", "properties": {"name": "p7741", "val": 7741}, "geometry": {"type": "Point", "coordinates": [1, -89]}}, {"type": "Feature", "properties": {"name": "p7742", "val": 7742}, "geometry": {"type": "Point", "coordinates": [2, -88]}}, {"type": "Feature", "properties": {"name": "p7743", "val": 7743}, "geometry": {"type": "Point", "coordinates": [3, -87]}}, {"type": "Feature", "properties": {"name": "p7744", "val": 7744}, "geometry": {"type": "Point", "coordinates": [4, -86]}}, {"type": "Feature", "properties": {"name": "p7745", "val": 7745}, "geometry": {"type": "Point", "coordinates": [5, -85]}}, {"type": "Feature", "properties": {"name": "p7746", "val": 7746}, "geometry": {"type": "Point", "coordinates": [6, -84]}}, {"type": "Feature", "properties": {"name": "p7747", "val": 7747}, "geometry": {"type": "Point", "coordinates": [7, -83]}}, {"type": "Feature", "properties": {"name": "p7748", "val": 7748}, "geometry": {"type": "Point", "coordinates": [8, -82]}}, {"type": "Feature", "properties": {"name": "p7749", "val": 7749}, "geometry": {"type": "Point", "coordinates": [9, -81]}}, {"type": "Feature", "properties": {"name": "p7750", "val": 7750}, "geometry": {"type": "Point", "coordinates": [10, -80]}}, {"type": "Feature", "properties": {"name": "p7751", "val": 7751}, "geometry": {"type": "Point", "coordinates": [11, -79]}}, {"type": "Feature", "properties": {"name": "p7752", "val": 7752}, "geometry": {"type": "Point", "coordinates": [12, -78]}}, {"type": "Feature", "properties": {"name": "p7753", "val": 7753}, "geometry": {"type": "Point", "coordinates": [13, -77]}}, {"type": "Feature", "properties": {"name": "p7754", "val": 7754}, "geometry": {"type": "Point", "coordinates": [14, -76]}}, {"type": "Feature", "properties": {"name": "p7755", "val": 7755}, "geometry": {"type": "Point", "coordinates": [15, -75]}}, {"type": "Feature", "properties": {"name": "p7756", "val": 7756}, "geometry": {"type": "Point", "coordinates": [16, -74]}}, {"type": "Feature", "properties": {"name": "p7757", "val": 7757}, "geometry": {"type": "Point", "coordinates": [17, -73]}}, {"type": "Feature", "properties": {"name": "p7758", "val": 7758}, "geometry": {"type": "Point", "coordinates": [18, -72]}}, {"type": "Feature", "properties": {"name": "p7759", "val": 7759}, "geometry": {"type": "Point", "coordinates": [19, -71]}}, {"type": "Feature", "properties": {"name": "p7760", "val": 7760}, "geometry": {"type": "Point", "coordinates": [20, -70]}}, {"type": "Feature", "properties": {"name": "p7761", "val": 7761}, "geometry": {"type": "Point", "coordinates": [21, -69]}}, {"type": "Feature", "properties": {"name": "p7762", "val": 7762}, "geometry": {"type": "Point", "coordinates": [22, -68]}}, {"type": "Feature", "properties": {"name": "p7763", "val": 7763}, "geometry": {"type": "Point", "coordinates": [23, -67]}}, {"type": "Feature", "properties": {"name": "p7764", "val": 7764}, "geometry": {"type": "Point", "coordinates": [24, -66]}}, {"type": "Feature", "properties": {"name": "p7765", "val": 7765}, "geometry": {"type": "Point", "coordinates": [25, -65]}}, {"type": "Feature", "properties": {"name": "p7766", "val": 7766}, "geometry": {"type": "Point", "coordinates": [26, -64]}}, {"type": "Feature", "properties": {"name": "p7767", "val": 7767}, "geometry": {"type": "Point", "coordinates": [27, -63]}}, {"type": "Feature", "properties": {"name": "p7768", "val": 7768}, "geometry": {"type": "Point", "coordinates": [28, -62]}}, {"type": "Feature", "properties": {"name": "p7769", "val": 7769}, "geometry": {"type": "Point", "coordinates": [29, -61]}}, {"type": "Feature", "properties": {"name": "p7770", "val": 7770}, "geometry": {"type": "Point", "coordinates": [30, -60]}}, {"type": "Feature", "properties": {"name": "p7771", "val": 7771}, "geometry": {"type": "Point", "coordinates": [31, -59]}}, {"type": "Feature", "properties": {"name": "p7772", "val": 7772}, "geometry": {"type": "Point", "coordinates": [32, -58]}}, {"type": "Feature", "properties": {"name": "p7773", "val": 7773}, "geometry": {"type": "Point", "coordinates": [33, -57]}}, {"type": "Feature", "properties": {"name": "p7774", "val": 7774}, "geometry": {"type": "Point", "coordinates": [34, -56]}}, {"type": "Feature", "properties": {"name": "p7775", "val": 7775}, "geometry": {"type": "Point", "coordinates": [35, -55]}}, {"type": "Feature", "properties": {"name": "p7776", "val": 7776}, "geometry": {"type": "Point", "coordinates": [36, -54]}}, {"type": "Feature", "properties": {"name": "p7777", "val": 7777}, "geometry": {"type": "Point", "coordinates": [37, -53]}}, {"type": "Feature", "properties": {"name": "p7778", "val": 7778}, "geometry": {"type": "Point", "coordinates": [38, -52]}}, {"type": "Feature", "properties": {"name": "p7779", "val": 7779}, "geometry": {"type": "Point", "coordinates": [39, -51]}}, {"type": "Feature", "properties": {"name": "p7780", "val": 7780}, "geometry": {"type": "Point", "coordinates": [40, -50]}}, {"type": "Feature", "properties": {"name": "p7781", "val": 7781}, "geometry": {"type": "Point", "coordinates": [41, -49]}}, {"type": "Feature", "properties": {"name": "p7782", "val": 7782}, "geometry": {"type": "Point", "coordinates": [42, -48]}}, {"type": "Feature", "properties": {"name": "p7783", "val": 7783}, "geometry": {"type": "Point", "coordinates": [43, -47]}}, {"type": "Feature", "properties": {"name": "p7784", "val": 7784}, "geometry": {"type": "Point", "coordinates": [44, -46]}}, {"type": "Feature", "properties": {"name": "p7785", "val": 7785}, "geometry": {"type": "Point", "coordinates": [45, -45]}}, {"type": "Feature", "properties": {"name": "p7786", "val": 7786}, "geometry": {"type": "Point", "coordinates": [46, -44]}}, {"type": "Feature", "properties": {"name": "p7787", "val": 7787}, "geometry": {"type": "Point", "coordinates": [47, -43]}}, {"type": "Feature", "properties": {"name": "p7788", "val": 7788}, "geometry": {"type": "Point", "coordinates": [48, -42]}}, {"type": "Feature", "properties": {"name": "p7789", "val": 7789}, "geometry": {"type": "Point", "coordinates": [49, -41]}}, {"type": "Feature", "properties": {"name": "p7790", "val": 7790}, "geometry": {"type": "Point", "coordinates": [50, -40]}}, {"type": "Feature", "properties": {"name": "p7791", "val": 7791}, "geometry": {"type": "Point", "coordinates": [51, -39]}}, {"type": "Feature", "properties": {"name": "p7792", "val": 7792}, "geometry": {"type": "Point", "coordinates": [52, -38]}}, {"type": "Feature", "properties": {"name": "p7793", "val": 7793}, "geometry": {"type": "Point", "coordinates": [53, -37]}}, {"type": "Feature", "properties": {"name": "p7794", "val": 7794}, "geometry": {"type": "Point", "coordinates": [54, -36]}}, {"type": "Feature", "properties": {"name": "p7795", "val": 7795}, "geometry": {"type": "Point", "coordinates": [55, -35]}}, {"type": "Feature", "properties": {"name": "p7796", "val": 7796}, "geometry": {"type": "Point", "coordinates": [56, -34]}}, {"type": "Feature", "properties": {"name": "p7797", "val": 7797}, "geometry": {"type": "Point", "coordinates": [57, -33]}}, {"type": "Feature", "properties": {"name": "p7798", "val": 7798}, "geometry": {"type": "Point", "coordinates": [58, -32]}}, {"type": "Feature", "properties": {"name": "p7799", "val": 7799}, "geometry": {"type": "Point", "coordinates": [59, -31]}}, {"type": "Feature", "properties": {"name": "p7800", "val": 7800}, "geometry": {"type": "Point", "coordinates": [60, -30]}}, {"type": "Feature", "properties": {"name": "p7801", "val": 7801}, "geometry": {"type": "Point", "coordinates": [61, -29]}}, {"type": "Feature", "properties": {"name": "p7802", "val": 7802}, "geometry": {"type": "Point", "coordinates": [62, -28]}}, {"type": "Feature", "properties": {"name": "p7803", "val": 7803}, "geometry": {"type": "Point", "coordinates": [63, -27]}}, {"type": "Feature", "properties": {"name": "p7804", "val": 7804}, "geometry": {"type": "Point", "coordinates": [64, -26]}}, {"type": "Feature", "properties": {"name": "p7805", "val": 7805}, "geometry": {"type": "Point", "coordinates": [65, -25]}}, {"type": "Feature", "properties": {"name": "p7806", "val": 7806}, "geometry": {"type": "Point", "coordinates": [66, -24]}}, {"type": "Feature", "properties": {"name": "p7807", "val": 7807}, "geometry": {"type": "Point", "coordinates": [67, -23]}}, {"type": "Feature", "properties": {"name": "p7808", "val": 7808}, "geometry": {"type": "Point", "coordinates": [68, -22]}}, {"type": "Feature", "properties": {"name": "p7809", "val": 7809}, "geometry": {"type": "Point", "coordinates": [69, -21]}}, {"type": "Feature", "properties": {"name": "p7810", "val": 7810}, "geometry": {"type": "Point", "coordinates": [70, -20]}}, {"type": "Feature", "properties": {"name": "p7811", "val": 7811}, "geometry": {"type": "Point", "coordinates": [71, -19]}}, {"type": "Feature", "properties": {"name": "p7812", "val": 7812}, "geometry": {"type": "Point", "coordinates": [72, -18]}}, {"type": "Feature", "properties": {"name": "p7813", "val": 7813}, "geometry": {"type": "Point", "coordinates": [73, -17]}}, {"type": "Feature", "properties": {"name": "p7814", "val": 7814}, "geometry": {"type": "Point", "coordinates": [74, -16]}}, {"type": "Feature", "properties": {"name": "p7815", "val": 7815}, "geometry": {"type": "Point", "coordinates": [75, -15]}}, {"type": "Feature", "properties": {"name": "p7816", "val": 7816}, "geometry": {"type": "Point", "coordinates": [76, -14]}}, {"type": "Feature", "properties": {"name": "p7817", "val": 7817}, "geometry": {"type": "Point", "coordinates": [77, -13]}}, {"type": "Feature", "properties": {"name": "p7818", "val": 7818}, "geometry": {"type": "Point", "coordinates": [78, -12]}}, {"type": "Feature", "properties": {"name": "p7819", "val": 7819}, "geometry": {"type": "Point", "coordinates": [79, -11]}}, {"type": "Feature", "properties": {"name": "p7820", "val": 7820}, "geometry": {"type": "Point", "coordinates": [80, -10]}}, {"type": "Feature", "properties": {"name": "p7821", "val": 7821}, "geometry": {"type": "Point", "coordinates": [81, -9]}}, {"type": "Feature", "properties": {"name": "p7822", "val": 7822}, "geometry": {"type": "Point", "coordinates": [82, -8]}}, {"type": "Feature", "properties": {"name": "p7823", "val": 7823}, "geometry": {"type": "Point", "coordinates": [83, -7]}}, {"type": "Feature", "properties": {"name": "p7824", "val": 7824}, "geometry": {"type": "Point", "coordinates": [84, -6]}}, {"type": "Feature", "properties": {"name": "p7825", "val": 7825}, "geometry": {"type": "Point", "coordinates": [85, -5]}}, {"type": "Feature", "properties": {"name": "p7826", "val": 7826}, "geometry": {"type": "Point", "coordinates": [86, -4]}}, {"type": "Feature", "properties": {"name": "p7827", "val": 7827}, "geometry": {"type": "Point", "coordinates": [87, -3]}}, {"type": "Feature", "properties": {"name": "p7828", "val": 7828}, "geometry": {"type": "Point", "coordinates": [88, -2]}}, {"type": "Feature", "properties": {"name": "p7829", "val": 7829}, "geometry": {"type": "Point", "coordinates": [89, -1]}}, {"type": "Feature", "properties": {"name": "p7830", "val": 7830}, "geometry": {"type": "Point", "coordinates": [90, 0]}}, {"type": "Feature", "properties": {"name": "p7831", "val": 7831}, "geometry": {"type": "Point", "coordinates": [91, 1]}}, {"type": "Feature", "properties": {"name": "p7832", "val": 7832}, "geometry": {"type": "Point", "coordinates": [92, 2]}}, {"type": "Feature", "properties": {"name": "p7833", "val": 7833}, "geometry": {"type": "Point", "coordinates": [93, 3]}}, {"type": "Feature", "properties": {"name": "p7834", "val": 7834}, "geometry": {"type": "Point", "coordinates": [94, 4]}}, {"type": "Feature", "properties": {"name": "p7835", "val": 7835}, "geometry": {"type": "Point", "coordinates": [95, 5]}}, {"type": "Feature", "properties": {"name": "p7836", "val": 7836}, "geometry": {"type": "Point", "coordinates": [96, 6]}}, {"type": "Feature", "properties": {"name": "p7837", "val": 7837}, "geometry": {"type": "Point", "coordinates": [97, 7]}}, {"type": "Feature", "properties": {"name": "p7838", "val": 7838}, "geometry": {"type": "Point", "coordinates": [98, 8]}}, {"type": "Feature", "properties": {"name": "p7839", "val": 7839}, "geometry": {"type": "Point", "coordinates": [99, 9]}}, {"type": "Feature", "properties": {"name": "p7840", "val": 7840}, "geometry": {"type": "Point", "coordinates": [100, 10]}}, {"type": "Feature", "properties": {"name": "p7841", "val": 7841}, "geometry": {"type": "Point", "coordinates": [101, 11]}}, {"type": "Feature", "properties": {"name": "p7842", "val": 7842}, "geometry": {"type": "Point", "coordinates": [102, 12]}}, {"type": "Feature", "properties": {"name": "p7843", "val": 7843}, "geometry": {"type": "Point", "coordinates": [103, 13]}}, {"type": "Feature", "properties": {"name": "p7844", "val": 7844}, "geometry": {"type": "Point", "coordinates": [104, 14]}}, {"type": "Feature", "properties": {"name": "p7845", "val": 7845}, "geometry": {"type": "Point", "coordinates": [105, 15]}}, {"type": "Feature", "properties": {"name": "p7846", "val": 7846}, "geometry": {"type": "Point", "coordinates": [106, 16]}}, {"type": "Feature", "properties": {"name": "p7847", "val": 7847}, "geometry": {"type": "Point", "coordinates": [107, 17]}}, {"type": "Feature", "properties": {"name": "p7848", "val": 7848}, "geometry": {"type": "Point", "coordinates": [108, 18]}}, {"type": "Feature", "properties": {"name": "p7849", "val": 7849}, "geometry": {"type": "Point", "coordinates": [109, 19]}}, {"type": "Feature", "properties": {"name": "p7850", "val": 7850}, "geometry": {"type": "Point", "coordinates": [110, 20]}}, {"type": "Feature", "properties": {"name": "p7851", "val": 7851}, "geometry": {"type": "Point", "coordinates": [111, 21]}}, {"type": "Feature", "properties": {"name": "p7852", "val": 7852}, "geometry": {"type": "Point", "coordinates": [112, 22]}}, {"type": "Feature", "properties": {"name": "p7853", "val": 7853}, "geometry": {"type": "Point", "coordinates": [113, 23]}}, {"type": "Feature", "properties": {"name": "p7854", "val": 7854}, "geometry": {"type": "Point", "coordinates": [114, 24]}}, {"type": "Feature", "properties": {"name": "p7855", "val": 7855}, "geometry": {"type": "Point", "coordinates": [115, 25]}}, {"type": "Feature", "properties": {"name": "p7856", "val": 7856}, "geometry": {"type": "Point", "coordinates": [116, 26]}}, {"type": "Feature", "properties": {"name": "p7857", "val": 7857}, "geometry": {"type": "Point", "coordinates": [117, 27]}}, {"type": "Feature", "properties": {"name": "p7858", "val": 7858}, "geometry": {"type": "Point", "coordinates": [118, 28]}}, {"type": "Feature", "properties": {"name": "p7859", "val": 7859}, "geometry": {"type": "Point", "coordinates": [119, 29]}}, {"type": "Feature", "properties": {"name": "p7860", "val": 7860}, "geometry": {"type": "Point", "coordinates": [120, 30]}}, {"type": "Feature", "properties": {"name": "p7861", "val": 7861}, "geometry": {"type": "Point", "coordinates": [121, 31]}}, {"type": "Feature", "properties": {"name": "p7862", "val": 7862}, "geometry": {"type": "Point", "coordinates": [122, 32]}}, {"type": "Feature", "properties": {"name": "p7863", "val": 7863}, "geometry": {"type": "Point", "coordinates": [123, 33]}}, {"type": "Feature", "properties": {"name": "p7864", "val": 7864}, "geometry": {"type": "Point", "coordinates": [124, 34]}}, {"type": "Feature", "properties": {"name": "p7865", "val": 7865}, "geometry": {"type": "Point", "coordinates": [125, 35]}}, {"type": "Feature", "properties": {"name": "p7866", "val": 7866}, "geometry": {"type": "Point", "coordinates": [126, 36]}}, {"type": "Feature", "properties": {"name": "p7867", "val": 7867}, "geometry": {"type": "Point", "coordinates": [127, 37]}}, {"type": "Feature", "properties": {"name": "p7868", "val": 7868}, "geometry": {"type": "Point", "coordinates": [128, 38]}}, {"type": "Feature", "properties": {"name": "p7869", "val": 7869}, "geometry": {"type": "Point", "coordinates": [129, 39]}}, {"type": "Feature", "properties": {"name": "p7870", "val": 7870}, "geometry": {"type": "Point", "coordinates": [130, 40]}}, {"type": "Feature", "properties": {"name": "p7871", "val": 7871}, "geometry": {"type": "Point", "coordinates": [131, 41]}}, {"type": "Feature", "properties": {"name": "p7872", "val": 7872}, "geometry": {"type": "Point", "coordinates": [132, 42]}}, {"type": "Feature", "properties": {"name": "p7873", "val": 7873}, "geometry": {"type": "Point", "coordinates": [133, 43]}}, {"type": "Feature", "properties": {"name": "p7874", "val": 7874}, "geometry": {"type": "Point", "coordinates": [134, 44]}}, {"type": "Feature", "properties": {"name": "p7875", "val": 7875}, "geometry": {"type": "Point", "coordinates": [135, 45]}}, {"type": "Feature", "properties": {"name": "p7876", "val": 7876}, "geometry": {"type": "Point", "coordinates": [136, 46]}}, {"type": "Feature", "properties": {"name": "p7877", "val": 7877}, "geometry": {"type": "Point", "coordinates": [137, 47]}}, {"type": "Feature", "properties": {"name": "p7878", "val": 7878}, "geometry": {"type": "Point", "coordinates": [138, 48]}}, {"type": "Feature", "properties": {"name": "p7879", "val": 7879}, "geometry": {"type": "Point", "coordinates": [139, 49]}}, {"type": "Feature", "properties": {"name": "p7880", "val": 7880}, "geometry": {"type": "Point", "coordinates": [140, 50]}}, {"type": "Feature", "properties": {"name": "p7881", "val": 7881}, "geometry": {"type": "Point", "coordinates": [141, 51]}}, {"type": "Feature", "properties": {"name": "p7882", "val": 7882}, "geometry": {"type": "Point", "coordinates": [142, 52]}}, {"type": "Feature", "properties": {"name": "p7883", "val": 7883}, "geometry": {"type": "Point", "coordinates": [143, 53]}}, {"type": "Feature", "properties": {"name": "p7884", "val": 7884}, "geometry": {"type": "Point", "coordinates": [144, 54]}}, {"type": "Feature", "properties": {"name": "p7885", "val": 7885}, "geometry": {"type": "Point", "coordinates": [145, 55]}}, {"type": "Feature", "properties": {"name": "p7886", "val": 7886}, "geometry": {"type": "Point", "coordinates": [146, 56]}}, {"type": "Feature", "properties": {"name": "p7887", "val": 7887}, "geometry": {"type": "Point", "coordinates": [147, 57]}}, {"type": "Feature", "properties": {"name": "p7888", "val": 7888}, "geometry": {"type": "Point", "coordinates": [148, 58]}}, {"type": "Feature", "properties": {"name": "p7889", "val": 7889}, "geometry": {"type": "Point", "coordinates": [149, 59]}}, {"type": "Feature", "properties": {"name": "p7890", "val": 7890}, "geometry": {"type": "Point", "coordinates": [150, 60]}}, {"type": "Feature", "properties": {"name": "p7891", "val": 7891}, "geometry": {"type": "Point", "coordinates": [151, 61]}}, {"type": "Feature", "properties": {"name": "p7892", "val": 7892}, "geometry": {"type": "Point", "coordinates": [152, 62]}}, {"type": "Feature", "properties": {"name": "p7893", "val": 7893}, "geometry": {"type": "Point", "coordinates": [153, 63]}}, {"type": "Feature", "properties": {"name": "p7894", "val": 7894}, "geometry": {"type": "Point", "coordinates": [154, 64]}}, {"type": "Feature", "properties": {"name": "p7895", "val": 7895}, "geometry": {"type": "Point", "coordinates": [155, 65]}}, {"type": "Feature", "properties": {"name": "p7896", "val": 7896}, "geometry": {"type": "Point", "coordinates": [156, 66]}}, {"type": "Feature", "properties": {"name": "p7897", "val": 7897}, "geometry": {"type": "Point", "coordinates": [157, 67]}}, {"type": "Feature", "properties": {"name": "p7898", "val": 7898}, "geometry": {"type": "Point", "coordinates": [158, 68]}}, {"type": "Feature", "properties": {"name": "p7899", "val": 7899}, "geometry": {"type": "Point", "coordinates": [159, 69]}}, {"type": "Feature", "properties": {"name": "p7900", "val": 7900}, "geometry": {"type": "Point", "coordinates": [160, 70]}}, {"type": "Feature", "properties": {"name": "p7901", "val": 7901}, "geometry": {"type": "Point", "coordinates": [161, 71]}}, {"type": "Feature", "properties": {"name": "p7902", "val": 7902}, "geometry": {"type": "Point", "coordinates": [162, 72]}}, {"type": "Feature", "properties": {"name": "p7903", "val": 7903}, "geometry": {"type": "Point", "coordinates": [163, 73]}}, {"type": "Feature", "properties": {"name": "p7904", "val": 7904}, "geometry": {"type": "Point", "coordinates": [164, 74]}}, {"type": "Feature", "properties": {"name": "p7905", "val": 7905}, "geometry": {"type": "Point", "coordinates": [165, 75]}}, {"type": "Feature", "properties": {"name": "p7906", "val": 7906}, "geometry": {"type": "Point", "coordinates": [166, 76]}}, {"type": "Feature", "properties": {"name": "p7907", "val": 7907}, "geometry": {"type": "Point", "coordinates": [167, 77]}}, {"type": "Feature", "properties": {"name": "p7908", "val": 7908}, "geometry": {"type": "Point", "coordinates": [168, 78]}}, {"type": "Feature", "properties": {"name": "p7909", "val": 7909}, "geometry": {"type": "Point", "coordinates": [169, 79]}}, {"type": "Feature", "properties": {"name": "p7910", "val": 7910}, "geometry": {"type": "Point", "coordinates": [170, 80]}}, {"type": "Feature", "properties": {"name": "p7911", "val": 7911}, "geometry": {"type": "Point", "coordinates": [171, 81]}}, {"type": "Feature", "properties": {"name": "p7912", "val": 7912}, "geometry": {"type": "Point", "coordinates": [172, 82]}}, {"type": "Feature", "properties": {"name": "p7913", "val": 7913}, "geometry": {"type": "Point", "coordinates": [173, 83]}}, {"type": "Feature", "properties": {"name": "p7914", "val": 7914}, "geometry": {"type": "Point", "coordinates": [174, 84]}}, {"type": "Feature", "properties": {"name": "p7915", "val": 7915}, "geometry": {"type": "Point", "coordinates": [175, 85]}}, {"type": "Feature", "properties": {"name": "p7916", "val": 7916}, "geometry": {"type": "Point", "coordinates": [176, 86]}}, {"type": "Feature", "properties": {"name": "p7917", "val": 7917}, "geometry": {"type": "Point", "coordinates": [177, 87]}}, {"type": "Feature", "properties": {"name": "p7918", "val": 7918}, "geometry": {"type": "Point", "coordinates": [178, 88]}}, {"type": "Feature", "properties": {"name": "p7919", "val": 7919}, "geometry": {"type": "Point", "coordinates": [179, 89]}}, {"type": "Feature", "properties": {"name": "p7920", "val": 7920}, "geometry": {"type": "Point", "coordinates": [-180, -90]}}, {"type": "Feature", "properties": {"name": "p7921", "val": 7921}, "geometry": {"type": "Point", "coordinates": [-179, -89]}}, {"type": "Feature", "properties": {"name": "p7922", "val": 7922}, "geometry": {"type": "Point", "coordinates": [-178, -88]}}, {"type": "Feature", "properties": {"name": "p7923", "val": 7923}, "geometry": {"type": "Point", "coordinates": [-177, -87]}}, {"type": "Feature", "properties": {"name": "p7924", "val": 7924}, "geometry": {"type": "Point", "coordinates": [-176, -86]}}, {"type": "Feature", "properties": {"name": "p7925", "val": 7925}, "geometry": {"type": "Point", "coordinates": [-175, -85]}}, {"type": "Feature", "properties": {"name": "p7926", "val": 7926}, "geometry": {"type": "Point", "coordinates": [-174, -84]}}, {"type": "Feature", "properties": {"name": "p7927", "val": 7927}, "geometry": {"type": "Point", "coordinates": [-173, -83]}}, {"type": "Feature", "properties": {"name": "p7928", "val": 7928}, "geometry": {"type": "Point", "coordinates": [-172, -82]}}, {"type": "Feature", "properties": {"name": "p7929", "val": 7929}, "geometry": {"type": "Point", "coordinates": [-171, -81]}}, {"type": "Feature", "properties": {"name": "p7930", "val": 7930}, "geometry": {"type": "Point", "coordinates": [-170, -80]}}, {"type": "Feature", "properties": {"name": "p7931", "val": 7931}, "geometry": {"type": "Point", "coordinates": [-169, -79]}}, {"type": "Feature", "properties": {"name": "p7932", "val": 7932}, "geometry": {"type": "Point", "coordinates": [-168, -78]}}, {"type": "Feature", "properties": {"name": "p7933", "val": 7933}, "geometry": {"type": "Point", "coordinates": [-167, -77]}}, {"type": "Feature", "properties": {"name": "p7934", "val": 7934}, "geometry": {"type": "Point", "coordinates": [-166, -76]}}, {"type": "Feature", "properties": {"name": "p7935", "val": 7935}, "geometry": {"type": "Point", "coordinates": [-165, -75]}}, {"type": "Feature", "properties": {"name": "p7936", "val": 7936}, "geometry": {"type": "Point", "coordinates": [-164, -74]}}, {"type": "Feature", "properties": {"name": "p7937", "val": 7937}, "geometry": {"type": "Point", "coordinates": [-163, -73]}}, {"type": "Feature", "properties": {"name": "p7938", "val": 7938}, "geometry": {"type": "Point", "coordinates": [-162, -72]}}, {"type": "Feature", "properties": {"name": "p7939", "val": 7939}, "geometry": {"type": "Point", "coordinates": [-161, -71]}}, {"type": "Feature", "properties": {"name": "p7940", "val": 7940}, "geometry": {"type": "Point", "coordinates": [-160, -70]}}, {"type": "Feature", "properties": {"name": "p7941", "val": 7941}, "geometry": {"type": "Point", "coordinates": [-159, -69]}}, {"type": "Feature", "properties": {"name": "p7942", "val": 7942}, "geometry": {"type": "Point", "coordinates": [-158, -68]}}, {"type": "Feature", "properties": {"name": "p7943", "val": 7943}, "geometry": {"type": "Point", "coordinates": [-157, -67]}}, {"type": "Feature", "properties": {"name": "p7944", "val": 7944}, "geometry": {"type": "Point", "coordinates": [-156, -66]}}, {"type": "Feature", "properties": {"name": "p7945", "val": 7945}, "geometry": {"type": "Point", "coordinates": [-155, -65]}}, {"type": "Feature", "properties": {"name": "p7946", "val": 7946}, "geometry": {"type": "Point", "coordinates": [-154, -64]}}, {"type": "Feature", "properties": {"name": "p7947", "val": 7947}, "geometry": {"type": "Point", "coordinates": [-153, -63]}}, {"type": "Feature", "properties": {"name": "p7948", "val": 7948}, "geometry": {"type": "Point", "coordinates": [-152, -62]}}, {"type": "Feature", "properties": {"name": "p7949", "val": 7949}, "geometry": {"type": "Point", "coordinates": [-151, -61]}}, {"type": "Feature", "properties": {"name": "p7950", "val": 7950}, "geometry": {"type": "Point", "coordinates": [-150, -60]}}, {"type": "Feature", "properties": {"name": "p7951", "val": 7951}, "geometry": {"type": "Point", "coordinates": [-149, -59]}}, {"type": "Feature", "properties": {"name": "p7952", "val": 7952}, "geometry": {"type": "Point", "coordinates": [-148, -58]}}, {"type": "Feature", "properties": {"name": "p7953", "val": 7953}, "geometry": {"type": "Point", "coordinates": [-147, -57]}}, {"type": "Feature", "properties": {"name": "p7954", "val": 7954}, "geometry": {"type": "Point", "coordinates": [-146, -56]}}, {"type": "Feature", "properties": {"name": "p7955", "val": 7955}, "geometry": {"type": "Point", "coordinates": [-145, -55]}}, {"type": "Feature", "properties": {"name": "p7956", "val": 7956}, "geometry": {"type": "Point", "coordinates": [-144, -54]}}, {"type": "Feature", "properties": {"name": "p7957", "val": 7957}, "geometry": {"type": "Point", "coordinates": [-143, -53]}}, {"type": "Feature", "properties": {"name": "p7958", "val": 7958}, "geometry": {"type": "Point", "coordinates": [-142, -52]}}, {"type": "Feature", "properties": {"name": "p7959", "val": 7959}, "geometry": {"type": "Point", "coordinates": [-141, -51]}}, {"type": "Feature", "properties": {"name": "p7960", "val": 7960}, "geometry": {"type": "Point", "coordinates": [-140, -50]}}, {"type": "Feature", "properties": {"name": "p7961", "val": 7961}, "geometry": {"type": "Point", "coordinates": [-139, -49]}}, {"type": "Feature", "properties": {"name": "p7962", "val": 7962}, "geometry": {"type": "Point", "coordinates": [-138, -48]}}, {"type": "Feature", "properties": {"name": "p7963", "val": 7963}, "geometry": {"type": "Point", "coordinates": [-137, -47]}}, {"type": "Feature", "properties": {"name": "p7964", "val": 7964}, "geometry": {"type": "Point", "coordinates": [-136, -46]}}, {"type": "Feature", "properties": {"name": "p7965", "val": 7965}, "geometry": {"type": "Point", "coordinates": [-135, -45]}}, {"type": "Feature", "properties": {"name": "p7966", "val": 7966}, "geometry": {"type": "Point", "coordinates": [-134, -44]}}, {"type": "Feature", "properties": {"name": "p7967", "val": 7967}, "geometry": {"type": "Point", "coordinates": [-133, -43]}}, {"type": "Feature", "properties": {"name": "p7968", "val": 7968}, "geometry": {"type": "Point", "coordinates": [-132, -42]}}, {"type": "Feature", "properties": {"name": "p7969", "val": 7969}, "geometry": {"type": "Point", "coordinates": [-131, -41]}}, {"type": "Feature", "properties": {"name": "p7970", "val": 7970}, "geometry": {"type": "Point", "coordinates": [-130, -40]}}, {"type": "Feature", "properties": {"name": "p7971", "val": 7971}, "geometry": {"type": "Point", "coordinates": [-129, -39]}}, {"type": "Feature", "properties": {"name": "p7972", "val": 7972}, "geometry": {"type": "Point", "coordinates": [-128, -38]}}, {"type": "Feature", "properties": {"name": "p7973", "val": 7973}, "geometry": {"type": "Point", "coordinates": [-127, -37]}}, {"type": "Feature", "properties": {"name": "p7974", "val": 7974}, "geometry": {"type": "Point", "coordinates": [-126, -36]}}, {"type": "Feature", "properties": {"name": "p7975", "val": 7975}, "geometry": {"type": "Point", "coordinates": [-125, -35]}}, {"type": "Feature", "properties": {"name": "p7976", "val": 7976}, "geometry": {"type": "Point", "coordinates": [-124, -34]}}, {"type": "Feature", "properties": {"name": "p7977", "val": 7977}, "geometry": {"type": "Point", "coordinates": [-123, -33]}}, {"type": "Feature", "properties": {"name": "p7978", "val": 7978}, "geometry": {"type": "Point", "coordinates": [-122, -32]}}, {"type": "Feature", "properties": {"name": "p7979", "val": 7979}, "geometry": {"type": "Point", "coordinates": [-121, -31]}}, {"type": "Feature", "properties": {"name": "p7980", "val": 7980}, "geometry": {"type": "Point", "coordinates": [-120, -30]}}, {"type": "Feature", "properties": {"name": "p7981", "val": 7981}, "geometry": {"type": "Point", "coordinates": [-119, -29]}}, {"type": "Feature", "properties": {"name": "p7982", "val": 7982}, "geometry": {"type": "Point", "coordinates": [-118, -28]}}, {"type": "Feature", "properties": {"name": "p7983", "val": 7983}, "geometry": {"type": "Point", "coordinates": [-117, -27]}}, {"type": "Feature", "properties": {"name": "p7984", "val": 7984}, "geometry": {"type": "Point", "coordinates": [-116, -26]}}, {"type": "Feature", "properties": {"name": "p7985", "val": 7985}, "geometry": {"type": "Point", "coordinates": [-115, -25]}}, {"type": "Feature", "properties": {"name": "p7986", "val": 7986}, "geometry": {"type": "Point", "coordinates": [-114, -24]}}, {"type": "Feature", "properties": {"name": "p7987", "val": 7987}, "geometry": {"type": "Point", "coordinates": [-113, -23]}}, {"type": "Feature", "properties": {"name": "p7988", "val": 7988}, "geometry": {"type": "Point", "coordinates": [-112, -22]}}, {"type": "Feature", "properties": {"name": "p7989", "val": 7989}, "geometry": {"type": "Point", "coordinates": [-111, -21]}}, {"type": "Feature", "properties": {"name": "p7990", "val": 7990}, "geometry": {"type": "Point", "coordinates": [-110, -20]}}, {"type": "Feature", "properties": {"name": "p7991", "val": 7991}, "geometry": {"type": "Point", "coordinates": [-109, -19]}}, {"type": "Feature", "properties": {"name": "p7992", "val": 7992}, "geometry": {"type": "Point", "coordinates": [-108, -18]}}, {"type": "Feature", "properties": {"name": "p7993", "val": 7993}, "geometry": {"type": "Point", "coordinates": [-107, -17]}}, {"type": "Feature", "properties": {"name": "p7994", "val": 7994}, "geometry": {"type": "Point", "coordinates": [-106, -16]}}, {"type": "Feature", "properties": {"name": "p7995", "val": 7995}, "geometry": {"type": "Point", "coordinates": [-105, -15]}}, {"type": "Feature", "properties": {"name": "p7996", "val": 7996}, "geometry": {"type": "Point", "coordinates": [-104, -14]}}, {"type": "Feature", "properties": {"name": "p7997", "val": 7997}, "geometry": {"type": "Point", "coordinates": [-103, -13]}}, {"type": "Feature", "properties": {"name": "p7998", "val": 7998}, "geometry": {"type": "Point", "coordinates": [-102, -12]}}, {"type": "Feature", "properties": {"name": "p7999", "val": 7999}, "geometry": {"type": "Point", "coordinates": [-101, -11]}}]}